{ "editorVersion": 5.0, "instances": [ { "layer": 0.0, "deleted": 0.0, "variables": { "x": 256.0, "y": 128.0, "image_xscale": 1.0, "image_yscale": 1.0, "flipX": 0.0, "flipY": 0.0 }, "object": 248.0 }, { "layer": 0.0, "deleted": 0.0, "variables": { "x": 3360.0, "flipX": 0.0, "y": 224.0, "flipY": 0.0 }, "object": 816.0 }, { "layer": 0.0, "deleted": 0.0, "variables": { "x": 192.0, "y": 256.0, "image_xscale": 11.0, "image_yscale": 3.0, "flipX": 0.0, "flipY": 0.0 }, "object": 517.0 }, { "layer": 0.0, "deleted": 0.0, "variables": { "x": 256.0, "flipX": 0.0, "y": 224.0, "flipY": 0.0 }, "object": 816.0 }, { "layer": 0.0, "deleted": 0.0, "variables": { "x": 96.0, "y": 160.0, "image_xscale": 3.0, "image_yscale": 6.0, "flipX": 0.0, "flipY": 0.0 }, "object": 517.0 }, { "layer": 0.0, "deleted": 0.0, "variables": { "x": 3296.0, "y": 256.0, "image_xscale": 13.0, "image_yscale": 3.0, "flipX": 0.0, "flipY": 0.0 }, "object": 517.0 }, { "layer": 0.0, "deleted": 0.0, "variables": { "x": 352.0, "flipX": 0.0, "y": 224.0, "flipY": 0.0 }, "object": 816.0 }, { "layer": 0.0, "deleted": 0.0, "variables": { "x": 2016.0, "y": 256.0, "image_xscale": 40.0, "image_yscale": 1.0, "flipX": 0.0, "flipY": 0.0 }, "object": 743.0 }, { "layer": 0.0, "deleted": 0.0, "variables": { "x": 1952.0, "flipX": 0.0, "y": 224.0, "flipY": 0.0 }, "object": 816.0 }, { "layer": 0.0, "deleted": 0.0, "variables": { "x": 1856.0, "flipX": 0.0, "y": 224.0, "flipY": 0.0 }, "object": 816.0 }, { "layer": 0.0, "deleted": 0.0, "variables": { "x": 1696.0, "y": 256.0, "image_xscale": 10.0, "image_yscale": 3.0, "flipX": 0.0, "flipY": 0.0 }, "object": 517.0 }, { "layer": 0.0, "deleted": 0.0, "variables": { "x": 448.0, "flipX": 0.0, "y": 224.0, "flipY": 0.0 }, "object": 816.0 }, { "layer": 0.0, "deleted": 0.0, "variables": { "x": 1760.0, "flipX": 0.0, "y": 224.0, "flipY": 0.0 }, "object": 816.0 }, { "layer": 0.0, "deleted": 0.0, "variables": { "x": 5024.0, "flipX": 0.0, "y": 96.0, "flipY": 0.0 }, "object": 752.0 }, { "layer": 0.0, "deleted": 0.0, "variables": { "x": 544.0, "y": 256.0, "image_xscale": 36.0, "image_yscale": 1.0, "flipX": 0.0, "flipY": 0.0 }, "object": 743.0 }, { "layer": 0.0, "deleted": 0.0, "variables": { "x": 3456.0, "flipX": 0.0, "y": 224.0, "flipY": 0.0 }, "object": 816.0 }, { "layer": 0.0, "deleted": 0.0, "variables": { "x": 3552.0, "flipX": 0.0, "y": 224.0, "flipY": 0.0 }, "object": 816.0 }, { "layer": 0.0, "deleted": 0.0, "variables": { "x": 3648.0, "flipX": 0.0, "y": 224.0, "flipY": 0.0 }, "object": 816.0 }, { "layer": 0.0, "deleted": 0.0, "variables": { "x": 2400.0, "flipX": 0.0, "y": 192.0, "flipY": 0.0 }, "object": 752.0 }, { "layer": 0.0, "deleted": 0.0, "variables": { "x": 2432.0, "flipX": 0.0, "y": 224.0, "flipY": 0.0 }, "object": 752.0 }, { "layer": 0.0, "deleted": 0.0, "variables": { "x": 2464.0, "flipX": 0.0, "y": 192.0, "flipY": 0.0 }, "object": 752.0 }, { "layer": 0.0, "deleted": 0.0, "variables": { "x": 2496.0, "flipX": 0.0, "y": 224.0, "flipY": 0.0 }, "object": 752.0 }, { "layer": 0.0, "deleted": 0.0, "variables": { "x": 2528.0, "flipX": 0.0, "y": 192.0, "flipY": 0.0 }, "object": 752.0 }, { "layer": 0.0, "deleted": 0.0, "variables": { "x": 2560.0, "flipX": 0.0, "y": 224.0, "flipY": 0.0 }, "object": 752.0 }, { "layer": 0.0, "deleted": 0.0, "variables": { "x": 2592.0, "flipX": 0.0, "y": 192.0, "flipY": 0.0 }, "object": 752.0 }, { "layer": 0.0, "deleted": 0.0, "variables": { "x": 2624.0, "flipX": 0.0, "y": 224.0, "flipY": 0.0 }, "object": 752.0 }, { "layer": 0.0, "deleted": 0.0, "variables": { "x": 2656.0, "flipX": 0.0, "y": 192.0, "flipY": 0.0 }, "object": 752.0 }, { "layer": 0.0, "deleted": 0.0, "variables": { "x": 2688.0, "flipX": 0.0, "y": 224.0, "flipY": 0.0 }, "object": 752.0 }, { "layer": 0.0, "deleted": 0.0, "variables": { "x": 3712.0, "y": 256.0, "image_xscale": 35.0, "image_yscale": 1.0, "flipX": 0.0, "flipY": 0.0 }, "object": 743.0 }, { "layer": 0.0, "deleted": 0.0, "variables": { "x": 4096.0, "y": 128.0, "image_xscale": 45.0, "image_yscale": 1.0, "flipX": 0.0, "flipY": 0.0 }, "object": 743.0 }, { "layer": 0.0, "deleted": 0.0, "variables": { "x": 4576.0, "y": 64.0, "image_xscale": 1.0, "image_yscale": 1.0, "flipX": 0.0, "flipY": 0.0 }, "object": 763.0 }, { "layer": 0.0, "deleted": 0.0, "variables": { "x": 4416.0, "flipX": 0.0, "y": 64.0, "flipY": 0.0 }, "object": 763.0 }, { "layer": 0.0, "deleted": 0.0, "variables": { "x": 7360.0, "y": 32.0, "image_xscale": 1.0, "image_yscale": 1.0, "secret": "true", "flipX": 0.0, "flipY": 0.0 }, "object": 98.0 }, { "layer": 0.0, "deleted": 0.0, "variables": { "x": 5056.0, "flipX": 0.0, "y": 64.0, "flipY": 0.0 }, "object": 752.0 }, { "layer": 0.0, "deleted": 0.0, "variables": { "x": 5088.0, "flipX": 0.0, "y": 96.0, "flipY": 0.0 }, "object": 752.0 }, { "layer": 0.0, "deleted": 0.0, "variables": { "x": 5120.0, "flipX": 0.0, "y": 64.0, "flipY": 0.0 }, "object": 752.0 }, { "layer": 0.0, "deleted": 0.0, "variables": { "x": 5152.0, "flipX": 0.0, "y": 96.0, "flipY": 0.0 }, "object": 752.0 }, { "layer": 0.0, "deleted": 0.0, "variables": { "x": 5184.0, "flipX": 0.0, "y": 64.0, "flipY": 0.0 }, "object": 752.0 }, { "layer": 0.0, "deleted": 0.0, "variables": { "x": 5216.0, "flipX": 0.0, "y": 96.0, "flipY": 0.0 }, "object": 752.0 }, { "layer": 0.0, "deleted": 0.0, "variables": { "x": 5248.0, "flipX": 0.0, "y": 64.0, "flipY": 0.0 }, "object": 752.0 }, { "layer": 0.0, "deleted": 0.0, "variables": { "x": 5280.0, "flipX": 0.0, "y": 96.0, "flipY": 0.0 }, "object": 752.0 }, { "layer": 0.0, "deleted": 0.0, "variables": { "x": 5312.0, "flipX": 0.0, "y": 64.0, "flipY": 0.0 }, "object": 752.0 }, { "layer": 0.0, "deleted": 0.0, "variables": { "x": 1152.0, "flipX": 0.0, "y": 160.0, "flipY": 0.0 }, "object": 763.0 }, { "layer": 0.0, "deleted": 0.0, "variables": { "x": 5536.0, "y": 128.0, "image_xscale": 38.0, "image_yscale": 4.0, "flipX": 0.0, "flipY": 0.0 }, "object": 517.0 }, { "layer": 0.0, "deleted": 0.0, "variables": { "x": 6560.0, "y": 32.0, "image_xscale": 1.0, "image_yscale": 1.0, "flipX": 0.0, "flipY": 0.0 }, "object": 362.0 }, { "layer": 0.0, "deleted": 0.0, "variables": { "x": 5600.0, "flipX": 0.0, "y": 96.0, "flipY": 0.0 }, "object": 816.0 }, { "layer": 0.0, "deleted": 0.0, "variables": { "x": 5696.0, "flipX": 0.0, "y": 96.0, "flipY": 0.0 }, "object": 816.0 }, { "layer": 0.0, "deleted": 0.0, "variables": { "x": 5792.0, "flipX": 0.0, "y": 96.0, "flipY": 0.0 }, "object": 816.0 }, { "layer": 0.0, "deleted": 0.0, "variables": { "x": 5888.0, "flipX": 0.0, "y": 96.0, "flipY": 0.0 }, "object": 816.0 }, { "layer": 0.0, "deleted": 0.0, "variables": { "x": 5984.0, "flipX": 0.0, "y": 96.0, "flipY": 0.0 }, "object": 816.0 }, { "layer": 0.0, "deleted": 0.0, "variables": { "x": 6080.0, "flipX": 0.0, "y": 96.0, "flipY": 0.0 }, "object": 816.0 }, { "layer": 0.0, "deleted": 0.0, "variables": { "x": 6176.0, "flipX": 0.0, "y": 96.0, "flipY": 0.0 }, "object": 816.0 }, { "layer": 0.0, "deleted": 0.0, "variables": { "x": 6272.0, "flipX": 0.0, "y": 96.0, "flipY": 0.0 }, "object": 816.0 }, { "layer": 0.0, "deleted": 0.0, "variables": { "x": 6368.0, "flipX": 0.0, "y": 96.0, "flipY": 0.0 }, "object": 816.0 }, { "layer": 0.0, "deleted": 0.0, "variables": { "x": 6464.0, "flipX": 0.0, "y": 96.0, "flipY": 0.0 }, "object": 816.0 }, { "layer": 0.0, "deleted": 1.0, "variables": { "x": 6560.0, "flipX": 0.0, "y": 96.0, "flipY": 0.0 }, "object": 816.0 } ], "tile_data": { "4": { "1792_192": { "autotile": 0.0, "autotile_index": 0.0, "tileset": "tile_secret", "coord": [ 3.0, 16.0 ] }, "3424_192": { "autotile": 0.0, "autotile_index": 0.0, "tileset": "tile_secret", "coord": [ 2.0, 21.0 ] }, "1792_256": { "autotile": 0.0, "autotile_index": 0.0, "tileset": "tile_secret", "coord": [ 4.0, 25.0 ] }, "1856_320": { "autotile": 0.0, "autotile_index": 0.0, "tileset": "tile_secret", "coord": [ 6.0, 27.0 ] }, "6496_288": { "autotile": 0.0, "autotile_index": 0.0, "tileset": "tile_secret", "coord": [ 2.0, 26.0 ] }, "6656_192": { "autotile": 0.0, "autotile_index": 0.0, "tileset": "tile_secret", "coord": [ 0.0, 31.0 ] }, "1792_288": { "autotile": 0.0, "autotile_index": 0.0, "tileset": "tile_secret", "coord": [ 4.0, 26.0 ] }, "3520_288": { "autotile": 0.0, "autotile_index": 0.0, "tileset": "tile_secret", "coord": [ 0.0, 30.0 ] }, "5920_256": { "autotile": 0.0, "autotile_index": 0.0, "tileset": "tile_secret", "coord": [ 8.0, 23.0 ] }, "3424_128": { "autotile": 0.0, "autotile_index": 0.0, "tileset": "tile_secret", "coord": [ 2.0, 19.0 ] }, "96_96": { "autotile": 0.0, "autotile_index": 0.0, "tileset": "tile_secret", "coord": [ 4.0, 17.0 ] }, "1888_256": { "autotile": 0.0, "autotile_index": 0.0, "tileset": "tile_secret", "coord": [ 7.0, 25.0 ] }, "5824_256": { "autotile": 0.0, "autotile_index": 0.0, "tileset": "tile_secret", "coord": [ 5.0, 23.0 ] }, "3328_288": { "autotile": 0.0, "autotile_index": 0.0, "tileset": "tile_secret", "coord": [ 2.0, 28.0 ] }, "6176_160": { "autotile": 0.0, "autotile_index": 0.0, "tileset": "tile_secret", "coord": [ 1.0, 28.0 ] }, "3552_224": { "autotile": 0.0, "autotile_index": 0.0, "tileset": "tile_secret", "coord": [ 6.0, 22.0 ] }, "416_288": { "autotile": 0.0, "autotile_index": 0.0, "tileset": "tile_secret", "coord": [ 9.0, 25.0 ] }, "6688_192": { "autotile": 0.0, "autotile_index": 0.0, "tileset": "tile_secret", "coord": [ 1.0, 31.0 ] }, "3488_192": { "autotile": 0.0, "autotile_index": 0.0, "tileset": "tile_secret", "coord": [ 4.0, 21.0 ] }, "6528_256": { "autotile": 0.0, "autotile_index": 0.0, "tileset": "tile_secret", "coord": [ 3.0, 25.0 ] }, "3520_224": { "autotile": 0.0, "autotile_index": 0.0, "tileset": "tile_secret", "coord": [ 5.0, 22.0 ] }, "3456_192": { "autotile": 0.0, "autotile_index": 0.0, "tileset": "tile_secret", "coord": [ 3.0, 21.0 ] }, "128_288": { "autotile": 0.0, "autotile_index": 0.0, "tileset": "tile_secret", "coord": [ 9.0, 26.0 ] }, "3456_224": { "autotile": 0.0, "autotile_index": 0.0, "tileset": "tile_secret", "coord": [ 3.0, 22.0 ] }, "3520_128": { "autotile": 0.0, "autotile_index": 0.0, "tileset": "tile_secret", "coord": [ 5.0, 19.0 ] }, "5728_192": { "autotile": 0.0, "autotile_index": 0.0, "tileset": "tile_secret", "coord": [ 3.0, 31.0 ] }, "6464_288": { "autotile": 0.0, "autotile_index": 0.0, "tileset": "tile_secret", "coord": [ 1.0, 26.0 ] }, "5760_256": { "autotile": 0.0, "autotile_index": 0.0, "tileset": "tile_secret", "coord": [ 3.0, 23.0 ] }, "3360_320": { "autotile": 0.0, "autotile_index": 0.0, "tileset": "tile_secret", "coord": [ 3.0, 29.0 ] }, "3424_224": { "autotile": 0.0, "autotile_index": 0.0, "tileset": "tile_secret", "coord": [ 2.0, 22.0 ] }, "3360_256": { "autotile": 0.0, "autotile_index": 0.0, "tileset": "tile_secret", "coord": [ 3.0, 27.0 ] }, "1760_192": { "autotile": 0.0, "autotile_index": 0.0, "tileset": "tile_secret", "coord": [ 2.0, 16.0 ] }, "5888_288": { "autotile": 0.0, "autotile_index": 0.0, "tileset": "tile_secret", "coord": [ 7.0, 24.0 ] }, "6496_256": { "autotile": 0.0, "autotile_index": 0.0, "tileset": "tile_secret", "coord": [ 2.0, 25.0 ] }, "1824_288": { "autotile": 0.0, "autotile_index": 0.0, "tileset": "tile_secret", "coord": [ 5.0, 26.0 ] }, "3552_288": { "autotile": 0.0, "autotile_index": 0.0, "tileset": "tile_secret", "coord": [ 1.0, 30.0 ] }, "3552_256": { "autotile": 0.0, "autotile_index": 0.0, "tileset": "tile_secret", "coord": [ 1.0, 29.0 ] }, "6688_224": { "autotile": 0.0, "autotile_index": 0.0, "tileset": "tile_secret", "coord": [ 1.0, 32.0 ] }, "6176_128": { "autotile": 0.0, "autotile_index": 0.0, "tileset": "tile_secret", "coord": [ 1.0, 27.0 ] }, "3520_160": { "autotile": 0.0, "autotile_index": 0.0, "tileset": "tile_secret", "coord": [ 5.0, 20.0 ] }, "3456_128": { "autotile": 0.0, "autotile_index": 0.0, "tileset": "tile_secret", "coord": [ 3.0, 19.0 ] }, "1856_256": { "autotile": 0.0, "autotile_index": 0.0, "tileset": "tile_secret", "coord": [ 6.0, 25.0 ] }, "5856_256": { "autotile": 0.0, "autotile_index": 0.0, "tileset": "tile_secret", "coord": [ 6.0, 23.0 ] }, "384_288": { "autotile": 0.0, "autotile_index": 0.0, "tileset": "tile_secret", "coord": [ 8.0, 25.0 ] }, "1856_288": { "autotile": 0.0, "autotile_index": 0.0, "tileset": "tile_secret", "coord": [ 6.0, 26.0 ] }, "6656_224": { "autotile": 0.0, "autotile_index": 0.0, "tileset": "tile_secret", "coord": [ 0.0, 32.0 ] }, "3424_160": { "autotile": 0.0, "autotile_index": 0.0, "tileset": "tile_secret", "coord": [ 2.0, 20.0 ] }, "3552_192": { "autotile": 0.0, "autotile_index": 0.0, "tileset": "tile_secret", "coord": [ 6.0, 21.0 ] }, "1824_256": { "autotile": 0.0, "autotile_index": 0.0, "tileset": "tile_secret", "coord": [ 5.0, 25.0 ] }, "3488_224": { "autotile": 0.0, "autotile_index": 0.0, "tileset": "tile_secret", "coord": [ 4.0, 22.0 ] }, "6144_160": { "autotile": 0.0, "autotile_index": 0.0, "tileset": "tile_secret", "coord": [ 0.0, 28.0 ] }, "5728_160": { "autotile": 0.0, "autotile_index": 0.0, "tileset": "tile_secret", "coord": [ 3.0, 30.0 ] }, "5792_288": { "autotile": 0.0, "autotile_index": 0.0, "tileset": "tile_secret", "coord": [ 4.0, 24.0 ] }, "1792_320": { "autotile": 0.0, "autotile_index": 0.0, "tileset": "tile_secret", "coord": [ 4.0, 27.0 ] }, "3552_160": { "autotile": 0.0, "autotile_index": 0.0, "tileset": "tile_secret", "coord": [ 6.0, 20.0 ] }, "96_320": { "autotile": 0.0, "autotile_index": 0.0, "tileset": "tile_secret", "coord": [ 8.0, 27.0 ] }, "3328_256": { "autotile": 0.0, "autotile_index": 0.0, "tileset": "tile_secret", "coord": [ 2.0, 27.0 ] }, "6528_288": { "autotile": 0.0, "autotile_index": 0.0, "tileset": "tile_secret", "coord": [ 3.0, 26.0 ] }, "5920_288": { "autotile": 0.0, "autotile_index": 0.0, "tileset": "tile_secret", "coord": [ 8.0, 24.0 ] }, "1888_288": { "autotile": 0.0, "autotile_index": 0.0, "tileset": "tile_secret", "coord": [ 7.0, 26.0 ] }, "128_320": { "autotile": 0.0, "autotile_index": 0.0, "tileset": "tile_secret", "coord": [ 9.0, 27.0 ] }, "6432_288": { "autotile": 0.0, "autotile_index": 0.0, "tileset": "tile_secret", "coord": [ 0.0, 26.0 ] }, "1824_320": { "autotile": 0.0, "autotile_index": 0.0, "tileset": "tile_secret", "coord": [ 5.0, 27.0 ] }, "3488_160": { "autotile": 0.0, "autotile_index": 0.0, "tileset": "tile_secret", "coord": [ 4.0, 20.0 ] }, "3552_128": { "autotile": 0.0, "autotile_index": 0.0, "tileset": "tile_secret", "coord": [ 6.0, 19.0 ] }, "96_128": { "autotile": 0.0, "autotile_index": 0.0, "tileset": "tile_secret", "coord": [ 4.0, 18.0 ] }, "5696_192": { "autotile": 0.0, "autotile_index": 0.0, "tileset": "tile_secret", "coord": [ 2.0, 31.0 ] }, "1760_224": { "autotile": 0.0, "autotile_index": 0.0, "tileset": "tile_secret", "coord": [ 2.0, 17.0 ] }, "6464_256": { "autotile": 0.0, "autotile_index": 0.0, "tileset": "tile_secret", "coord": [ 1.0, 25.0 ] }, "5792_256": { "autotile": 0.0, "autotile_index": 0.0, "tileset": "tile_secret", "coord": [ 4.0, 23.0 ] }, "5696_160": { "autotile": 0.0, "autotile_index": 0.0, "tileset": "tile_secret", "coord": [ 2.0, 30.0 ] }, "3520_256": { "autotile": 0.0, "autotile_index": 0.0, "tileset": "tile_secret", "coord": [ 0.0, 29.0 ] }, "1888_320": { "autotile": 0.0, "autotile_index": 0.0, "tileset": "tile_secret", "coord": [ 7.0, 27.0 ] }, "3456_160": { "autotile": 0.0, "autotile_index": 0.0, "tileset": "tile_secret", "coord": [ 3.0, 20.0 ] }, "1792_224": { "autotile": 0.0, "autotile_index": 0.0, "tileset": "tile_secret", "coord": [ 3.0, 17.0 ] }, "6432_256": { "autotile": 0.0, "autotile_index": 0.0, "tileset": "tile_secret", "coord": [ 0.0, 25.0 ] }, "5824_288": { "autotile": 0.0, "autotile_index": 0.0, "tileset": "tile_secret", "coord": [ 5.0, 24.0 ] }, "5888_256": { "autotile": 0.0, "autotile_index": 0.0, "tileset": "tile_secret", "coord": [ 7.0, 23.0 ] }, "128_128": { "autotile": 0.0, "autotile_index": 0.0, "tileset": "tile_secret", "coord": [ 5.0, 18.0 ] }, "3520_192": { "autotile": 0.0, "autotile_index": 0.0, "tileset": "tile_secret", "coord": [ 5.0, 21.0 ] }, "3488_128": { "autotile": 0.0, "autotile_index": 0.0, "tileset": "tile_secret", "coord": [ 4.0, 19.0 ] }, "3360_288": { "autotile": 0.0, "autotile_index": 0.0, "tileset": "tile_secret", "coord": [ 3.0, 28.0 ] }, "96_288": { "autotile": 0.0, "autotile_index": 0.0, "tileset": "tile_secret", "coord": [ 8.0, 26.0 ] }, "6144_128": { "autotile": 0.0, "autotile_index": 0.0, "tileset": "tile_secret", "coord": [ 0.0, 27.0 ] }, "128_96": { "autotile": 0.0, "autotile_index": 0.0, "tileset": "tile_secret", "coord": [ 5.0, 17.0 ] }, "5760_288": { "autotile": 0.0, "autotile_index": 0.0, "tileset": "tile_secret", "coord": [ 3.0, 24.0 ] }, "5856_288": { "autotile": 0.0, "autotile_index": 0.0, "tileset": "tile_secret", "coord": [ 6.0, 24.0 ] }, "3328_320": { "autotile": 0.0, "autotile_index": 0.0, "tileset": "tile_secret", "coord": [ 2.0, 29.0 ] } }, "5": { "6432_128": { "autotile": 1.0, "autotile_index": 0.0, "tileset": "tile_secret", "coord": [ 4.0, 1.0 ] }, "448_288": { "autotile": 1.0, "autotile_index": 0.0, "tileset": "tile_secret", "coord": [ 6.0, 1.0 ] }, "2464_256": { "autotile": 0.0, "autotile_index": 0.0, "tileset": "grindrails", "coord": [ 16.0, 9.0 ] }, "3712_704": { "coord": [ 12.0, 14.0 ], "autotile_index": 0.0, "tileset": "grindrails", "autotile": 0.0 }, "6400_160": { "autotile": 1.0, "autotile_index": 0.0, "tileset": "tile_secret", "coord": [ 3.0, 2.0 ] }, "3712_512": { "coord": [ 12.0, 14.0 ], "autotile_index": 0.0, "tileset": "grindrails", "autotile": 0.0 }, "4512_256": { "autotile": 0.0, "autotile_index": 0.0, "tileset": "grindrails", "coord": [ 17.0, 9.0 ] }, "6080_160": { "autotile": 1.0, "autotile_index": 0.0, "tileset": "tile_secret", "coord": [ 3.0, 2.0 ] }, "2144_256": { "autotile": 0.0, "autotile_index": 0.0, "tileset": "grindrails", "coord": [ 16.0, 9.0 ] }, "5664_128": { "autotile": 1.0, "autotile_index": 0.0, "tileset": "tile_secret", "coord": [ 4.0, 1.0 ] }, "4640_256": { "autotile": 0.0, "autotile_index": 0.0, "tileset": "grindrails", "coord": [ 16.0, 9.0 ] }, "6048_224": { "autotile": 1.0, "autotile_index": 0.0, "tileset": "tile_secret", "coord": [ 2.0, 5.0 ] }, "3712_256": { "coord": [ 12.0, 9.0 ], "autotile_index": 0.0, "tileset": "grindrails", "autotile": 0.0 }, "5792_224": { "autotile": 1.0, "autotile_index": 0.0, "tileset": "tile_secret", "coord": [ 2.0, 5.0 ] }, "160_160": { "autotile": 1.0, "autotile_index": 0.0, "tileset": "tile_secret", "coord": [ 5.0, 1.0 ] }, "3424_288": { "autotile": 1.0, "autotile_index": 0.0, "tileset": "tile_secret", "coord": [ 6.0, 1.0 ] }, "5952_160": { "autotile": 1.0, "autotile_index": 0.0, "tileset": "tile_secret", "coord": [ 3.0, 2.0 ] }, "6688_192": { "autotile": 1.0, "autotile_index": 0.0, "tileset": "tile_secret", "coord": [ 4.0, 4.0 ] }, "3296_288": { "autotile": 1.0, "autotile_index": 0.0, "tileset": "tile_secret", "coord": [ 1.0, 2.0 ] }, "1664_320": { "autotile": 0.0, "autotile_index": 0.0, "tileset": "grindrails", "coord": [ 18.0, 11.0 ] }, "2016_512": { "autotile": 0.0, "autotile_index": 0.0, "tileset": "grindrails", "coord": [ 12.0, 14.0 ] }, "5632_160": { "autotile": 1.0, "autotile_index": 0.0, "tileset": "tile_secret", "coord": [ 3.0, 2.0 ] }, "3744_256": { "autotile": 0.0, "autotile_index": 0.0, "tileset": "grindrails", "coord": [ 13.0, 9.0 ] }, "6016_128": { "autotile": 1.0, "autotile_index": 0.0, "tileset": "tile_secret", "coord": [ 4.0, 1.0 ] }, "1664_416": { "autotile": 0.0, "autotile_index": 0.0, "tileset": "grindrails", "coord": [ 18.0, 14.0 ] }, "4672_256": { "autotile": 0.0, "autotile_index": 0.0, "tileset": "grindrails", "coord": [ 17.0, 9.0 ] }, "5792_160": { "autotile": 1.0, "autotile_index": 0.0, "tileset": "tile_secret", "coord": [ 3.0, 2.0 ] }, "160_320": { "autotile": 1.0, "autotile_index": 0.0, "tileset": "tile_secret", "coord": [ 2.0, 5.0 ] }, "2368_256": { "autotile": 0.0, "autotile_index": 0.0, "tileset": "grindrails", "coord": [ 13.0, 9.0 ] }, "128_256": { "autotile": 1.0, "autotile_index": 0.0, "tileset": "tile_secret", "coord": [ 6.0, 1.0 ] }, "5888_224": { "autotile": 1.0, "autotile_index": 0.0, "tileset": "tile_secret", "coord": [ 2.0, 5.0 ] }, "128_192": { "autotile": 1.0, "autotile_index": 0.0, "tileset": "tile_secret", "coord": [ 6.0, 1.0 ] }, "288_288": { "autotile": 1.0, "autotile_index": 0.0, "tileset": "tile_secret", "coord": [ 6.0, 1.0 ] }, "2432_256": { "autotile": 0.0, "autotile_index": 0.0, "tileset": "grindrails", "coord": [ 15.0, 9.0 ] }, "6016_224": { "autotile": 1.0, "autotile_index": 0.0, "tileset": "tile_secret", "coord": [ 2.0, 5.0 ] }, "1344_256": { "autotile": 0.0, "autotile_index": 0.0, "tileset": "grindrails", "coord": [ 17.0, 9.0 ] }, "4800_832": { "coord": [ 18.0, 14.0 ], "autotile_index": 0.0, "tileset": "grindrails", "autotile": 0.0 }, "1824_288": { "autotile": 1.0, "autotile_index": 0.0, "tileset": "tile_secret", "coord": [ 6.0, 1.0 ] }, "6624_128": { "autotile": 1.0, "autotile_index": 0.0, "tileset": "tile_secret", "coord": [ 4.0, 1.0 ] }, "3552_288": { "autotile": 1.0, "autotile_index": 0.0, "tileset": "tile_secret", "coord": [ 6.0, 1.0 ] }, "288_256": { "autotile": 1.0, "autotile_index": 0.0, "tileset": "tile_secret", "coord": [ 4.0, 1.0 ] }, "5632_224": { "autotile": 1.0, "autotile_index": 0.0, "tileset": "tile_secret", "coord": [ 2.0, 5.0 ] }, "3456_320": { "autotile": 1.0, "autotile_index": 0.0, "tileset": "tile_secret", "coord": [ 2.0, 5.0 ] }, "320_288": { "autotile": 1.0, "autotile_index": 0.0, "tileset": "tile_secret", "coord": [ 6.0, 1.0 ] }, "5760_224": { "autotile": 1.0, "autotile_index": 0.0, "tileset": "tile_secret", "coord": [ 2.0, 5.0 ] }, "4704_256": { "autotile": 0.0, "autotile_index": 0.0, "tileset": "grindrails", "coord": [ 13.0, 9.0 ] }, "5888_128": { "autotile": 1.0, "autotile_index": 0.0, "tileset": "tile_secret", "coord": [ 4.0, 1.0 ] }, "3616_320": { "autotile": 1.0, "autotile_index": 0.0, "tileset": "tile_secret", "coord": [ 2.0, 5.0 ] }, "480_256": { "autotile": 1.0, "autotile_index": 0.0, "tileset": "tile_secret", "coord": [ 4.0, 1.0 ] }, "2016_640": { "autotile": 0.0, "autotile_index": 0.0, "tileset": "grindrails", "coord": [ 12.0, 14.0 ] }, "2496_256": { "autotile": 0.0, "autotile_index": 0.0, "tileset": "grindrails", "coord": [ 17.0, 9.0 ] }, "3712_320": { "coord": [ 12.0, 11.0 ], "autotile_index": 0.0, "tileset": "grindrails", "autotile": 0.0 }, "5600_160": { "autotile": 1.0, "autotile_index": 0.0, "tileset": "tile_secret", "coord": [ 3.0, 2.0 ] }, "4128_256": { "autotile": 0.0, "autotile_index": 0.0, "tileset": "grindrails", "coord": [ 15.0, 9.0 ] }, "2016_352": { "autotile": 0.0, "autotile_index": 0.0, "tileset": "grindrails", "coord": [ 12.0, 12.0 ] }, "3584_320": { "autotile": 1.0, "autotile_index": 0.0, "tileset": "tile_secret", "coord": [ 2.0, 5.0 ] }, "768_256": { "autotile": 0.0, "autotile_index": 0.0, "tileset": "grindrails", "coord": [ 14.0, 9.0 ] }, "608_256": { "autotile": 0.0, "autotile_index": 0.0, "tileset": "grindrails", "coord": [ 14.0, 9.0 ] }, "6048_160": { "autotile": 1.0, "autotile_index": 0.0, "tileset": "tile_secret", "coord": [ 3.0, 2.0 ] }, "2752_256": { "autotile": 0.0, "autotile_index": 0.0, "tileset": "grindrails", "coord": [ 15.0, 9.0 ] }, "1216_256": { "autotile": 0.0, "autotile_index": 0.0, "tileset": "grindrails", "coord": [ 13.0, 9.0 ] }, "4256_256": { "autotile": 0.0, "autotile_index": 0.0, "tileset": "grindrails", "coord": [ 14.0, 9.0 ] }, "2848_256": { "autotile": 0.0, "autotile_index": 0.0, "tileset": "grindrails", "coord": [ 13.0, 9.0 ] }, "6208_224": { "autotile": 1.0, "autotile_index": 0.0, "tileset": "tile_secret", "coord": [ 2.0, 5.0 ] }, "1664_640": { "autotile": 0.0, "autotile_index": 0.0, "tileset": "grindrails", "coord": [ 18.0, 14.0 ] }, "6464_192": { "autotile": 1.0, "autotile_index": 0.0, "tileset": "tile_secret", "coord": [ 3.0, 4.0 ] }, "3456_288": { "autotile": 1.0, "autotile_index": 0.0, "tileset": "tile_secret", "coord": [ 6.0, 1.0 ] }, "1824_256": { "autotile": 1.0, "autotile_index": 0.0, "tileset": "tile_secret", "coord": [ 4.0, 1.0 ] }, "5952_224": { "autotile": 1.0, "autotile_index": 0.0, "tileset": "tile_secret", "coord": [ 2.0, 5.0 ] }, "3264_672": { "autotile": 0.0, "autotile_index": 0.0, "tileset": "grindrails", "coord": [ 18.0, 14.0 ] }, "4320_256": { "autotile": 0.0, "autotile_index": 0.0, "tileset": "grindrails", "coord": [ 16.0, 9.0 ] }, "5888_192": { "autotile": 1.0, "autotile_index": 0.0, "tileset": "tile_secret", "coord": [ 3.0, 4.0 ] }, "384_256": { "autotile": 1.0, "autotile_index": 0.0, "tileset": "tile_secret", "coord": [ 4.0, 1.0 ] }, "1696_320": { "autotile": 1.0, "autotile_index": 0.0, "tileset": "tile_secret", "coord": [ 1.0, 5.0 ] }, "3328_256": { "autotile": 1.0, "autotile_index": 0.0, "tileset": "tile_secret", "coord": [ 4.0, 1.0 ] }, "3616_256": { "autotile": 1.0, "autotile_index": 0.0, "tileset": "tile_secret", "coord": [ 4.0, 1.0 ] }, "6464_128": { "autotile": 1.0, "autotile_index": 0.0, "tileset": "tile_secret", "coord": [ 4.0, 1.0 ] }, "1664_608": { "autotile": 0.0, "autotile_index": 0.0, "tileset": "grindrails", "coord": [ 18.0, 14.0 ] }, "544_512": { "autotile": 0.0, "autotile_index": 0.0, "tileset": "grindrails", "coord": [ 12.0, 14.0 ] }, "320_256": { "autotile": 1.0, "autotile_index": 0.0, "tileset": "tile_secret", "coord": [ 4.0, 1.0 ] }, "2816_256": { "autotile": 0.0, "autotile_index": 0.0, "tileset": "grindrails", "coord": [ 17.0, 9.0 ] }, "3264_448": { "autotile": 0.0, "autotile_index": 0.0, "tileset": "grindrails", "coord": [ 18.0, 14.0 ] }, "5824_128": { "autotile": 1.0, "autotile_index": 0.0, "tileset": "tile_secret", "coord": [ 4.0, 1.0 ] }, "1536_256": { "autotile": 0.0, "autotile_index": 0.0, "tileset": "grindrails", "coord": [ 13.0, 9.0 ] }, "1312_256": { "autotile": 0.0, "autotile_index": 0.0, "tileset": "grindrails", "coord": [ 16.0, 9.0 ] }, "6272_192": { "autotile": 1.0, "autotile_index": 0.0, "tileset": "tile_secret", "coord": [ 3.0, 4.0 ] }, "3712_768": { "coord": [ 12.0, 14.0 ], "autotile_index": 0.0, "tileset": "grindrails", "autotile": 0.0 }, "3712_288": { "coord": [ 12.0, 10.0 ], "autotile_index": 0.0, "tileset": "grindrails", "autotile": 0.0 }, "1728_256": { "autotile": 1.0, "autotile_index": 0.0, "tileset": "tile_secret", "coord": [ 4.0, 1.0 ] }, "3264_768": { "autotile": 0.0, "autotile_index": 0.0, "tileset": "grindrails", "coord": [ 18.0, 14.0 ] }, "448_320": { "autotile": 1.0, "autotile_index": 0.0, "tileset": "tile_secret", "coord": [ 2.0, 5.0 ] }, "6112_192": { "autotile": 1.0, "autotile_index": 0.0, "tileset": "tile_secret", "coord": [ 3.0, 4.0 ] }, "3712_576": { "coord": [ 12.0, 14.0 ], "autotile_index": 0.0, "tileset": "grindrails", "autotile": 0.0 }, "3712_480": { "coord": [ 12.0, 14.0 ], "autotile_index": 0.0, "tileset": "grindrails", "autotile": 0.0 }, "4800_448": { "coord": [ 18.0, 14.0 ], "autotile_index": 0.0, "tileset": "grindrails", "autotile": 0.0 }, "3936_256": { "autotile": 0.0, "autotile_index": 0.0, "tileset": "grindrails", "coord": [ 14.0, 9.0 ] }, "2208_256": { "autotile": 0.0, "autotile_index": 0.0, "tileset": "grindrails", "coord": [ 13.0, 9.0 ] }, "5888_160": { "autotile": 1.0, "autotile_index": 0.0, "tileset": "tile_secret", "coord": [ 3.0, 2.0 ] }, "2880_256": { "autotile": 0.0, "autotile_index": 0.0, "tileset": "grindrails", "coord": [ 14.0, 9.0 ] }, "2016_768": { "autotile": 0.0, "autotile_index": 0.0, "tileset": "grindrails", "coord": [ 12.0, 14.0 ] }, "6112_128": { "autotile": 1.0, "autotile_index": 0.0, "tileset": "tile_secret", "coord": [ 4.0, 1.0 ] }, "6016_160": { "autotile": 1.0, "autotile_index": 0.0, "tileset": "tile_secret", "coord": [ 3.0, 2.0 ] }, "3104_256": { "autotile": 0.0, "autotile_index": 0.0, "tileset": "grindrails", "coord": [ 16.0, 9.0 ] }, "4032_256": { "autotile": 0.0, "autotile_index": 0.0, "tileset": "grindrails", "coord": [ 17.0, 9.0 ] }, "5696_160": { "autotile": 1.0, "autotile_index": 0.0, "tileset": "tile_secret", "coord": [ 3.0, 2.0 ] }, "3008_256": { "autotile": 0.0, "autotile_index": 0.0, "tileset": "grindrails", "coord": [ 13.0, 9.0 ] }, "1696_288": { "autotile": 1.0, "autotile_index": 0.0, "tileset": "tile_secret", "coord": [ 1.0, 2.0 ] }, "2944_256": { "autotile": 0.0, "autotile_index": 0.0, "tileset": "grindrails", "coord": [ 16.0, 9.0 ] }, "5632_128": { "autotile": 1.0, "autotile_index": 0.0, "tileset": "tile_secret", "coord": [ 4.0, 1.0 ] }, "96_192": { "autotile": 1.0, "autotile_index": 0.0, "tileset": "tile_secret", "coord": [ 1.0, 2.0 ] }, "3680_256": { "autotile": 1.0, "autotile_index": 0.0, "tileset": "tile_secret", "coord": [ 5.0, 1.0 ] }, "6336_160": { "autotile": 1.0, "autotile_index": 0.0, "tileset": "tile_secret", "coord": [ 3.0, 2.0 ] }, "128_224": { "autotile": 1.0, "autotile_index": 0.0, "tileset": "tile_secret", "coord": [ 6.0, 1.0 ] }, "6240_128": { "autotile": 1.0, "autotile_index": 0.0, "tileset": "tile_secret", "coord": [ 4.0, 1.0 ] }, "1952_256": { "autotile": 1.0, "autotile_index": 0.0, "tileset": "tile_secret", "coord": [ 4.0, 1.0 ] }, "5920_224": { "autotile": 1.0, "autotile_index": 0.0, "tileset": "tile_secret", "coord": [ 2.0, 5.0 ] }, "3264_608": { "autotile": 0.0, "autotile_index": 0.0, "tileset": "grindrails", "coord": [ 18.0, 14.0 ] }, "5952_128": { "autotile": 1.0, "autotile_index": 0.0, "tileset": "tile_secret", "coord": [ 4.0, 1.0 ] }, "4736_256": { "autotile": 0.0, "autotile_index": 0.0, "tileset": "grindrails", "coord": [ 14.0, 9.0 ] }, "4192_256": { "autotile": 0.0, "autotile_index": 0.0, "tileset": "grindrails", "coord": [ 17.0, 9.0 ] }, "6144_128": { "autotile": 1.0, "autotile_index": 0.0, "tileset": "tile_secret", "coord": [ 4.0, 1.0 ] }, "3264_800": { "autotile": 0.0, "autotile_index": 0.0, "tileset": "grindrails", "coord": [ 18.0, 14.0 ] }, "160_224": { "autotile": 1.0, "autotile_index": 0.0, "tileset": "tile_secret", "coord": [ 5.0, 4.0 ] }, "6368_160": { "autotile": 1.0, "autotile_index": 0.0, "tileset": "tile_secret", "coord": [ 3.0, 2.0 ] }, "3264_640": { "autotile": 0.0, "autotile_index": 0.0, "tileset": "grindrails", "coord": [ 18.0, 14.0 ] }, "1760_288": { "autotile": 1.0, "autotile_index": 0.0, "tileset": "tile_secret", "coord": [ 6.0, 1.0 ] }, "1632_256": { "autotile": 0.0, "autotile_index": 0.0, "tileset": "grindrails", "coord": [ 16.0, 9.0 ] }, "6304_192": { "autotile": 1.0, "autotile_index": 0.0, "tileset": "tile_secret", "coord": [ 3.0, 4.0 ] }, "1664_384": { "autotile": 0.0, "autotile_index": 0.0, "tileset": "grindrails", "coord": [ 18.0, 13.0 ] }, "3072_256": { "autotile": 0.0, "autotile_index": 0.0, "tileset": "grindrails", "coord": [ 15.0, 9.0 ] }, "6432_160": { "autotile": 1.0, "autotile_index": 0.0, "tileset": "tile_secret", "coord": [ 3.0, 2.0 ] }, "5984_192": { "autotile": 1.0, "autotile_index": 0.0, "tileset": "tile_secret", "coord": [ 3.0, 4.0 ] }, "5920_128": { "autotile": 1.0, "autotile_index": 0.0, "tileset": "tile_secret", "coord": [ 4.0, 1.0 ] }, "512_288": { "autotile": 1.0, "autotile_index": 0.0, "tileset": "tile_secret", "coord": [ 5.0, 4.0 ] }, "544_768": { "autotile": 0.0, "autotile_index": 0.0, "tileset": "grindrails", "coord": [ 12.0, 14.0 ] }, "416_256": { "autotile": 1.0, "autotile_index": 0.0, "tileset": "tile_secret", "coord": [ 4.0, 1.0 ] }, "1888_256": { "autotile": 1.0, "autotile_index": 0.0, "tileset": "tile_secret", "coord": [ 4.0, 1.0 ] }, "6272_128": { "autotile": 1.0, "autotile_index": 0.0, "tileset": "tile_secret", "coord": [ 4.0, 1.0 ] }, "224_320": { "autotile": 1.0, "autotile_index": 0.0, "tileset": "tile_secret", "coord": [ 2.0, 5.0 ] }, "896_256": { "autotile": 0.0, "autotile_index": 0.0, "tileset": "grindrails", "coord": [ 13.0, 9.0 ] }, "6336_224": { "autotile": 1.0, "autotile_index": 0.0, "tileset": "tile_secret", "coord": [ 2.0, 5.0 ] }, "4800_736": { "coord": [ 18.0, 14.0 ], "autotile_index": 0.0, "tileset": "grindrails", "autotile": 0.0 }, "4416_256": { "autotile": 0.0, "autotile_index": 0.0, "tileset": "grindrails", "coord": [ 14.0, 9.0 ] }, "4576_256": { "autotile": 0.0, "autotile_index": 0.0, "tileset": "grindrails", "coord": [ 14.0, 9.0 ] }, "6144_224": { "autotile": 1.0, "autotile_index": 0.0, "tileset": "tile_secret", "coord": [ 2.0, 5.0 ] }, "4800_544": { "coord": [ 18.0, 14.0 ], "autotile_index": 0.0, "tileset": "grindrails", "autotile": 0.0 }, "1600_256": { "autotile": 0.0, "autotile_index": 0.0, "tileset": "grindrails", "coord": [ 15.0, 9.0 ] }, "5536_224": { "autotile": 1.0, "autotile_index": 0.0, "tileset": "tile_secret", "coord": [ 1.0, 5.0 ] }, "2016_800": { "autotile": 0.0, "autotile_index": 0.0, "tileset": "grindrails", "coord": [ 12.0, 14.0 ] }, "3200_256": { "autotile": 0.0, "autotile_index": 0.0, "tileset": "grindrails", "coord": [ 14.0, 9.0 ] }, "3392_320": { "autotile": 1.0, "autotile_index": 0.0, "tileset": "tile_secret", "coord": [ 2.0, 5.0 ] }, "224_288": { "autotile": 1.0, "autotile_index": 0.0, "tileset": "tile_secret", "coord": [ 6.0, 1.0 ] }, "544_640": { "autotile": 0.0, "autotile_index": 0.0, "tileset": "grindrails", "coord": [ 12.0, 14.0 ] }, "6528_224": { "autotile": 1.0, "autotile_index": 0.0, "tileset": "tile_secret", "coord": [ 2.0, 5.0 ] }, "1280_256": { "autotile": 0.0, "autotile_index": 0.0, "tileset": "grindrails", "coord": [ 15.0, 9.0 ] }, "3232_256": { "autotile": 0.0, "autotile_index": 0.0, "tileset": "grindrails", "coord": [ 15.0, 9.0 ] }, "2976_256": { "autotile": 0.0, "autotile_index": 0.0, "tileset": "grindrails", "coord": [ 17.0, 9.0 ] }, "544_544": { "autotile": 0.0, "autotile_index": 0.0, "tileset": "grindrails", "coord": [ 12.0, 14.0 ] }, "5664_192": { "autotile": 1.0, "autotile_index": 0.0, "tileset": "tile_secret", "coord": [ 3.0, 4.0 ] }, "5664_224": { "autotile": 1.0, "autotile_index": 0.0, "tileset": "tile_secret", "coord": [ 2.0, 5.0 ] }, "1984_256": { "autotile": 1.0, "autotile_index": 0.0, "tileset": "tile_secret", "coord": [ 5.0, 1.0 ] }, "1664_256": { "autotile": 0.0, "autotile_index": 0.0, "tileset": "grindrails", "coord": [ 18.0, 9.0 ] }, "5760_128": { "autotile": 1.0, "autotile_index": 0.0, "tileset": "tile_secret", "coord": [ 4.0, 1.0 ] }, "6720_224": { "autotile": 1.0, "autotile_index": 0.0, "tileset": "tile_secret", "coord": [ 5.0, 5.0 ] }, "1664_512": { "autotile": 0.0, "autotile_index": 0.0, "tileset": "grindrails", "coord": [ 18.0, 14.0 ] }, "4800_704": { "coord": [ 18.0, 14.0 ], "autotile_index": 0.0, "tileset": "grindrails", "autotile": 0.0 }, "3552_256": { "autotile": 1.0, "autotile_index": 0.0, "tileset": "tile_secret", "coord": [ 4.0, 1.0 ] }, "6528_160": { "autotile": 1.0, "autotile_index": 0.0, "tileset": "tile_secret", "coord": [ 3.0, 2.0 ] }, "3968_256": { "autotile": 0.0, "autotile_index": 0.0, "tileset": "grindrails", "coord": [ 15.0, 9.0 ] }, "2560_256": { "autotile": 0.0, "autotile_index": 0.0, "tileset": "grindrails", "coord": [ 14.0, 9.0 ] }, "6176_128": { "autotile": 1.0, "autotile_index": 0.0, "tileset": "tile_secret", "coord": [ 4.0, 1.0 ] }, "1920_256": { "autotile": 1.0, "autotile_index": 0.0, "tileset": "tile_secret", "coord": [ 4.0, 1.0 ] }, "512_256": { "autotile": 1.0, "autotile_index": 0.0, "tileset": "tile_secret", "coord": [ 5.0, 1.0 ] }, "3264_288": { "autotile": 0.0, "autotile_index": 0.0, "tileset": "grindrails", "coord": [ 18.0, 10.0 ] }, "2016_480": { "autotile": 0.0, "autotile_index": 0.0, "tileset": "grindrails", "coord": [ 12.0, 14.0 ] }, "6432_192": { "autotile": 1.0, "autotile_index": 0.0, "tileset": "tile_secret", "coord": [ 3.0, 4.0 ] }, "4800_768": { "coord": [ 18.0, 14.0 ], "autotile_index": 0.0, "tileset": "grindrails", "autotile": 0.0 }, "1856_256": { "autotile": 1.0, "autotile_index": 0.0, "tileset": "tile_secret", "coord": [ 4.0, 1.0 ] }, "544_320": { "autotile": 0.0, "autotile_index": 0.0, "tileset": "grindrails", "coord": [ 12.0, 11.0 ] }, "6080_224": { "autotile": 1.0, "autotile_index": 0.0, "tileset": "tile_secret", "coord": [ 2.0, 5.0 ] }, "2016_736": { "autotile": 0.0, "autotile_index": 0.0, "tileset": "grindrails", "coord": [ 12.0, 14.0 ] }, "4800_416": { "coord": [ 18.0, 14.0 ], "autotile_index": 0.0, "tileset": "grindrails", "autotile": 0.0 }, "5984_224": { "autotile": 1.0, "autotile_index": 0.0, "tileset": "tile_secret", "coord": [ 2.0, 5.0 ] }, "3264_320": { "autotile": 0.0, "autotile_index": 0.0, "tileset": "grindrails", "coord": [ 18.0, 11.0 ] }, "6176_192": { "autotile": 1.0, "autotile_index": 0.0, "tileset": "tile_secret", "coord": [ 3.0, 4.0 ] }, "544_608": { "autotile": 0.0, "autotile_index": 0.0, "tileset": "grindrails", "coord": [ 12.0, 14.0 ] }, "3488_320": { "autotile": 1.0, "autotile_index": 0.0, "tileset": "tile_secret", "coord": [ 2.0, 5.0 ] }, "3264_576": { "autotile": 0.0, "autotile_index": 0.0, "tileset": "grindrails", "coord": [ 18.0, 14.0 ] }, "6144_160": { "autotile": 1.0, "autotile_index": 0.0, "tileset": "tile_secret", "coord": [ 3.0, 2.0 ] }, "1184_256": { "autotile": 0.0, "autotile_index": 0.0, "tileset": "grindrails", "coord": [ 17.0, 9.0 ] }, "6496_224": { "autotile": 1.0, "autotile_index": 0.0, "tileset": "tile_secret", "coord": [ 2.0, 5.0 ] }, "96_320": { "autotile": 1.0, "autotile_index": 0.0, "tileset": "tile_secret", "coord": [ 1.0, 5.0 ] }, "5856_224": { "autotile": 1.0, "autotile_index": 0.0, "tileset": "tile_secret", "coord": [ 2.0, 5.0 ] }, "160_288": { "autotile": 1.0, "autotile_index": 0.0, "tileset": "tile_secret", "coord": [ 6.0, 1.0 ] }, "288_320": { "autotile": 1.0, "autotile_index": 0.0, "tileset": "tile_secret", "coord": [ 2.0, 5.0 ] }, "3264_512": { "autotile": 0.0, "autotile_index": 0.0, "tileset": "grindrails", "coord": [ 18.0, 14.0 ] }, "5856_160": { "autotile": 1.0, "autotile_index": 0.0, "tileset": "tile_secret", "coord": [ 3.0, 2.0 ] }, "3264_480": { "autotile": 0.0, "autotile_index": 0.0, "tileset": "grindrails", "coord": [ 18.0, 14.0 ] }, "5536_128": { "autotile": 1.0, "autotile_index": 0.0, "tileset": "tile_secret", "coord": [ 1.0, 1.0 ] }, "1664_288": { "autotile": 0.0, "autotile_index": 0.0, "tileset": "grindrails", "coord": [ 18.0, 10.0 ] }, "2016_384": { "autotile": 0.0, "autotile_index": 0.0, "tileset": "grindrails", "coord": [ 12.0, 13.0 ] }, "544_352": { "autotile": 0.0, "autotile_index": 0.0, "tileset": "grindrails", "coord": [ 12.0, 12.0 ] }, "6048_192": { "autotile": 1.0, "autotile_index": 0.0, "tileset": "tile_secret", "coord": [ 3.0, 4.0 ] }, "4800_320": { "coord": [ 18.0, 11.0 ], "autotile_index": 0.0, "tileset": "grindrails", "autotile": 0.0 }, "1728_320": { "autotile": 1.0, "autotile_index": 0.0, "tileset": "tile_secret", "coord": [ 2.0, 5.0 ] }, "6560_128": { "autotile": 1.0, "autotile_index": 0.0, "tileset": "tile_secret", "coord": [ 4.0, 1.0 ] }, "352_256": { "autotile": 1.0, "autotile_index": 0.0, "tileset": "tile_secret", "coord": [ 4.0, 1.0 ] }, "5696_192": { "autotile": 1.0, "autotile_index": 0.0, "tileset": "tile_secret", "coord": [ 3.0, 4.0 ] }, "5824_160": { "autotile": 1.0, "autotile_index": 0.0, "tileset": "tile_secret", "coord": [ 3.0, 2.0 ] }, "4800_480": { "coord": [ 18.0, 14.0 ], "autotile_index": 0.0, "tileset": "grindrails", "autotile": 0.0 }, "6560_224": { "autotile": 1.0, "autotile_index": 0.0, "tileset": "tile_secret", "coord": [ 2.0, 5.0 ] }, "3776_256": { "autotile": 0.0, "autotile_index": 0.0, "tileset": "grindrails", "coord": [ 14.0, 9.0 ] }, "-800_-448": { "autotile": 1.0, "autotile_index": 0.0, "tileset": "tile_secret", "coord": [ 0.0, 0.0 ] }, "6592_192": { "autotile": 1.0, "autotile_index": 0.0, "tileset": "tile_secret", "coord": [ 3.0, 4.0 ] }, "352_320": { "autotile": 1.0, "autotile_index": 0.0, "tileset": "tile_secret", "coord": [ 2.0, 5.0 ] }, "1088_256": { "autotile": 0.0, "autotile_index": 0.0, "tileset": "grindrails", "coord": [ 14.0, 9.0 ] }, "6368_192": { "autotile": 1.0, "autotile_index": 0.0, "tileset": "tile_secret", "coord": [ 3.0, 4.0 ] }, "-832_-448": { "autotile": 1.0, "autotile_index": 0.0, "tileset": "tile_secret", "coord": [ 0.0, 0.0 ] }, "992_256": { "autotile": 0.0, "autotile_index": 0.0, "tileset": "grindrails", "coord": [ 16.0, 9.0 ] }, "6208_160": { "autotile": 1.0, "autotile_index": 0.0, "tileset": "tile_secret", "coord": [ 3.0, 2.0 ] }, "1664_832": { "autotile": 0.0, "autotile_index": 0.0, "tileset": "grindrails", "coord": [ 18.0, 14.0 ] }, "1888_320": { "autotile": 1.0, "autotile_index": 0.0, "tileset": "tile_secret", "coord": [ 2.0, 5.0 ] }, "3264_704": { "autotile": 0.0, "autotile_index": 0.0, "tileset": "grindrails", "coord": [ 18.0, 14.0 ] }, "6528_128": { "autotile": 1.0, "autotile_index": 0.0, "tileset": "tile_secret", "coord": [ 4.0, 1.0 ] }, "1952_288": { "autotile": 1.0, "autotile_index": 0.0, "tileset": "tile_secret", "coord": [ 6.0, 1.0 ] }, "3712_640": { "coord": [ 12.0, 14.0 ], "autotile_index": 0.0, "tileset": "grindrails", "autotile": 0.0 }, "448_256": { "autotile": 1.0, "autotile_index": 0.0, "tileset": "tile_secret", "coord": [ 4.0, 1.0 ] }, "5792_128": { "autotile": 1.0, "autotile_index": 0.0, "tileset": "tile_secret", "coord": [ 4.0, 1.0 ] }, "3584_256": { "autotile": 1.0, "autotile_index": 0.0, "tileset": "tile_secret", "coord": [ 4.0, 1.0 ] }, "3712_352": { "coord": [ 12.0, 12.0 ], "autotile_index": 0.0, "tileset": "grindrails", "autotile": 0.0 }, "3360_288": { "autotile": 1.0, "autotile_index": 0.0, "tileset": "tile_secret", "coord": [ 6.0, 1.0 ] }, "6528_192": { "autotile": 1.0, "autotile_index": 0.0, "tileset": "tile_secret", "coord": [ 3.0, 4.0 ] }, "96_288": { "autotile": 1.0, "autotile_index": 0.0, "tileset": "tile_secret", "coord": [ 1.0, 2.0 ] }, "5632_192": { "autotile": 1.0, "autotile_index": 0.0, "tileset": "tile_secret", "coord": [ 3.0, 4.0 ] }, "800_256": { "autotile": 0.0, "autotile_index": 0.0, "tileset": "grindrails", "coord": [ 15.0, 9.0 ] }, "6080_128": { "autotile": 1.0, "autotile_index": 0.0, "tileset": "tile_secret", "coord": [ 4.0, 1.0 ] }, "1920_288": { "autotile": 1.0, "autotile_index": 0.0, "tileset": "tile_secret", "coord": [ 6.0, 1.0 ] }, "2240_256": { "autotile": 0.0, "autotile_index": 0.0, "tileset": "grindrails", "coord": [ 14.0, 9.0 ] }, "5568_224": { "autotile": 1.0, "autotile_index": 0.0, "tileset": "tile_secret", "coord": [ 2.0, 5.0 ] }, "3424_256": { "autotile": 1.0, "autotile_index": 0.0, "tileset": "tile_secret", "coord": [ 4.0, 1.0 ] }, "6368_224": { "autotile": 1.0, "autotile_index": 0.0, "tileset": "tile_secret", "coord": [ 2.0, 5.0 ] }, "1856_320": { "autotile": 1.0, "autotile_index": 0.0, "tileset": "tile_secret", "coord": [ 2.0, 5.0 ] }, "512_320": { "autotile": 1.0, "autotile_index": 0.0, "tileset": "tile_secret", "coord": [ 5.0, 5.0 ] }, "4800_288": { "coord": [ 18.0, 10.0 ], "autotile_index": 0.0, "tileset": "grindrails", "autotile": 0.0 }, "1408_256": { "autotile": 0.0, "autotile_index": 0.0, "tileset": "grindrails", "coord": [ 14.0, 9.0 ] }, "2624_256": { "autotile": 0.0, "autotile_index": 0.0, "tileset": "grindrails", "coord": [ 16.0, 9.0 ] }, "6656_192": { "autotile": 1.0, "autotile_index": 0.0, "tileset": "tile_secret", "coord": [ 3.0, 4.0 ] }, "2400_256": { "autotile": 0.0, "autotile_index": 0.0, "tileset": "grindrails", "coord": [ 14.0, 9.0 ] }, "6304_128": { "autotile": 1.0, "autotile_index": 0.0, "tileset": "tile_secret", "coord": [ 4.0, 1.0 ] }, "1664_736": { "autotile": 0.0, "autotile_index": 0.0, "tileset": "grindrails", "coord": [ 18.0, 14.0 ] }, "96_160": { "autotile": 1.0, "autotile_index": 0.0, "tileset": "tile_secret", "coord": [ 1.0, 1.0 ] }, "6336_128": { "autotile": 1.0, "autotile_index": 0.0, "tileset": "tile_secret", "coord": [ 4.0, 1.0 ] }, "352_288": { "autotile": 1.0, "autotile_index": 0.0, "tileset": "tile_secret", "coord": [ 6.0, 1.0 ] }, "1792_288": { "autotile": 1.0, "autotile_index": 0.0, "tileset": "tile_secret", "coord": [ 6.0, 1.0 ] }, "3520_288": { "autotile": 1.0, "autotile_index": 0.0, "tileset": "tile_secret", "coord": [ 6.0, 1.0 ] }, "3136_256": { "autotile": 0.0, "autotile_index": 0.0, "tileset": "grindrails", "coord": [ 17.0, 9.0 ] }, "6240_160": { "autotile": 1.0, "autotile_index": 0.0, "tileset": "tile_secret", "coord": [ 3.0, 2.0 ] }, "544_576": { "autotile": 0.0, "autotile_index": 0.0, "tileset": "grindrails", "coord": [ 12.0, 14.0 ] }, "3328_288": { "autotile": 1.0, "autotile_index": 0.0, "tileset": "tile_secret", "coord": [ 6.0, 1.0 ] }, "6336_192": { "autotile": 1.0, "autotile_index": 0.0, "tileset": "tile_secret", "coord": [ 3.0, 4.0 ] }, "544_384": { "autotile": 0.0, "autotile_index": 0.0, "tileset": "grindrails", "coord": [ 12.0, 13.0 ] }, "6272_160": { "autotile": 1.0, "autotile_index": 0.0, "tileset": "tile_secret", "coord": [ 3.0, 2.0 ] }, "192_288": { "autotile": 1.0, "autotile_index": 0.0, "tileset": "tile_secret", "coord": [ 6.0, 1.0 ] }, "2016_448": { "autotile": 0.0, "autotile_index": 0.0, "tileset": "grindrails", "coord": [ 12.0, 14.0 ] }, "1984_288": { "autotile": 1.0, "autotile_index": 0.0, "tileset": "tile_secret", "coord": [ 5.0, 4.0 ] }, "6176_160": { "autotile": 1.0, "autotile_index": 0.0, "tileset": "tile_secret", "coord": [ 3.0, 2.0 ] }, "3392_288": { "autotile": 1.0, "autotile_index": 0.0, "tileset": "tile_secret", "coord": [ 6.0, 1.0 ] }, "1568_256": { "autotile": 0.0, "autotile_index": 0.0, "tileset": "grindrails", "coord": [ 14.0, 9.0 ] }, "1664_800": { "autotile": 0.0, "autotile_index": 0.0, "tileset": "grindrails", "coord": [ 18.0, 14.0 ] }, "-800_-480": { "autotile": 1.0, "autotile_index": 0.0, "tileset": "tile_secret", "coord": [ 0.0, 0.0 ] }, "5760_192": { "autotile": 1.0, "autotile_index": 0.0, "tileset": "tile_secret", "coord": [ 3.0, 4.0 ] }, "4480_256": { "autotile": 0.0, "autotile_index": 0.0, "tileset": "grindrails", "coord": [ 16.0, 9.0 ] }, "6496_160": { "autotile": 1.0, "autotile_index": 0.0, "tileset": "tile_secret", "coord": [ 3.0, 2.0 ] }, "4352_256": { "autotile": 0.0, "autotile_index": 0.0, "tileset": "grindrails", "coord": [ 17.0, 9.0 ] }, "1248_256": { "autotile": 0.0, "autotile_index": 0.0, "tileset": "grindrails", "coord": [ 14.0, 9.0 ] }, "4800_672": { "coord": [ 18.0, 14.0 ], "autotile_index": 0.0, "tileset": "grindrails", "autotile": 0.0 }, "4160_256": { "autotile": 0.0, "autotile_index": 0.0, "tileset": "grindrails", "coord": [ 16.0, 9.0 ] }, "224_256": { "autotile": 1.0, "autotile_index": 0.0, "tileset": "tile_secret", "coord": [ 4.0, 1.0 ] }, "6304_224": { "autotile": 1.0, "autotile_index": 0.0, "tileset": "tile_secret", "coord": [ 2.0, 5.0 ] }, "5984_160": { "autotile": 1.0, "autotile_index": 0.0, "tileset": "tile_secret", "coord": [ 3.0, 2.0 ] }, "96_224": { "autotile": 1.0, "autotile_index": 0.0, "tileset": "tile_secret", "coord": [ 1.0, 2.0 ] }, "1472_256": { "autotile": 0.0, "autotile_index": 0.0, "tileset": "grindrails", "coord": [ 16.0, 9.0 ] }, "3040_256": { "autotile": 0.0, "autotile_index": 0.0, "tileset": "grindrails", "coord": [ 14.0, 9.0 ] }, "5536_192": { "autotile": 1.0, "autotile_index": 0.0, "tileset": "tile_secret", "coord": [ 1.0, 2.0 ] }, "544_736": { "autotile": 0.0, "autotile_index": 0.0, "tileset": "grindrails", "coord": [ 12.0, 14.0 ] }, "4768_256": { "autotile": 0.0, "autotile_index": 0.0, "tileset": "grindrails", "coord": [ 15.0, 9.0 ] }, "3264_384": { "autotile": 0.0, "autotile_index": 0.0, "tileset": "grindrails", "coord": [ 18.0, 13.0 ] }, "2016_608": { "autotile": 0.0, "autotile_index": 0.0, "tileset": "grindrails", "coord": [ 12.0, 14.0 ] }, "1664_768": { "autotile": 0.0, "autotile_index": 0.0, "tileset": "grindrails", "coord": [ 18.0, 14.0 ] }, "1920_320": { "autotile": 1.0, "autotile_index": 0.0, "tileset": "tile_secret", "coord": [ 2.0, 5.0 ] }, "5568_128": { "autotile": 1.0, "autotile_index": 0.0, "tileset": "tile_secret", "coord": [ 4.0, 1.0 ] }, "128_160": { "autotile": 1.0, "autotile_index": 0.0, "tileset": "tile_secret", "coord": [ 4.0, 1.0 ] }, "3712_448": { "coord": [ 12.0, 14.0 ], "autotile_index": 0.0, "tileset": "grindrails", "autotile": 0.0 }, "6016_192": { "autotile": 1.0, "autotile_index": 0.0, "tileset": "tile_secret", "coord": [ 3.0, 4.0 ] }, "4000_256": { "autotile": 0.0, "autotile_index": 0.0, "tileset": "grindrails", "coord": [ 16.0, 9.0 ] }, "5920_192": { "autotile": 1.0, "autotile_index": 0.0, "tileset": "tile_secret", "coord": [ 3.0, 4.0 ] }, "6560_160": { "autotile": 1.0, "autotile_index": 0.0, "tileset": "tile_secret", "coord": [ 3.0, 2.0 ] }, "4608_256": { "autotile": 0.0, "autotile_index": 0.0, "tileset": "grindrails", "coord": [ 15.0, 9.0 ] }, "2016_576": { "autotile": 0.0, "autotile_index": 0.0, "tileset": "grindrails", "coord": [ 12.0, 14.0 ] }, "6400_192": { "autotile": 1.0, "autotile_index": 0.0, "tileset": "tile_secret", "coord": [ 3.0, 4.0 ] }, "4800_512": { "coord": [ 18.0, 14.0 ], "autotile_index": 0.0, "tileset": "grindrails", "autotile": 0.0 }, "1152_256": { "autotile": 0.0, "autotile_index": 0.0, "tileset": "grindrails", "coord": [ 16.0, 9.0 ] }, "544_480": { "autotile": 0.0, "autotile_index": 0.0, "tileset": "grindrails", "coord": [ 12.0, 14.0 ] }, "160_192": { "autotile": 1.0, "autotile_index": 0.0, "tileset": "tile_secret", "coord": [ 5.0, 4.0 ] }, "416_320": { "autotile": 1.0, "autotile_index": 0.0, "tileset": "tile_secret", "coord": [ 2.0, 5.0 ] }, "5920_160": { "autotile": 1.0, "autotile_index": 0.0, "tileset": "tile_secret", "coord": [ 3.0, 2.0 ] }, "320_320": { "autotile": 1.0, "autotile_index": 0.0, "tileset": "tile_secret", "coord": [ 2.0, 5.0 ] }, "1760_256": { "autotile": 1.0, "autotile_index": 0.0, "tileset": "tile_secret", "coord": [ 4.0, 1.0 ] }, "1856_288": { "autotile": 1.0, "autotile_index": 0.0, "tileset": "tile_secret", "coord": [ 6.0, 1.0 ] }, "864_256": { "autotile": 0.0, "autotile_index": 0.0, "tileset": "grindrails", "coord": [ 17.0, 9.0 ] }, "6656_224": { "autotile": 1.0, "autotile_index": 0.0, "tileset": "tile_secret", "coord": [ 2.0, 5.0 ] }, "6720_128": { "autotile": 1.0, "autotile_index": 0.0, "tileset": "tile_secret", "coord": [ 5.0, 1.0 ] }, "3648_288": { "autotile": 1.0, "autotile_index": 0.0, "tileset": "tile_secret", "coord": [ 6.0, 1.0 ] }, "928_256": { "autotile": 0.0, "autotile_index": 0.0, "tileset": "grindrails", "coord": [ 14.0, 9.0 ] }, "6624_160": { "autotile": 1.0, "autotile_index": 0.0, "tileset": "tile_secret", "coord": [ 3.0, 2.0 ] }, "1664_544": { "autotile": 0.0, "autotile_index": 0.0, "tileset": "grindrails", "coord": [ 18.0, 14.0 ] }, "5600_224": { "autotile": 1.0, "autotile_index": 0.0, "tileset": "tile_secret", "coord": [ 2.0, 5.0 ] }, "4224_256": { "autotile": 0.0, "autotile_index": 0.0, "tileset": "grindrails", "coord": [ 13.0, 9.0 ] }, "544_288": { "autotile": 0.0, "autotile_index": 0.0, "tileset": "grindrails", "coord": [ 12.0, 10.0 ] }, "6592_160": { "autotile": 1.0, "autotile_index": 0.0, "tileset": "tile_secret", "coord": [ 3.0, 2.0 ] }, "3392_256": { "autotile": 1.0, "autotile_index": 0.0, "tileset": "tile_secret", "coord": [ 4.0, 1.0 ] }, "6144_192": { "autotile": 1.0, "autotile_index": 0.0, "tileset": "tile_secret", "coord": [ 3.0, 4.0 ] }, "480_320": { "autotile": 1.0, "autotile_index": 0.0, "tileset": "tile_secret", "coord": [ 2.0, 5.0 ] }, "2016_256": { "autotile": 0.0, "autotile_index": 0.0, "tileset": "grindrails", "coord": [ 12.0, 9.0 ] }, "4096_256": { "autotile": 0.0, "autotile_index": 0.0, "tileset": "grindrails", "coord": [ 14.0, 9.0 ] }, "128_320": { "autotile": 1.0, "autotile_index": 0.0, "tileset": "tile_secret", "coord": [ 2.0, 5.0 ] }, "3520_320": { "autotile": 1.0, "autotile_index": 0.0, "tileset": "tile_secret", "coord": [ 2.0, 5.0 ] }, "736_256": { "autotile": 0.0, "autotile_index": 0.0, "tileset": "grindrails", "coord": [ 13.0, 9.0 ] }, "6400_128": { "autotile": 1.0, "autotile_index": 0.0, "tileset": "tile_secret", "coord": [ 4.0, 1.0 ] }, "192_256": { "autotile": 1.0, "autotile_index": 0.0, "tileset": "tile_secret", "coord": [ 4.0, 1.0 ] }, "1664_448": { "autotile": 0.0, "autotile_index": 0.0, "tileset": "grindrails", "coord": [ 18.0, 14.0 ] }, "2016_288": { "autotile": 0.0, "autotile_index": 0.0, "tileset": "grindrails", "coord": [ 12.0, 10.0 ] }, "6208_192": { "autotile": 1.0, "autotile_index": 0.0, "tileset": "tile_secret", "coord": [ 3.0, 4.0 ] }, "160_256": { "autotile": 1.0, "autotile_index": 0.0, "tileset": "tile_secret", "coord": [ 2.0, 9.0 ] }, "5984_128": { "autotile": 1.0, "autotile_index": 0.0, "tileset": "tile_secret", "coord": [ 4.0, 1.0 ] }, "4288_256": { "autotile": 0.0, "autotile_index": 0.0, "tileset": "grindrails", "coord": [ 15.0, 9.0 ] }, "3584_288": { "autotile": 1.0, "autotile_index": 0.0, "tileset": "tile_secret", "coord": [ 6.0, 1.0 ] }, "6176_224": { "autotile": 1.0, "autotile_index": 0.0, "tileset": "tile_secret", "coord": [ 2.0, 5.0 ] }, "1440_256": { "autotile": 0.0, "autotile_index": 0.0, "tileset": "grindrails", "coord": [ 15.0, 9.0 ] }, "2720_256": { "autotile": 0.0, "autotile_index": 0.0, "tileset": "grindrails", "coord": [ 14.0, 9.0 ] }, "3488_256": { "autotile": 1.0, "autotile_index": 0.0, "tileset": "tile_secret", "coord": [ 4.0, 1.0 ] }, "6688_128": { "autotile": 1.0, "autotile_index": 0.0, "tileset": "tile_secret", "coord": [ 4.0, 1.0 ] }, "3264_544": { "autotile": 0.0, "autotile_index": 0.0, "tileset": "grindrails", "coord": [ 18.0, 14.0 ] }, "3520_256": { "autotile": 1.0, "autotile_index": 0.0, "tileset": "tile_secret", "coord": [ 4.0, 1.0 ] }, "1664_672": { "autotile": 0.0, "autotile_index": 0.0, "tileset": "grindrails", "coord": [ 18.0, 14.0 ] }, "6656_160": { "autotile": 1.0, "autotile_index": 0.0, "tileset": "tile_secret", "coord": [ 3.0, 2.0 ] }, "2016_320": { "autotile": 0.0, "autotile_index": 0.0, "tileset": "grindrails", "coord": [ 12.0, 11.0 ] }, "1024_256": { "autotile": 0.0, "autotile_index": 0.0, "tileset": "grindrails", "coord": [ 17.0, 9.0 ] }, "3296_256": { "autotile": 1.0, "autotile_index": 0.0, "tileset": "tile_secret", "coord": [ 1.0, 1.0 ] }, "1504_256": { "autotile": 0.0, "autotile_index": 0.0, "tileset": "grindrails", "coord": [ 17.0, 9.0 ] }, "6400_224": { "autotile": 1.0, "autotile_index": 0.0, "tileset": "tile_secret", "coord": [ 2.0, 5.0 ] }, "1952_320": { "autotile": 1.0, "autotile_index": 0.0, "tileset": "tile_secret", "coord": [ 2.0, 5.0 ] }, "1664_704": { "autotile": 0.0, "autotile_index": 0.0, "tileset": "grindrails", "coord": [ 18.0, 14.0 ] }, "5824_224": { "autotile": 1.0, "autotile_index": 0.0, "tileset": "tile_secret", "coord": [ 2.0, 5.0 ] }, "1984_320": { "autotile": 1.0, "autotile_index": 0.0, "tileset": "tile_secret", "coord": [ 5.0, 5.0 ] }, "3712_384": { "coord": [ 12.0, 13.0 ], "autotile_index": 0.0, "tileset": "grindrails", "autotile": 0.0 }, "2016_416": { "autotile": 0.0, "autotile_index": 0.0, "tileset": "grindrails", "coord": [ 12.0, 14.0 ] }, "3488_288": { "autotile": 1.0, "autotile_index": 0.0, "tileset": "tile_secret", "coord": [ 6.0, 1.0 ] }, "5696_224": { "autotile": 1.0, "autotile_index": 0.0, "tileset": "tile_secret", "coord": [ 2.0, 5.0 ] }, "5600_192": { "autotile": 1.0, "autotile_index": 0.0, "tileset": "tile_secret", "coord": [ 3.0, 4.0 ] }, "5664_160": { "autotile": 1.0, "autotile_index": 0.0, "tileset": "tile_secret", "coord": [ 3.0, 2.0 ] }, "1120_256": { "autotile": 0.0, "autotile_index": 0.0, "tileset": "grindrails", "coord": [ 15.0, 9.0 ] }, "2176_256": { "autotile": 0.0, "autotile_index": 0.0, "tileset": "grindrails", "coord": [ 17.0, 9.0 ] }, "3264_832": { "autotile": 0.0, "autotile_index": 0.0, "tileset": "grindrails", "coord": [ 18.0, 14.0 ] }, "3328_320": { "autotile": 1.0, "autotile_index": 0.0, "tileset": "tile_secret", "coord": [ 2.0, 5.0 ] }, "3552_320": { "autotile": 1.0, "autotile_index": 0.0, "tileset": "tile_secret", "coord": [ 2.0, 5.0 ] }, "6240_192": { "autotile": 1.0, "autotile_index": 0.0, "tileset": "tile_secret", "coord": [ 3.0, 4.0 ] }, "4800_640": { "coord": [ 18.0, 14.0 ], "autotile_index": 0.0, "tileset": "grindrails", "autotile": 0.0 }, "2016_544": { "autotile": 0.0, "autotile_index": 0.0, "tileset": "grindrails", "coord": [ 12.0, 14.0 ] }, "3904_256": { "autotile": 0.0, "autotile_index": 0.0, "tileset": "grindrails", "coord": [ 13.0, 9.0 ] }, "6720_160": { "autotile": 1.0, "autotile_index": 0.0, "tileset": "tile_secret", "coord": [ 5.0, 4.0 ] }, "3648_256": { "autotile": 1.0, "autotile_index": 0.0, "tileset": "tile_secret", "coord": [ 4.0, 1.0 ] }, "1792_256": { "autotile": 1.0, "autotile_index": 0.0, "tileset": "tile_secret", "coord": [ 4.0, 1.0 ] }, "1376_256": { "autotile": 0.0, "autotile_index": 0.0, "tileset": "grindrails", "coord": [ 13.0, 9.0 ] }, "4384_256": { "autotile": 0.0, "autotile_index": 0.0, "tileset": "grindrails", "coord": [ 13.0, 9.0 ] }, "5952_192": { "autotile": 1.0, "autotile_index": 0.0, "tileset": "tile_secret", "coord": [ 3.0, 4.0 ] }, "6112_160": { "autotile": 1.0, "autotile_index": 0.0, "tileset": "tile_secret", "coord": [ 3.0, 2.0 ] }, "5792_192": { "autotile": 1.0, "autotile_index": 0.0, "tileset": "tile_secret", "coord": [ 3.0, 4.0 ] }, "4800_256": { "coord": [ 18.0, 9.0 ], "autotile_index": 0.0, "tileset": "grindrails", "autotile": 0.0 }, "1664_576": { "autotile": 0.0, "autotile_index": 0.0, "tileset": "grindrails", "coord": [ 18.0, 14.0 ] }, "4544_256": { "autotile": 0.0, "autotile_index": 0.0, "tileset": "grindrails", "coord": [ 13.0, 9.0 ] }, "6464_224": { "autotile": 1.0, "autotile_index": 0.0, "tileset": "tile_secret", "coord": [ 2.0, 5.0 ] }, "672_256": { "autotile": 0.0, "autotile_index": 0.0, "tileset": "grindrails", "coord": [ 16.0, 9.0 ] }, "4800_384": { "coord": [ 18.0, 13.0 ], "autotile_index": 0.0, "tileset": "grindrails", "autotile": 0.0 }, "640_256": { "autotile": 0.0, "autotile_index": 0.0, "tileset": "grindrails", "coord": [ 15.0, 9.0 ] }, "3456_256": { "autotile": 1.0, "autotile_index": 0.0, "tileset": "tile_secret", "coord": [ 4.0, 1.0 ] }, "544_416": { "autotile": 0.0, "autotile_index": 0.0, "tileset": "grindrails", "coord": [ 12.0, 14.0 ] }, "6432_224": { "autotile": 1.0, "autotile_index": 0.0, "tileset": "tile_secret", "coord": [ 2.0, 5.0 ] }, "6688_160": { "autotile": 1.0, "autotile_index": 0.0, "tileset": "tile_secret", "coord": [ 4.0, 2.0 ] }, "704_256": { "autotile": 0.0, "autotile_index": 0.0, "tileset": "grindrails", "coord": [ 17.0, 9.0 ] }, "1696_256": { "autotile": 1.0, "autotile_index": 0.0, "tileset": "tile_secret", "coord": [ 1.0, 1.0 ] }, "1760_320": { "autotile": 1.0, "autotile_index": 0.0, "tileset": "tile_secret", "coord": [ 2.0, 5.0 ] }, "6720_192": { "autotile": 1.0, "autotile_index": 0.0, "tileset": "tile_secret", "coord": [ 5.0, 4.0 ] }, "2336_256": { "autotile": 0.0, "autotile_index": 0.0, "tileset": "grindrails", "coord": [ 17.0, 9.0 ] }, "416_288": { "autotile": 1.0, "autotile_index": 0.0, "tileset": "tile_secret", "coord": [ 6.0, 1.0 ] }, "4800_576": { "coord": [ 18.0, 14.0 ], "autotile_index": 0.0, "tileset": "grindrails", "autotile": 0.0 }, "256_320": { "autotile": 1.0, "autotile_index": 0.0, "tileset": "tile_secret", "coord": [ 2.0, 5.0 ] }, "5600_128": { "autotile": 1.0, "autotile_index": 0.0, "tileset": "tile_secret", "coord": [ 4.0, 1.0 ] }, "480_288": { "autotile": 1.0, "autotile_index": 0.0, "tileset": "tile_secret", "coord": [ 6.0, 1.0 ] }, "5696_128": { "autotile": 1.0, "autotile_index": 0.0, "tileset": "tile_secret", "coord": [ 4.0, 1.0 ] }, "128_288": { "autotile": 1.0, "autotile_index": 0.0, "tileset": "tile_secret", "coord": [ 6.0, 1.0 ] }, "1664_480": { "autotile": 0.0, "autotile_index": 0.0, "tileset": "grindrails", "coord": [ 18.0, 14.0 ] }, "5728_192": { "autotile": 1.0, "autotile_index": 0.0, "tileset": "tile_secret", "coord": [ 3.0, 4.0 ] }, "576_256": { "autotile": 0.0, "autotile_index": 0.0, "tileset": "grindrails", "coord": [ 13.0, 9.0 ] }, "3360_320": { "autotile": 1.0, "autotile_index": 0.0, "tileset": "tile_secret", "coord": [ 2.0, 5.0 ] }, "5536_160": { "autotile": 1.0, "autotile_index": 0.0, "tileset": "tile_secret", "coord": [ 1.0, 2.0 ] }, "3360_256": { "autotile": 1.0, "autotile_index": 0.0, "tileset": "tile_secret", "coord": [ 4.0, 1.0 ] }, "3712_416": { "coord": [ 12.0, 14.0 ], "autotile_index": 0.0, "tileset": "grindrails", "autotile": 0.0 }, "5728_128": { "autotile": 1.0, "autotile_index": 0.0, "tileset": "tile_secret", "coord": [ 4.0, 1.0 ] }, "3872_256": { "autotile": 0.0, "autotile_index": 0.0, "tileset": "grindrails", "coord": [ 17.0, 9.0 ] }, "6464_160": { "autotile": 1.0, "autotile_index": 0.0, "tileset": "tile_secret", "coord": [ 3.0, 2.0 ] }, "2016_832": { "autotile": 0.0, "autotile_index": 0.0, "tileset": "grindrails", "coord": [ 12.0, 14.0 ] }, "5856_192": { "autotile": 1.0, "autotile_index": 0.0, "tileset": "tile_secret", "coord": [ 3.0, 4.0 ] }, "3712_736": { "coord": [ 12.0, 14.0 ], "autotile_index": 0.0, "tileset": "grindrails", "autotile": 0.0 }, "4064_256": { "autotile": 0.0, "autotile_index": 0.0, "tileset": "grindrails", "coord": [ 13.0, 9.0 ] }, "1728_288": { "autotile": 1.0, "autotile_index": 0.0, "tileset": "tile_secret", "coord": [ 6.0, 1.0 ] }, "6592_224": { "autotile": 1.0, "autotile_index": 0.0, "tileset": "tile_secret", "coord": [ 2.0, 5.0 ] }, "3680_288": { "autotile": 1.0, "autotile_index": 0.0, "tileset": "tile_secret", "coord": [ 5.0, 4.0 ] }, "6688_224": { "autotile": 1.0, "autotile_index": 0.0, "tileset": "tile_secret", "coord": [ 2.0, 5.0 ] }, "544_256": { "autotile": 0.0, "autotile_index": 0.0, "tileset": "grindrails", "coord": [ 12.0, 9.0 ] }, "384_320": { "autotile": 1.0, "autotile_index": 0.0, "tileset": "tile_secret", "coord": [ 2.0, 5.0 ] }, "5824_192": { "autotile": 1.0, "autotile_index": 0.0, "tileset": "tile_secret", "coord": [ 3.0, 4.0 ] }, "2528_256": { "autotile": 0.0, "autotile_index": 0.0, "tileset": "grindrails", "coord": [ 13.0, 9.0 ] }, "2016_704": { "autotile": 0.0, "autotile_index": 0.0, "tileset": "grindrails", "coord": [ 12.0, 14.0 ] }, "3712_544": { "coord": [ 12.0, 14.0 ], "autotile_index": 0.0, "tileset": "grindrails", "autotile": 0.0 }, "6560_192": { "autotile": 1.0, "autotile_index": 0.0, "tileset": "tile_secret", "coord": [ 3.0, 4.0 ] }, "4800_608": { "coord": [ 18.0, 14.0 ], "autotile_index": 0.0, "tileset": "grindrails", "autotile": 0.0 }, "6496_192": { "autotile": 1.0, "autotile_index": 0.0, "tileset": "tile_secret", "coord": [ 3.0, 4.0 ] }, "832_256": { "autotile": 0.0, "autotile_index": 0.0, "tileset": "grindrails", "coord": [ 16.0, 9.0 ] }, "3680_320": { "autotile": 1.0, "autotile_index": 0.0, "tileset": "tile_secret", "coord": [ 5.0, 5.0 ] }, "384_288": { "autotile": 1.0, "autotile_index": 0.0, "tileset": "tile_secret", "coord": [ 6.0, 1.0 ] }, "3424_320": { "autotile": 1.0, "autotile_index": 0.0, "tileset": "tile_secret", "coord": [ 2.0, 5.0 ] }, "6272_224": { "autotile": 1.0, "autotile_index": 0.0, "tileset": "tile_secret", "coord": [ 2.0, 5.0 ] }, "3840_256": { "autotile": 0.0, "autotile_index": 0.0, "tileset": "grindrails", "coord": [ 16.0, 9.0 ] }, "3712_608": { "coord": [ 12.0, 14.0 ], "autotile_index": 0.0, "tileset": "grindrails", "autotile": 0.0 }, "5856_128": { "autotile": 1.0, "autotile_index": 0.0, "tileset": "tile_secret", "coord": [ 4.0, 1.0 ] }, "2656_256": { "autotile": 0.0, "autotile_index": 0.0, "tileset": "grindrails", "coord": [ 17.0, 9.0 ] }, "2784_256": { "autotile": 0.0, "autotile_index": 0.0, "tileset": "grindrails", "coord": [ 16.0, 9.0 ] }, "6624_192": { "autotile": 1.0, "autotile_index": 0.0, "tileset": "tile_secret", "coord": [ 3.0, 4.0 ] }, "5728_160": { "autotile": 1.0, "autotile_index": 0.0, "tileset": "tile_secret", "coord": [ 3.0, 2.0 ] }, "2112_256": { "autotile": 0.0, "autotile_index": 0.0, "tileset": "grindrails", "coord": [ 15.0, 9.0 ] }, "4800_352": { "coord": [ 18.0, 12.0 ], "autotile_index": 0.0, "tileset": "grindrails", "autotile": 0.0 }, "544_832": { "autotile": 0.0, "autotile_index": 0.0, "tileset": "grindrails", "coord": [ 12.0, 14.0 ] }, "1792_320": { "autotile": 1.0, "autotile_index": 0.0, "tileset": "tile_secret", "coord": [ 2.0, 5.0 ] }, "5760_160": { "autotile": 1.0, "autotile_index": 0.0, "tileset": "tile_secret", "coord": [ 3.0, 2.0 ] }, "3168_256": { "autotile": 0.0, "autotile_index": 0.0, "tileset": "grindrails", "coord": [ 13.0, 9.0 ] }, "3648_320": { "autotile": 1.0, "autotile_index": 0.0, "tileset": "tile_secret", "coord": [ 2.0, 5.0 ] }, "2912_256": { "autotile": 0.0, "autotile_index": 0.0, "tileset": "grindrails", "coord": [ 15.0, 9.0 ] }, "6240_224": { "autotile": 1.0, "autotile_index": 0.0, "tileset": "tile_secret", "coord": [ 2.0, 5.0 ] }, "2016_672": { "autotile": 0.0, "autotile_index": 0.0, "tileset": "grindrails", "coord": [ 12.0, 14.0 ] }, "3264_256": { "autotile": 0.0, "autotile_index": 0.0, "tileset": "grindrails", "coord": [ 18.0, 9.0 ] }, "544_704": { "autotile": 0.0, "autotile_index": 0.0, "tileset": "grindrails", "coord": [ 12.0, 14.0 ] }, "5728_224": { "autotile": 1.0, "autotile_index": 0.0, "tileset": "tile_secret", "coord": [ 2.0, 5.0 ] }, "3616_288": { "autotile": 1.0, "autotile_index": 0.0, "tileset": "tile_secret", "coord": [ 6.0, 1.0 ] }, "1888_288": { "autotile": 1.0, "autotile_index": 0.0, "tileset": "tile_secret", "coord": [ 6.0, 1.0 ] }, "2048_256": { "autotile": 0.0, "autotile_index": 0.0, "tileset": "grindrails", "coord": [ 13.0, 9.0 ] }, "3712_800": { "coord": [ 12.0, 14.0 ], "autotile_index": 0.0, "tileset": "grindrails", "autotile": 0.0 }, "6048_128": { "autotile": 1.0, "autotile_index": 0.0, "tileset": "tile_secret", "coord": [ 4.0, 1.0 ] }, "1824_320": { "autotile": 1.0, "autotile_index": 0.0, "tileset": "tile_secret", "coord": [ 2.0, 5.0 ] }, "3808_256": { "autotile": 0.0, "autotile_index": 0.0, "tileset": "grindrails", "coord": [ 15.0, 9.0 ] }, "6208_128": { "autotile": 1.0, "autotile_index": 0.0, "tileset": "tile_secret", "coord": [ 4.0, 1.0 ] }, "3264_416": { "autotile": 0.0, "autotile_index": 0.0, "tileset": "grindrails", "coord": [ 18.0, 14.0 ] }, "3712_832": { "coord": [ 12.0, 14.0 ], "autotile_index": 0.0, "tileset": "grindrails", "autotile": 0.0 }, "3712_672": { "coord": [ 12.0, 14.0 ], "autotile_index": 0.0, "tileset": "grindrails", "autotile": 0.0 }, "256_256": { "autotile": 1.0, "autotile_index": 0.0, "tileset": "tile_secret", "coord": [ 4.0, 1.0 ] }, "6592_128": { "autotile": 1.0, "autotile_index": 0.0, "tileset": "tile_secret", "coord": [ 4.0, 1.0 ] }, "2304_256": { "autotile": 0.0, "autotile_index": 0.0, "tileset": "grindrails", "coord": [ 16.0, 9.0 ] }, "6080_192": { "autotile": 1.0, "autotile_index": 0.0, "tileset": "tile_secret", "coord": [ 3.0, 4.0 ] }, "192_320": { "autotile": 1.0, "autotile_index": 0.0, "tileset": "tile_secret", "coord": [ 2.0, 5.0 ] }, "544_448": { "autotile": 0.0, "autotile_index": 0.0, "tileset": "grindrails", "coord": [ 12.0, 14.0 ] }, "4800_800": { "coord": [ 18.0, 14.0 ], "autotile_index": 0.0, "tileset": "grindrails", "autotile": 0.0 }, "256_288": { "autotile": 1.0, "autotile_index": 0.0, "tileset": "tile_secret", "coord": [ 6.0, 1.0 ] }, "4448_256": { "autotile": 0.0, "autotile_index": 0.0, "tileset": "grindrails", "coord": [ 15.0, 9.0 ] }, "3296_320": { "autotile": 1.0, "autotile_index": 0.0, "tileset": "tile_secret", "coord": [ 1.0, 5.0 ] }, "96_256": { "autotile": 1.0, "autotile_index": 0.0, "tileset": "tile_secret", "coord": [ 1.0, 2.0 ] }, "6304_160": { "autotile": 1.0, "autotile_index": 0.0, "tileset": "tile_secret", "coord": [ 3.0, 2.0 ] }, "2688_256": { "autotile": 0.0, "autotile_index": 0.0, "tileset": "grindrails", "coord": [ 13.0, 9.0 ] }, "1664_352": { "autotile": 0.0, "autotile_index": 0.0, "tileset": "grindrails", "coord": [ 18.0, 12.0 ] }, "6624_224": { "autotile": 1.0, "autotile_index": 0.0, "tileset": "tile_secret", "coord": [ 2.0, 5.0 ] }, "1056_256": { "autotile": 0.0, "autotile_index": 0.0, "tileset": "grindrails", "coord": [ 13.0, 9.0 ] }, "6368_128": { "autotile": 1.0, "autotile_index": 0.0, "tileset": "tile_secret", "coord": [ 4.0, 1.0 ] }, "544_672": { "autotile": 0.0, "autotile_index": 0.0, "tileset": "grindrails", "coord": [ 12.0, 14.0 ] }, "2272_256": { "autotile": 0.0, "autotile_index": 0.0, "tileset": "grindrails", "coord": [ 15.0, 9.0 ] }, "5568_192": { "autotile": 1.0, "autotile_index": 0.0, "tileset": "tile_secret", "coord": [ 2.0, 4.0 ] }, "544_800": { "autotile": 0.0, "autotile_index": 0.0, "tileset": "grindrails", "coord": [ 12.0, 14.0 ] }, "6656_128": { "autotile": 1.0, "autotile_index": 0.0, "tileset": "tile_secret", "coord": [ 4.0, 1.0 ] }, "3264_736": { "autotile": 0.0, "autotile_index": 0.0, "tileset": "grindrails", "coord": [ 18.0, 14.0 ] }, "5568_160": { "autotile": 1.0, "autotile_index": 0.0, "tileset": "tile_secret", "coord": [ 2.0, 2.0 ] }, "960_256": { "autotile": 0.0, "autotile_index": 0.0, "tileset": "grindrails", "coord": [ 15.0, 9.0 ] }, "3264_352": { "autotile": 0.0, "autotile_index": 0.0, "tileset": "grindrails", "coord": [ 18.0, 12.0 ] }, "-832_-480": { "autotile": 1.0, "autotile_index": 0.0, "tileset": "tile_secret", "coord": [ 0.0, 0.0 ] }, "2592_256": { "autotile": 0.0, "autotile_index": 0.0, "tileset": "grindrails", "coord": [ 15.0, 9.0 ] }, "2080_256": { "autotile": 0.0, "autotile_index": 0.0, "tileset": "grindrails", "coord": [ 14.0, 9.0 ] }, "6496_128": { "autotile": 1.0, "autotile_index": 0.0, "tileset": "tile_secret", "coord": [ 4.0, 1.0 ] }, "6112_224": { "autotile": 1.0, "autotile_index": 0.0, "tileset": "tile_secret", "coord": [ 2.0, 5.0 ] } }, "6": { "5504_608": { "coord": [ 18.0, 14.0 ], "autotile_index": 0.0, "tileset": "grindrails", "autotile": 0.0 }, "5504_736": { "coord": [ 18.0, 14.0 ], "autotile_index": 0.0, "tileset": "grindrails", "autotile": 0.0 }, "5312_128": { "autotile": 0.0, "autotile_index": 0.0, "tileset": "grindrails", "coord": [ 15.0, 9.0 ] }, "4864_128": { "autotile": 0.0, "autotile_index": 0.0, "tileset": "grindrails", "coord": [ 16.0, 9.0 ] }, "5504_832": { "coord": [ 18.0, 14.0 ], "autotile_index": 0.0, "tileset": "grindrails", "autotile": 0.0 }, "4608_128": { "autotile": 0.0, "autotile_index": 0.0, "tileset": "grindrails", "coord": [ 13.0, 9.0 ] }, "4320_128": { "autotile": 0.0, "autotile_index": 0.0, "tileset": "grindrails", "coord": [ 14.0, 9.0 ] }, "4096_736": { "autotile": 0.0, "autotile_index": 0.0, "tileset": "grindrails", "coord": [ 12.0, 14.0 ] }, "4160_128": { "autotile": 0.0, "autotile_index": 0.0, "tileset": "grindrails", "coord": [ 14.0, 9.0 ] }, "4096_448": { "autotile": 0.0, "autotile_index": 0.0, "tileset": "grindrails", "coord": [ 12.0, 14.0 ] }, "4960_128": { "autotile": 0.0, "autotile_index": 0.0, "tileset": "grindrails", "coord": [ 14.0, 9.0 ] }, "5248_128": { "autotile": 0.0, "autotile_index": 0.0, "tileset": "grindrails", "coord": [ 13.0, 9.0 ] }, "4096_384": { "autotile": 0.0, "autotile_index": 0.0, "tileset": "grindrails", "coord": [ 12.0, 14.0 ] }, "4096_640": { "autotile": 0.0, "autotile_index": 0.0, "tileset": "grindrails", "coord": [ 12.0, 14.0 ] }, "5504_512": { "coord": [ 18.0, 14.0 ], "autotile_index": 0.0, "tileset": "grindrails", "autotile": 0.0 }, "5056_128": { "autotile": 0.0, "autotile_index": 0.0, "tileset": "grindrails", "coord": [ 17.0, 9.0 ] }, "5504_416": { "coord": [ 18.0, 14.0 ], "autotile_index": 0.0, "tileset": "grindrails", "autotile": 0.0 }, "5344_128": { "autotile": 0.0, "autotile_index": 0.0, "tileset": "grindrails", "coord": [ 16.0, 9.0 ] }, "4352_128": { "autotile": 0.0, "autotile_index": 0.0, "tileset": "grindrails", "coord": [ 15.0, 9.0 ] }, "4128_128": { "autotile": 0.0, "autotile_index": 0.0, "tileset": "grindrails", "coord": [ 13.0, 9.0 ] }, "5504_320": { "autotile": 0.0, "autotile_index": 0.0, "tileset": "grindrails", "coord": [ 18.0, 14.0 ] }, "4096_608": { "autotile": 0.0, "autotile_index": 0.0, "tileset": "grindrails", "coord": [ 12.0, 14.0 ] }, "5504_256": { "autotile": 0.0, "autotile_index": 0.0, "tileset": "grindrails", "coord": [ 18.0, 12.0 ] }, "5504_480": { "coord": [ 18.0, 14.0 ], "autotile_index": 0.0, "tileset": "grindrails", "autotile": 0.0 }, "4992_128": { "autotile": 0.0, "autotile_index": 0.0, "tileset": "grindrails", "coord": [ 15.0, 9.0 ] }, "4096_160": { "autotile": 0.0, "autotile_index": 0.0, "tileset": "grindrails", "coord": [ 12.0, 10.0 ] }, "4096_128": { "autotile": 0.0, "autotile_index": 0.0, "tileset": "grindrails", "coord": [ 12.0, 9.0 ] }, "4096_544": { "autotile": 0.0, "autotile_index": 0.0, "tileset": "grindrails", "coord": [ 12.0, 14.0 ] }, "4096_288": { "autotile": 0.0, "autotile_index": 0.0, "tileset": "grindrails", "coord": [ 12.0, 13.0 ] }, "4480_128": { "autotile": 0.0, "autotile_index": 0.0, "tileset": "grindrails", "coord": [ 14.0, 9.0 ] }, "5504_128": { "autotile": 0.0, "autotile_index": 0.0, "tileset": "grindrails", "coord": [ 18.0, 9.0 ] }, "5504_352": { "coord": [ 18.0, 14.0 ], "autotile_index": 0.0, "tileset": "grindrails", "autotile": 0.0 }, "4672_128": { "autotile": 0.0, "autotile_index": 0.0, "tileset": "grindrails", "coord": [ 15.0, 9.0 ] }, "5472_128": { "autotile": 0.0, "autotile_index": 0.0, "tileset": "grindrails", "coord": [ 15.0, 9.0 ] }, "4096_352": { "autotile": 0.0, "autotile_index": 0.0, "tileset": "grindrails", "coord": [ 12.0, 14.0 ] }, "4096_800": { "autotile": 0.0, "autotile_index": 0.0, "tileset": "grindrails", "coord": [ 12.0, 14.0 ] }, "4256_128": { "autotile": 0.0, "autotile_index": 0.0, "tileset": "grindrails", "coord": [ 17.0, 9.0 ] }, "4096_320": { "autotile": 0.0, "autotile_index": 0.0, "tileset": "grindrails", "coord": [ 12.0, 14.0 ] }, "5504_224": { "autotile": 0.0, "autotile_index": 0.0, "tileset": "grindrails", "coord": [ 18.0, 11.0 ] }, "4096_512": { "autotile": 0.0, "autotile_index": 0.0, "tileset": "grindrails", "coord": [ 12.0, 14.0 ] }, "5504_704": { "coord": [ 18.0, 14.0 ], "autotile_index": 0.0, "tileset": "grindrails", "autotile": 0.0 }, "4384_128": { "autotile": 0.0, "autotile_index": 0.0, "tileset": "grindrails", "coord": [ 16.0, 9.0 ] }, "4288_128": { "autotile": 0.0, "autotile_index": 0.0, "tileset": "grindrails", "coord": [ 13.0, 9.0 ] }, "5504_640": { "coord": [ 18.0, 14.0 ], "autotile_index": 0.0, "tileset": "grindrails", "autotile": 0.0 }, "5120_128": { "autotile": 0.0, "autotile_index": 0.0, "tileset": "grindrails", "coord": [ 14.0, 9.0 ] }, "5280_128": { "autotile": 0.0, "autotile_index": 0.0, "tileset": "grindrails", "coord": [ 14.0, 9.0 ] }, "4640_128": { "autotile": 0.0, "autotile_index": 0.0, "tileset": "grindrails", "coord": [ 14.0, 9.0 ] }, "4096_192": { "autotile": 0.0, "autotile_index": 0.0, "tileset": "grindrails", "coord": [ 12.0, 11.0 ] }, "4800_128": { "autotile": 0.0, "autotile_index": 0.0, "tileset": "grindrails", "coord": [ 14.0, 9.0 ] }, "4512_128": { "autotile": 0.0, "autotile_index": 0.0, "tileset": "grindrails", "coord": [ 15.0, 9.0 ] }, "5504_544": { "coord": [ 18.0, 14.0 ], "autotile_index": 0.0, "tileset": "grindrails", "autotile": 0.0 }, "5088_128": { "autotile": 0.0, "autotile_index": 0.0, "tileset": "grindrails", "coord": [ 13.0, 9.0 ] }, "4832_128": { "autotile": 0.0, "autotile_index": 0.0, "tileset": "grindrails", "coord": [ 15.0, 9.0 ] }, "5216_128": { "autotile": 0.0, "autotile_index": 0.0, "tileset": "grindrails", "coord": [ 17.0, 9.0 ] }, "5408_128": { "autotile": 0.0, "autotile_index": 0.0, "tileset": "grindrails", "coord": [ 13.0, 9.0 ] }, "4576_128": { "autotile": 0.0, "autotile_index": 0.0, "tileset": "grindrails", "coord": [ 17.0, 9.0 ] }, "4096_672": { "autotile": 0.0, "autotile_index": 0.0, "tileset": "grindrails", "coord": [ 12.0, 14.0 ] }, "4096_224": { "autotile": 0.0, "autotile_index": 0.0, "tileset": "grindrails", "coord": [ 12.0, 11.0 ] }, "5504_288": { "autotile": 0.0, "autotile_index": 0.0, "tileset": "grindrails", "coord": [ 18.0, 13.0 ] }, "4096_256": { "autotile": 0.0, "autotile_index": 0.0, "tileset": "grindrails", "coord": [ 12.0, 12.0 ] }, "4096_832": { "autotile": 0.0, "autotile_index": 0.0, "tileset": "grindrails", "coord": [ 12.0, 14.0 ] }, "4096_704": { "autotile": 0.0, "autotile_index": 0.0, "tileset": "grindrails", "coord": [ 12.0, 14.0 ] }, "4192_128": { "autotile": 0.0, "autotile_index": 0.0, "tileset": "grindrails", "coord": [ 15.0, 9.0 ] }, "4448_128": { "autotile": 0.0, "autotile_index": 0.0, "tileset": "grindrails", "coord": [ 13.0, 9.0 ] }, "4896_128": { "autotile": 0.0, "autotile_index": 0.0, "tileset": "grindrails", "coord": [ 17.0, 9.0 ] }, "4096_480": { "autotile": 0.0, "autotile_index": 0.0, "tileset": "grindrails", "coord": [ 12.0, 14.0 ] }, "5184_128": { "autotile": 0.0, "autotile_index": 0.0, "tileset": "grindrails", "coord": [ 16.0, 9.0 ] }, "5152_128": { "autotile": 0.0, "autotile_index": 0.0, "tileset": "grindrails", "coord": [ 15.0, 9.0 ] }, "5504_192": { "autotile": 0.0, "autotile_index": 0.0, "tileset": "grindrails", "coord": [ 18.0, 11.0 ] }, "4928_128": { "autotile": 0.0, "autotile_index": 0.0, "tileset": "grindrails", "coord": [ 13.0, 9.0 ] }, "4096_768": { "autotile": 0.0, "autotile_index": 0.0, "tileset": "grindrails", "coord": [ 12.0, 14.0 ] }, "5504_448": { "coord": [ 18.0, 14.0 ], "autotile_index": 0.0, "tileset": "grindrails", "autotile": 0.0 }, "4768_128": { "autotile": 0.0, "autotile_index": 0.0, "tileset": "grindrails", "coord": [ 13.0, 9.0 ] }, "5440_128": { "autotile": 0.0, "autotile_index": 0.0, "tileset": "grindrails", "coord": [ 14.0, 9.0 ] }, "4736_128": { "autotile": 0.0, "autotile_index": 0.0, "tileset": "grindrails", "coord": [ 17.0, 9.0 ] }, "5024_128": { "autotile": 0.0, "autotile_index": 0.0, "tileset": "grindrails", "coord": [ 16.0, 9.0 ] }, "4096_416": { "autotile": 0.0, "autotile_index": 0.0, "tileset": "grindrails", "coord": [ 12.0, 14.0 ] }, "4096_576": { "autotile": 0.0, "autotile_index": 0.0, "tileset": "grindrails", "coord": [ 12.0, 14.0 ] }, "5504_576": { "coord": [ 18.0, 14.0 ], "autotile_index": 0.0, "tileset": "grindrails", "autotile": 0.0 }, "4224_128": { "autotile": 0.0, "autotile_index": 0.0, "tileset": "grindrails", "coord": [ 16.0, 9.0 ] }, "5504_160": { "autotile": 0.0, "autotile_index": 0.0, "tileset": "grindrails", "coord": [ 18.0, 10.0 ] }, "5504_768": { "coord": [ 18.0, 14.0 ], "autotile_index": 0.0, "tileset": "grindrails", "autotile": 0.0 }, "4704_128": { "autotile": 0.0, "autotile_index": 0.0, "tileset": "grindrails", "coord": [ 16.0, 9.0 ] }, "5504_672": { "coord": [ 18.0, 14.0 ], "autotile_index": 0.0, "tileset": "grindrails", "autotile": 0.0 }, "5376_128": { "autotile": 0.0, "autotile_index": 0.0, "tileset": "grindrails", "coord": [ 17.0, 9.0 ] }, "4544_128": { "autotile": 0.0, "autotile_index": 0.0, "tileset": "grindrails", "coord": [ 16.0, 9.0 ] }, "5504_384": { "coord": [ 18.0, 14.0 ], "autotile_index": 0.0, "tileset": "grindrails", "autotile": 0.0 }, "5504_800": { "coord": [ 18.0, 14.0 ], "autotile_index": 0.0, "tileset": "grindrails", "autotile": 0.0 }, "4416_128": { "autotile": 0.0, "autotile_index": 0.0, "tileset": "grindrails", "coord": [ 17.0, 9.0 ] } } }, "backgrounds": { "5": { "x": 0.0, "scroll_x": 0.69999999999999995559107901499374, "tile_y": 1.0, "hspeed": 1.0, "scroll_y": 0.69999999999999995559107901499374, "y": 0.0, "sprite": "bg_secret", "tile_x": 1.0, "vspeed": 1.0, "image_speed": 0.0, "panic_sprite": -1.0 } }, "properties": { "song": "guts to-go secret", "pausecombo": 0.0, "roomX": -416.0, "levelWidth": 8256.0, "roomY": -896.0, "levelHeight": 860.0, "songTransitionTime": 100.0 } }