{ "editorVersion": 5.0, "instances": [ { "layer": 0.0, "deleted": 0.0, "variables": { "x": 2336.0, "flipX": 0.0, "y": 0.0, "flipY": 0.0 }, "object": 752.0 }, { "layer": 0.0, "deleted": 0.0, "variables": { "x": 2304.0, "flipX": 0.0, "y": -32.0, "flipY": 0.0 }, "object": 752.0 }, { "layer": 0.0, "deleted": 0.0, "variables": { "x": 2272.0, "flipX": 0.0, "y": 0.0, "flipY": 0.0 }, "object": 752.0 }, { "layer": 0.0, "deleted": 1.0, "variables": { "x": 2240.0, "flipX": 0.0, "y": -32.0, "flipY": 0.0 }, "object": 752.0 }, { "layer": 0.0, "deleted": 0.0, "variables": { "x": -32.0, "y": 128.0, "image_xscale": 4.0, "image_yscale": 3.0, "flipX": 0.0, "flipY": 0.0 }, "object": 517.0 }, { "layer": 0.0, "deleted": 0.0, "variables": { "x": -32.0, "y": 96.0, "image_xscale": 4.0, "image_yscale": 1.0, "flipX": 0.0, "flipY": 0.0 }, "object": 521.0 }, { "layer": 0.0, "deleted": 0.0, "variables": { "x": 32.0, "y": 32.0, "image_xscale": 1.0, "image_yscale": 1.0, "flipX": 0.0, "flipY": 0.0 }, "object": 248.0 }, { "layer": 0.0, "deleted": 0.0, "variables": { "x": -96.0, "y": 96.0, "image_xscale": 2.0, "image_yscale": 4.0, "flipX": 0.0, "flipY": 0.0 }, "object": 517.0 }, { "layer": 0.0, "deleted": 0.0, "variables": { "x": 96.0, "y": 96.0, "image_xscale": 2.0, "image_yscale": 4.0, "flipX": 0.0, "flipY": 0.0 }, "object": 517.0 }, { "layer": 0.0, "deleted": 0.0, "variables": { "x": 224.0, "y": -128.0, "image_xscale": 2.0, "image_yscale": 4.0, "flipX": 0.0, "flipY": 0.0 }, "object": 517.0 }, { "layer": 0.0, "deleted": 0.0, "variables": { "x": 288.0, "y": -128.0, "image_xscale": 4.0, "image_yscale": 1.0, "flipX": 0.0, "flipY": 0.0 }, "object": 521.0 }, { "layer": 0.0, "deleted": 0.0, "variables": { "x": 288.0, "y": -96.0, "image_xscale": 4.0, "image_yscale": 3.0, "flipX": 0.0, "flipY": 0.0 }, "object": 517.0 }, { "layer": 0.0, "deleted": 0.0, "variables": { "x": 416.0, "y": -128.0, "image_xscale": 2.0, "image_yscale": 4.0, "flipX": 0.0, "flipY": 0.0 }, "object": 517.0 }, { "layer": 0.0, "deleted": 0.0, "variables": { "x": 928.0, "flipX": 0.0, "y": -320.0, "flipY": 0.0 }, "object": 811.0 }, { "layer": 0.0, "deleted": 0.0, "variables": { "x": 896.0, "flipX": 0.0, "y": -320.0, "flipY": 0.0 }, "object": 811.0 }, { "layer": 0.0, "deleted": 0.0, "variables": { "x": 864.0, "flipX": 0.0, "y": -320.0, "flipY": 0.0 }, "object": 811.0 }, { "layer": 0.0, "deleted": 0.0, "variables": { "x": 832.0, "flipX": 0.0, "y": -320.0, "flipY": 0.0 }, "object": 811.0 }, { "layer": 0.0, "deleted": 0.0, "variables": { "x": 800.0, "flipX": 0.0, "y": -320.0, "flipY": 0.0 }, "object": 811.0 }, { "layer": 0.0, "deleted": 0.0, "variables": { "x": 768.0, "flipX": 0.0, "y": -320.0, "flipY": 0.0 }, "object": 811.0 }, { "layer": 0.0, "deleted": 0.0, "variables": { "x": 736.0, "flipX": 0.0, "y": -320.0, "flipY": 0.0 }, "object": 811.0 }, { "layer": 0.0, "deleted": 0.0, "variables": { "x": 32.0, "y": -128.0, "image_xscale": 1.0, "image_yscale": 1.0, "flipX": 0.0, "flipY": 0.0 }, "object": 763.0 }, { "layer": 0.0, "deleted": 0.0, "variables": { "x": 576.0, "y": -320.0, "image_xscale": 4.0, "image_yscale": 4.0, "flipX": 0.0, "flipY": 0.0 }, "object": 517.0 }, { "layer": 0.0, "deleted": 0.0, "variables": { "x": 704.0, "flipX": 0.0, "y": -320.0, "flipY": 0.0 }, "object": 811.0 }, { "layer": 0.0, "deleted": 0.0, "variables": { "x": 896.0, "y": -416.0, "image_xscale": 1.0, "image_yscale": 1.0, "flipX": 0.0, "flipY": 0.0 }, "object": 362.0 }, { "layer": 0.0, "deleted": 0.0, "variables": { "x": 960.0, "flipX": 0.0, "y": -320.0, "flipY": 0.0 }, "object": 811.0 }, { "layer": 0.0, "deleted": 0.0, "variables": { "x": 992.0, "flipX": 0.0, "y": -320.0, "flipY": 0.0 }, "object": 811.0 }, { "layer": 0.0, "deleted": 0.0, "variables": { "x": 1024.0, "flipX": 0.0, "y": -320.0, "flipY": 0.0 }, "object": 811.0 }, { "layer": 0.0, "deleted": 0.0, "variables": { "x": 1056.0, "flipX": 0.0, "y": -320.0, "flipY": 0.0 }, "object": 811.0 }, { "layer": 0.0, "deleted": 0.0, "variables": { "x": 1088.0, "flipX": 0.0, "y": -320.0, "flipY": 0.0 }, "object": 811.0 }, { "layer": 0.0, "deleted": 0.0, "variables": { "x": 1120.0, "flipX": 0.0, "y": -320.0, "flipY": 0.0 }, "object": 811.0 }, { "layer": 0.0, "deleted": 0.0, "variables": { "x": 1152.0, "flipX": 0.0, "y": -320.0, "flipY": 0.0 }, "object": 811.0 }, { "layer": 0.0, "deleted": 0.0, "variables": { "x": 1184.0, "flipX": 0.0, "y": -320.0, "flipY": 0.0 }, "object": 811.0 }, { "layer": 0.0, "deleted": 0.0, "variables": { "x": 1216.0, "flipX": 0.0, "y": -320.0, "flipY": 0.0 }, "object": 811.0 }, { "layer": 0.0, "deleted": 0.0, "variables": { "x": 1248.0, "flipX": 0.0, "y": -320.0, "flipY": 0.0 }, "object": 811.0 }, { "layer": 0.0, "deleted": 0.0, "variables": { "x": 1280.0, "flipX": 0.0, "y": -320.0, "flipY": 0.0 }, "object": 811.0 }, { "layer": 0.0, "deleted": 0.0, "variables": { "x": 640.0, "flipX": 0.0, "y": -352.0, "flipY": 0.0 }, "object": 816.0 }, { "layer": 0.0, "deleted": 0.0, "variables": { "x": 1088.0, "y": -480.0, "image_xscale": 1.0, "image_yscale": 1.0, "flipX": 0.0, "flipY": 0.0 }, "object": 763.0 }, { "layer": 0.0, "deleted": 0.0, "variables": { "x": 352.0, "flipX": 0.0, "y": -320.0, "flipY": 0.0 }, "object": 752.0 }, { "layer": 0.0, "deleted": 0.0, "variables": { "x": 352.0, "flipX": 0.0, "y": -352.0, "flipY": 0.0 }, "object": 752.0 }, { "layer": 0.0, "deleted": 0.0, "variables": { "x": 320.0, "flipX": 0.0, "y": -352.0, "flipY": 0.0 }, "object": 752.0 }, { "layer": 0.0, "deleted": 0.0, "variables": { "x": 320.0, "flipX": 0.0, "y": -320.0, "flipY": 0.0 }, "object": 752.0 }, { "layer": 0.0, "deleted": 0.0, "variables": { "x": 2688.0, "flipX": 0.0, "y": 32.0, "flipY": 0.0 }, "object": 811.0 }, { "layer": 0.0, "deleted": 0.0, "variables": { "x": 2656.0, "flipX": 0.0, "y": 32.0, "flipY": 0.0 }, "object": 811.0 }, { "layer": 0.0, "deleted": 0.0, "variables": { "x": 2624.0, "flipX": 0.0, "y": 32.0, "flipY": 0.0 }, "object": 811.0 }, { "layer": 0.0, "deleted": 0.0, "variables": { "x": 2592.0, "flipX": 0.0, "y": 32.0, "flipY": 0.0 }, "object": 811.0 }, { "layer": 0.0, "deleted": 0.0, "variables": { "x": 2560.0, "flipX": 0.0, "y": 32.0, "flipY": 0.0 }, "object": 811.0 }, { "layer": 0.0, "deleted": 0.0, "variables": { "x": 2528.0, "flipX": 0.0, "y": 32.0, "flipY": 0.0 }, "object": 811.0 }, { "layer": 0.0, "deleted": 0.0, "variables": { "x": 1888.0, "y": -32.0, "image_xscale": 4.0, "image_yscale": 50.0, "flipX": 0.0, "flipY": 0.0 }, "object": 517.0 }, { "layer": 0.0, "deleted": 0.0, "variables": { "x": 2496.0, "flipX": 0.0, "y": 32.0, "flipY": 0.0 }, "object": 811.0 }, { "layer": 0.0, "deleted": 0.0, "variables": { "x": 2464.0, "flipX": 0.0, "y": 32.0, "flipY": 0.0 }, "object": 811.0 }, { "layer": 0.0, "deleted": 0.0, "variables": { "x": 2432.0, "flipX": 0.0, "y": 32.0, "flipY": 0.0 }, "object": 811.0 }, { "layer": 0.0, "deleted": 0.0, "variables": { "x": 2400.0, "flipX": 0.0, "y": 32.0, "flipY": 0.0 }, "object": 811.0 }, { "layer": 0.0, "deleted": 0.0, "variables": { "x": 2016.0, "flipX": 0.0, "y": 32.0, "flipY": 0.0 }, "object": 811.0 }, { "layer": 0.0, "deleted": 0.0, "variables": { "x": 2048.0, "flipX": 0.0, "y": 32.0, "flipY": 0.0 }, "object": 811.0 }, { "layer": 0.0, "deleted": 0.0, "variables": { "x": 2080.0, "flipX": 0.0, "y": 32.0, "flipY": 0.0 }, "object": 811.0 }, { "layer": 0.0, "deleted": 0.0, "variables": { "x": 2112.0, "flipX": 0.0, "y": 32.0, "flipY": 0.0 }, "object": 811.0 }, { "layer": 0.0, "deleted": 0.0, "variables": { "x": 2144.0, "flipX": 0.0, "y": 32.0, "flipY": 0.0 }, "object": 811.0 }, { "layer": 0.0, "deleted": 0.0, "variables": { "x": 2176.0, "flipX": 0.0, "y": 32.0, "flipY": 0.0 }, "object": 811.0 }, { "layer": 0.0, "deleted": 0.0, "variables": { "x": 2208.0, "flipX": 0.0, "y": 32.0, "flipY": 0.0 }, "object": 811.0 }, { "layer": 0.0, "deleted": 0.0, "variables": { "x": 2240.0, "flipX": 0.0, "y": 32.0, "flipY": 0.0 }, "object": 811.0 }, { "layer": 0.0, "deleted": 0.0, "variables": { "x": 2272.0, "flipX": 0.0, "y": 32.0, "flipY": 0.0 }, "object": 811.0 }, { "layer": 0.0, "deleted": 0.0, "variables": { "x": 2304.0, "flipX": 0.0, "y": 32.0, "flipY": 0.0 }, "object": 811.0 }, { "layer": 0.0, "deleted": 0.0, "variables": { "x": 2336.0, "flipX": 0.0, "y": 32.0, "flipY": 0.0 }, "object": 811.0 }, { "layer": 0.0, "deleted": 0.0, "variables": { "x": 2368.0, "flipX": 0.0, "y": 32.0, "flipY": 0.0 }, "object": 811.0 }, { "layer": 0.0, "deleted": 0.0, "variables": { "x": 2752.0, "y": -352.0, "image_xscale": 2.0, "image_yscale": 4.0, "flipX": 0.0, "flipY": 0.0 }, "object": 517.0 }, { "layer": 0.0, "deleted": 0.0, "variables": { "x": 2304.0, "y": -192.0, "image_xscale": 4.0, "image_yscale": 1.0, "flipX": 0.0, "flipY": 0.0 }, "object": 521.0 }, { "layer": 0.0, "deleted": 0.0, "variables": { "x": 2432.0, "y": -192.0, "image_xscale": 2.0, "image_yscale": 4.0, "flipX": 0.0, "flipY": 0.0 }, "object": 517.0 }, { "layer": 0.0, "deleted": 0.0, "variables": { "x": 2304.0, "y": -160.0, "image_xscale": 4.0, "image_yscale": 3.0, "flipX": 0.0, "flipY": 0.0 }, "object": 517.0 }, { "layer": 0.0, "deleted": 0.0, "variables": { "x": 2240.0, "y": -192.0, "image_xscale": 2.0, "image_yscale": 4.0, "flipX": 0.0, "flipY": 0.0 }, "object": 517.0 }, { "layer": 0.0, "deleted": 0.0, "variables": { "x": 2688.0, "y": 192.0, "image_xscale": 10.0, "image_yscale": 4.0, "flipX": 0.0, "flipY": 0.0 }, "object": 517.0 }, { "layer": 0.0, "deleted": 0.0, "variables": { "x": 2560.0, "y": 224.0, "image_xscale": 4.0, "image_yscale": 3.0, "flipX": 0.0, "flipY": 0.0 }, "object": 517.0 }, { "layer": 0.0, "deleted": 0.0, "variables": { "x": 2560.0, "y": 192.0, "image_xscale": 4.0, "image_yscale": 1.0, "flipX": 0.0, "flipY": 0.0 }, "object": 521.0 }, { "layer": 0.0, "deleted": 0.0, "variables": { "x": 2496.0, "y": 192.0, "image_xscale": 2.0, "image_yscale": 4.0, "flipX": 0.0, "flipY": 0.0 }, "object": 517.0 }, { "layer": 0.0, "deleted": 0.0, "variables": { "x": 2944.0, "y": 160.0, "image_xscale": 1.0, "image_yscale": 1.0, "flipX": 1.0, "flipY": 0.0 }, "object": 816.0 }, { "layer": 0.0, "deleted": 0.0, "variables": { "x": 2624.0, "y": -320.0, "image_xscale": 4.0, "image_yscale": 3.0, "flipX": 0.0, "flipY": 0.0 }, "object": 517.0 }, { "layer": 0.0, "deleted": 0.0, "variables": { "x": 2624.0, "flipX": 0.0, "y": 128.0, "flipY": 0.0 }, "object": 763.0 }, { "layer": 0.0, "deleted": 0.0, "variables": { "x": 2560.0, "y": -352.0, "image_xscale": 2.0, "image_yscale": 4.0, "flipX": 0.0, "flipY": 0.0 }, "object": 517.0 }, { "layer": 0.0, "deleted": 0.0, "variables": { "x": 2624.0, "y": -352.0, "image_xscale": 4.0, "image_yscale": 1.0, "flipX": 0.0, "flipY": 0.0 }, "object": 521.0 }, { "layer": 0.0, "deleted": 0.0, "variables": { "x": 2368.0, "flipX": 0.0, "y": -256.0, "flipY": 0.0 }, "object": 763.0 }, { "layer": 0.0, "deleted": 0.0, "variables": { "x": 2688.0, "y": -416.0, "image_xscale": 1.0, "image_yscale": 1.0, "flipX": 0.0, "flipY": 0.0 }, "object": 763.0 }, { "layer": 0.0, "deleted": 0.0, "variables": { "x": 2688.0, "y": -640.0, "image_xscale": 1.0, "image_yscale": 1.0, "secret": "true", "flipX": 0.0, "flipY": 0.0 }, "object": 98.0 }, { "layer": 0.0, "deleted": 0.0, "variables": { "x": 2368.0, "flipX": 0.0, "y": -32.0, "flipY": 0.0 }, "object": 752.0 }, { "layer": 0.0, "deleted": 0.0, "variables": { "x": 2400.0, "flipX": 0.0, "y": 0.0, "flipY": 0.0 }, "object": 752.0 }, { "layer": 0.0, "deleted": 0.0, "variables": { "x": 2432.0, "flipX": 0.0, "y": -32.0, "flipY": 0.0 }, "object": 752.0 }, { "layer": 0.0, "deleted": 1.0, "variables": { "x": 2464.0, "flipX": 0.0, "y": 0.0, "flipY": 0.0 }, "object": 752.0 } ], "tile_data": { "3": { "2528_224": { "autotile": 0.0, "autotile_index": 0.0, "tileset": "tile_secret", "coord": [ 8.0, 24.0 ] }, "2592_-288": { "coord": [ 3.0, 30.0 ], "autotile_index": 0.0, "tileset": "tile_secret", "autotile": 0.0 }, "1888_32": { "autotile": 0.0, "autotile_index": 0.0, "tileset": "tile_secret", "coord": [ 4.0, 26.0 ] }, "2912_192": { "autotile": 0.0, "autotile_index": 0.0, "tileset": "tile_secret", "coord": [ 8.0, 26.0 ] }, "1888_0": { "autotile": 0.0, "autotile_index": 0.0, "tileset": "tile_secret", "coord": [ 4.0, 25.0 ] }, "2432_-128": { "autotile": 0.0, "autotile_index": 0.0, "tileset": "tile_secret", "coord": [ 1.0, 27.0 ] }, "128_192": { "autotile": 0.0, "autotile_index": 0.0, "tileset": "tile_secret", "coord": [ 3.0, 29.0 ] }, "1888_64": { "autotile": 0.0, "autotile_index": 0.0, "tileset": "tile_secret", "coord": [ 4.0, 27.0 ] }, "1984_0": { "autotile": 0.0, "autotile_index": 0.0, "tileset": "tile_secret", "coord": [ 7.0, 25.0 ] }, "1952_32": { "autotile": 0.0, "autotile_index": 0.0, "tileset": "tile_secret", "coord": [ 6.0, 26.0 ] }, "2528_256": { "autotile": 0.0, "autotile_index": 0.0, "tileset": "tile_secret", "coord": [ 8.0, 25.0 ] }, "96_160": { "autotile": 0.0, "autotile_index": 0.0, "tileset": "tile_secret", "coord": [ 2.0, 28.0 ] }, "2560_-256": { "coord": [ 2.0, 31.0 ], "autotile_index": 0.0, "tileset": "tile_secret", "autotile": 0.0 }, "2560_-288": { "coord": [ 2.0, 30.0 ], "autotile_index": 0.0, "tileset": "tile_secret", "autotile": 0.0 }, "96_192": { "autotile": 0.0, "autotile_index": 0.0, "tileset": "tile_secret", "coord": [ 2.0, 29.0 ] }, "1984_32": { "autotile": 0.0, "autotile_index": 0.0, "tileset": "tile_secret", "coord": [ 7.0, 26.0 ] }, "1920_0": { "autotile": 0.0, "autotile_index": 0.0, "tileset": "tile_secret", "coord": [ 5.0, 25.0 ] }, "2560_224": { "autotile": 0.0, "autotile_index": 0.0, "tileset": "tile_secret", "coord": [ 9.0, 24.0 ] }, "2560_256": { "autotile": 0.0, "autotile_index": 0.0, "tileset": "tile_secret", "coord": [ 9.0, 25.0 ] }, "2400_-128": { "autotile": 0.0, "autotile_index": 0.0, "tileset": "tile_secret", "coord": [ 0.0, 27.0 ] }, "128_160": { "autotile": 0.0, "autotile_index": 0.0, "tileset": "tile_secret", "coord": [ 3.0, 28.0 ] }, "2432_-96": { "autotile": 0.0, "autotile_index": 0.0, "tileset": "tile_secret", "coord": [ 1.0, 28.0 ] }, "2912_224": { "autotile": 0.0, "autotile_index": 0.0, "tileset": "tile_secret", "coord": [ 8.0, 27.0 ] }, "1952_64": { "autotile": 0.0, "autotile_index": 0.0, "tileset": "tile_secret", "coord": [ 6.0, 27.0 ] }, "2944_224": { "autotile": 0.0, "autotile_index": 0.0, "tileset": "tile_secret", "coord": [ 9.0, 27.0 ] }, "128_128": { "autotile": 0.0, "autotile_index": 0.0, "tileset": "tile_secret", "coord": [ 3.0, 27.0 ] }, "2592_-256": { "coord": [ 3.0, 31.0 ], "autotile_index": 0.0, "tileset": "tile_secret", "autotile": 0.0 }, "2944_192": { "autotile": 0.0, "autotile_index": 0.0, "tileset": "tile_secret", "coord": [ 9.0, 26.0 ] }, "1984_64": { "autotile": 0.0, "autotile_index": 0.0, "tileset": "tile_secret", "coord": [ 7.0, 27.0 ] }, "1952_0": { "autotile": 0.0, "autotile_index": 0.0, "tileset": "tile_secret", "coord": [ 6.0, 25.0 ] }, "96_128": { "autotile": 0.0, "autotile_index": 0.0, "tileset": "tile_secret", "coord": [ 2.0, 27.0 ] }, "1920_64": { "autotile": 0.0, "autotile_index": 0.0, "tileset": "tile_secret", "coord": [ 5.0, 27.0 ] }, "1920_32": { "autotile": 0.0, "autotile_index": 0.0, "tileset": "tile_secret", "coord": [ 5.0, 26.0 ] }, "2400_-96": { "autotile": 0.0, "autotile_index": 0.0, "tileset": "tile_secret", "coord": [ 0.0, 28.0 ] } }, "4": { "2656_320": { "autotile": 0.0, "autotile_index": 0.0, "tileset": "tile_secret", "coord": [ 8.0, 23.0 ] }, "1952_-96": { "autotile": 0.0, "autotile_index": 0.0, "tileset": "tile_secret", "coord": [ 8.0, 21.0 ] }, "1952_-64": { "autotile": 0.0, "autotile_index": 0.0, "tileset": "tile_secret", "coord": [ 8.0, 22.0 ] }, "2656_352": { "autotile": 0.0, "autotile_index": 0.0, "tileset": "tile_secret", "coord": [ 8.0, 24.0 ] }, "2624_352": { "autotile": 0.0, "autotile_index": 0.0, "tileset": "tile_secret", "coord": [ 7.0, 24.0 ] }, "608_-384": { "autotile": 0.0, "autotile_index": 0.0, "tileset": "tile_secret", "coord": [ 1.0, 21.0 ] }, "-64_64": { "autotile": 0.0, "autotile_index": 0.0, "tileset": "tile_secret", "coord": [ 5.0, 18.0 ] }, "608_-416": { "autotile": 0.0, "autotile_index": 0.0, "tileset": "tile_secret", "coord": [ 1.0, 20.0 ] }, "2592_352": { "autotile": 0.0, "autotile_index": 0.0, "tileset": "tile_secret", "coord": [ 6.0, 24.0 ] }, "576_-384": { "autotile": 0.0, "autotile_index": 0.0, "tileset": "tile_secret", "coord": [ 0.0, 21.0 ] }, "448_-192": { "autotile": 0.0, "autotile_index": 0.0, "tileset": "tile_secret", "coord": [ 8.0, 19.0 ] }, "2784_128": { "autotile": 0.0, "autotile_index": 0.0, "tileset": "tile_secret", "coord": [ 6.0, 17.0 ] }, "608_-352": { "autotile": 0.0, "autotile_index": 0.0, "tileset": "tile_secret", "coord": [ 1.0, 22.0 ] }, "2400_-32": { "autotile": 0.0, "autotile_index": 0.0, "tileset": "tile_secret", "coord": [ 3.0, 26.0 ] }, "2848_160": { "autotile": 0.0, "autotile_index": 0.0, "tileset": "tile_secret", "coord": [ 8.0, 18.0 ] }, "416_-192": { "autotile": 0.0, "autotile_index": 0.0, "tileset": "tile_secret", "coord": [ 7.0, 19.0 ] }, "-96_64": { "autotile": 0.0, "autotile_index": 0.0, "tileset": "tile_secret", "coord": [ 4.0, 18.0 ] }, "2304_-32": { "autotile": 0.0, "autotile_index": 0.0, "tileset": "tile_secret", "coord": [ 0.0, 26.0 ] }, "2528_352": { "autotile": 0.0, "autotile_index": 0.0, "tileset": "tile_secret", "coord": [ 4.0, 24.0 ] }, "2560_320": { "autotile": 0.0, "autotile_index": 0.0, "tileset": "tile_secret", "coord": [ 5.0, 23.0 ] }, "2752_-384": { "coord": [ 0.0, 19.0 ], "autotile_index": 0.0, "tileset": "tile_secret", "autotile": 0.0 }, "416_-160": { "autotile": 0.0, "autotile_index": 0.0, "tileset": "tile_secret", "coord": [ 7.0, 20.0 ] }, "2528_320": { "autotile": 0.0, "autotile_index": 0.0, "tileset": "tile_secret", "coord": [ 4.0, 23.0 ] }, "2368_-32": { "autotile": 0.0, "autotile_index": 0.0, "tileset": "tile_secret", "coord": [ 2.0, 26.0 ] }, "2336_-32": { "autotile": 0.0, "autotile_index": 0.0, "tileset": "tile_secret", "coord": [ 1.0, 26.0 ] }, "2784_160": { "autotile": 0.0, "autotile_index": 0.0, "tileset": "tile_secret", "coord": [ 6.0, 18.0 ] }, "2784_-384": { "coord": [ 1.0, 19.0 ], "autotile_index": 0.0, "tileset": "tile_secret", "autotile": 0.0 }, "2816_128": { "autotile": 0.0, "autotile_index": 0.0, "tileset": "tile_secret", "coord": [ 7.0, 17.0 ] }, "2496_320": { "autotile": 0.0, "autotile_index": 0.0, "tileset": "tile_secret", "coord": [ 3.0, 23.0 ] }, "576_-416": { "autotile": 0.0, "autotile_index": 0.0, "tileset": "tile_secret", "coord": [ 0.0, 20.0 ] }, "2624_320": { "autotile": 0.0, "autotile_index": 0.0, "tileset": "tile_secret", "coord": [ 7.0, 23.0 ] }, "2496_352": { "autotile": 0.0, "autotile_index": 0.0, "tileset": "tile_secret", "coord": [ 3.0, 24.0 ] }, "2304_-64": { "autotile": 0.0, "autotile_index": 0.0, "tileset": "tile_secret", "coord": [ 0.0, 25.0 ] }, "2592_320": { "autotile": 0.0, "autotile_index": 0.0, "tileset": "tile_secret", "coord": [ 6.0, 23.0 ] }, "2560_352": { "autotile": 0.0, "autotile_index": 0.0, "tileset": "tile_secret", "coord": [ 5.0, 24.0 ] }, "1920_-96": { "autotile": 0.0, "autotile_index": 0.0, "tileset": "tile_secret", "coord": [ 7.0, 21.0 ] }, "2848_128": { "autotile": 0.0, "autotile_index": 0.0, "tileset": "tile_secret", "coord": [ 8.0, 17.0 ] }, "2336_-64": { "autotile": 0.0, "autotile_index": 0.0, "tileset": "tile_secret", "coord": [ 1.0, 25.0 ] }, "-96_32": { "autotile": 0.0, "autotile_index": 0.0, "tileset": "tile_secret", "coord": [ 4.0, 17.0 ] }, "2816_160": { "autotile": 0.0, "autotile_index": 0.0, "tileset": "tile_secret", "coord": [ 7.0, 18.0 ] }, "2368_-64": { "autotile": 0.0, "autotile_index": 0.0, "tileset": "tile_secret", "coord": [ 2.0, 25.0 ] }, "1920_-64": { "autotile": 0.0, "autotile_index": 0.0, "tileset": "tile_secret", "coord": [ 7.0, 22.0 ] }, "576_-352": { "autotile": 0.0, "autotile_index": 0.0, "tileset": "tile_secret", "coord": [ 0.0, 22.0 ] }, "448_-160": { "autotile": 0.0, "autotile_index": 0.0, "tileset": "tile_secret", "coord": [ 8.0, 20.0 ] }, "-64_32": { "autotile": 0.0, "autotile_index": 0.0, "tileset": "tile_secret", "coord": [ 5.0, 17.0 ] }, "2400_-64": { "autotile": 0.0, "autotile_index": 0.0, "tileset": "tile_secret", "coord": [ 3.0, 25.0 ] } }, "5": { "1984_416": { "autotile": 1.0, "autotile_index": 0.0, "tileset": "tile_secret", "coord": [ 5.0, 4.0 ] }, "-32_192": { "autotile": 1.0, "autotile_index": 0.0, "tileset": "tile_secret", "coord": [ 2.0, 5.0 ] }, "2336_-160": { "autotile": 1.0, "autotile_index": 0.0, "tileset": "tile_secret", "coord": [ 4.0, 1.0 ] }, "640_-320": { "autotile": 1.0, "autotile_index": 0.0, "tileset": "tile_secret", "coord": [ 4.0, 1.0 ] }, "2816_192": { "autotile": 1.0, "autotile_index": 0.0, "tileset": "tile_secret", "coord": [ 4.0, 1.0 ] }, "2528_192": { "autotile": 1.0, "autotile_index": 0.0, "tileset": "tile_secret", "coord": [ 5.0, 1.0 ] }, "1952_608": { "autotile": 1.0, "autotile_index": 0.0, "tileset": "tile_secret", "coord": [ 4.0, 3.0 ] }, "2240_-128": { "autotile": 1.0, "autotile_index": 0.0, "tileset": "tile_secret", "coord": [ 1.0, 2.0 ] }, "2560_-320": { "coord": [ 1.0, 2.0 ], "autotile_index": 0.0, "tileset": "tile_secret", "autotile": 0.0 }, "1888_64": { "autotile": 1.0, "autotile_index": 0.0, "tileset": "tile_secret", "coord": [ 1.0, 2.0 ] }, "1952_32": { "autotile": 1.0, "autotile_index": 0.0, "tileset": "tile_secret", "coord": [ 4.0, 3.0 ] }, "2624_-256": { "coord": [ 2.0, 5.0 ], "autotile_index": 0.0, "tileset": "tile_secret", "autotile": 0.0 }, "1984_320": { "autotile": 1.0, "autotile_index": 0.0, "tileset": "tile_secret", "coord": [ 5.0, 4.0 ] }, "2560_-288": { "coord": [ 1.0, 2.0 ], "autotile_index": 0.0, "tileset": "tile_secret", "autotile": 0.0 }, "2720_224": { "autotile": 1.0, "autotile_index": 0.0, "tileset": "tile_secret", "coord": [ 2.0, 2.0 ] }, "416_-64": { "autotile": 1.0, "autotile_index": 0.0, "tileset": "tile_secret", "coord": [ 6.0, 1.0 ] }, "1920_352": { "autotile": 1.0, "autotile_index": 0.0, "tileset": "tile_secret", "coord": [ 2.0, 3.0 ] }, "1984_160": { "autotile": 1.0, "autotile_index": 0.0, "tileset": "tile_secret", "coord": [ 5.0, 4.0 ] }, "2656_256": { "autotile": 1.0, "autotile_index": 0.0, "tileset": "tile_secret", "coord": [ 6.0, 1.0 ] }, "2752_288": { "autotile": 1.0, "autotile_index": 0.0, "tileset": "tile_secret", "coord": [ 2.0, 5.0 ] }, "448_-32": { "autotile": 1.0, "autotile_index": 0.0, "tileset": "tile_secret", "coord": [ 5.0, 5.0 ] }, "2720_256": { "autotile": 1.0, "autotile_index": 0.0, "tileset": "tile_secret", "coord": [ 2.0, 4.0 ] }, "2944_288": { "autotile": 1.0, "autotile_index": 0.0, "tileset": "tile_secret", "coord": [ 2.0, 5.0 ] }, "576_-224": { "autotile": 1.0, "autotile_index": 0.0, "tileset": "tile_secret", "coord": [ 1.0, 5.0 ] }, "1984_576": { "autotile": 1.0, "autotile_index": 0.0, "tileset": "tile_secret", "coord": [ 5.0, 4.0 ] }, "224_-64": { "autotile": 1.0, "autotile_index": 0.0, "tileset": "tile_secret", "coord": [ 1.0, 2.0 ] }, "1952_544": { "autotile": 1.0, "autotile_index": 0.0, "tileset": "tile_secret", "coord": [ 4.0, 3.0 ] }, "416_-32": { "autotile": 1.0, "autotile_index": 0.0, "tileset": "tile_secret", "coord": [ 2.0, 5.0 ] }, "2592_-256": { "coord": [ 2.0, 5.0 ], "autotile_index": 0.0, "tileset": "tile_secret", "autotile": 0.0 }, "1952_160": { "autotile": 1.0, "autotile_index": 0.0, "tileset": "tile_secret", "coord": [ 4.0, 3.0 ] }, "1888_128": { "autotile": 1.0, "autotile_index": 0.0, "tileset": "tile_secret", "coord": [ 1.0, 2.0 ] }, "96_128": { "autotile": 1.0, "autotile_index": 0.0, "tileset": "tile_secret", "coord": [ 4.0, 9.0 ] }, "1888_512": { "autotile": 1.0, "autotile_index": 0.0, "tileset": "tile_secret", "coord": [ 1.0, 2.0 ] }, "384_-32": { "autotile": 1.0, "autotile_index": 0.0, "tileset": "tile_secret", "coord": [ 2.0, 5.0 ] }, "2240_-96": { "autotile": 1.0, "autotile_index": 0.0, "tileset": "tile_secret", "coord": [ 1.0, 5.0 ] }, "2720_-288": { "coord": [ 6.0, 1.0 ], "autotile_index": 0.0, "tileset": "tile_secret", "autotile": 0.0 }, "2272_-160": { "autotile": 1.0, "autotile_index": 0.0, "tileset": "tile_secret", "coord": [ 2.0, 9.0 ] }, "1952_288": { "autotile": 1.0, "autotile_index": 0.0, "tileset": "tile_secret", "coord": [ 4.0, 3.0 ] }, "1952_384": { "autotile": 1.0, "autotile_index": 0.0, "tileset": "tile_secret", "coord": [ 4.0, 3.0 ] }, "2464_-128": { "autotile": 1.0, "autotile_index": 0.0, "tileset": "tile_secret", "coord": [ 5.0, 4.0 ] }, "2656_224": { "autotile": 1.0, "autotile_index": 0.0, "tileset": "tile_secret", "coord": [ 4.0, 1.0 ] }, "2720_288": { "autotile": 1.0, "autotile_index": 0.0, "tileset": "tile_secret", "coord": [ 2.0, 5.0 ] }, "2784_224": { "autotile": 1.0, "autotile_index": 0.0, "tileset": "tile_secret", "coord": [ 3.0, 2.0 ] }, "288_-96": { "autotile": 1.0, "autotile_index": 0.0, "tileset": "tile_secret", "coord": [ 4.0, 1.0 ] }, "576_-256": { "autotile": 1.0, "autotile_index": 0.0, "tileset": "tile_secret", "coord": [ 1.0, 2.0 ] }, "1952_352": { "autotile": 1.0, "autotile_index": 0.0, "tileset": "tile_secret", "coord": [ 4.0, 3.0 ] }, "416_-128": { "autotile": 1.0, "autotile_index": 0.0, "tileset": "tile_secret", "coord": [ 1.0, 1.0 ] }, "128_160": { "autotile": 1.0, "autotile_index": 0.0, "tileset": "tile_secret", "coord": [ 5.0, 4.0 ] }, "1952_480": { "autotile": 1.0, "autotile_index": 0.0, "tileset": "tile_secret", "coord": [ 4.0, 3.0 ] }, "0_192": { "autotile": 1.0, "autotile_index": 0.0, "tileset": "tile_secret", "coord": [ 2.0, 5.0 ] }, "2528_288": { "autotile": 1.0, "autotile_index": 0.0, "tileset": "tile_secret", "coord": [ 2.0, 5.0 ] }, "2624_224": { "autotile": 1.0, "autotile_index": 0.0, "tileset": "tile_secret", "coord": [ 4.0, 1.0 ] }, "1920_416": { "autotile": 1.0, "autotile_index": 0.0, "tileset": "tile_secret", "coord": [ 2.0, 3.0 ] }, "-96_192": { "autotile": 1.0, "autotile_index": 0.0, "tileset": "tile_secret", "coord": [ 1.0, 5.0 ] }, "64_192": { "autotile": 1.0, "autotile_index": 0.0, "tileset": "tile_secret", "coord": [ 2.0, 5.0 ] }, "2752_256": { "autotile": 1.0, "autotile_index": 0.0, "tileset": "tile_secret", "coord": [ 3.0, 4.0 ] }, "384_-64": { "autotile": 1.0, "autotile_index": 0.0, "tileset": "tile_secret", "coord": [ 6.0, 1.0 ] }, "2688_-288": { "coord": [ 6.0, 1.0 ], "autotile_index": 0.0, "tileset": "tile_secret", "autotile": 0.0 }, "2848_288": { "autotile": 1.0, "autotile_index": 0.0, "tileset": "tile_secret", "coord": [ 2.0, 5.0 ] }, "1920_256": { "autotile": 1.0, "autotile_index": 0.0, "tileset": "tile_secret", "coord": [ 2.0, 3.0 ] }, "1952_0": { "autotile": 1.0, "autotile_index": 0.0, "tileset": "tile_secret", "coord": [ 4.0, 2.0 ] }, "384_-96": { "autotile": 1.0, "autotile_index": 0.0, "tileset": "tile_secret", "coord": [ 4.0, 1.0 ] }, "1920_288": { "autotile": 1.0, "autotile_index": 0.0, "tileset": "tile_secret", "coord": [ 2.0, 3.0 ] }, "416_-96": { "autotile": 1.0, "autotile_index": 0.0, "tileset": "tile_secret", "coord": [ 4.0, 9.0 ] }, "256_-96": { "autotile": 1.0, "autotile_index": 0.0, "tileset": "tile_secret", "coord": [ 2.0, 9.0 ] }, "1888_0": { "autotile": 1.0, "autotile_index": 0.0, "tileset": "tile_secret", "coord": [ 1.0, 2.0 ] }, "2592_256": { "autotile": 1.0, "autotile_index": 0.0, "tileset": "tile_secret", "coord": [ 6.0, 1.0 ] }, "640_-224": { "autotile": 1.0, "autotile_index": 0.0, "tileset": "tile_secret", "coord": [ 2.0, 5.0 ] }, "1920_-32": { "autotile": 1.0, "autotile_index": 0.0, "tileset": "tile_secret", "coord": [ 4.0, 1.0 ] }, "2432_-128": { "autotile": 1.0, "autotile_index": 0.0, "tileset": "tile_secret", "coord": [ 6.0, 1.0 ] }, "2816_256": { "autotile": 1.0, "autotile_index": 0.0, "tileset": "tile_secret", "coord": [ 3.0, 4.0 ] }, "1920_128": { "autotile": 1.0, "autotile_index": 0.0, "tileset": "tile_secret", "coord": [ 2.0, 3.0 ] }, "2688_256": { "autotile": 1.0, "autotile_index": 0.0, "tileset": "tile_secret", "coord": [ 6.0, 1.0 ] }, "224_-96": { "autotile": 1.0, "autotile_index": 0.0, "tileset": "tile_secret", "coord": [ 1.0, 2.0 ] }, "-96_96": { "autotile": 1.0, "autotile_index": 0.0, "tileset": "tile_secret", "coord": [ 1.0, 1.0 ] }, "448_-64": { "autotile": 1.0, "autotile_index": 0.0, "tileset": "tile_secret", "coord": [ 5.0, 4.0 ] }, "1920_224": { "autotile": 1.0, "autotile_index": 0.0, "tileset": "tile_secret", "coord": [ 2.0, 3.0 ] }, "1984_288": { "autotile": 1.0, "autotile_index": 0.0, "tileset": "tile_secret", "coord": [ 5.0, 4.0 ] }, "2592_288": { "autotile": 1.0, "autotile_index": 0.0, "tileset": "tile_secret", "coord": [ 2.0, 5.0 ] }, "672_-320": { "autotile": 1.0, "autotile_index": 0.0, "tileset": "tile_secret", "coord": [ 5.0, 1.0 ] }, "2560_224": { "autotile": 1.0, "autotile_index": 0.0, "tileset": "tile_secret", "coord": [ 4.0, 1.0 ] }, "256_-128": { "autotile": 1.0, "autotile_index": 0.0, "tileset": "tile_secret", "coord": [ 5.0, 1.0 ] }, "2784_256": { "autotile": 1.0, "autotile_index": 0.0, "tileset": "tile_secret", "coord": [ 3.0, 4.0 ] }, "1920_384": { "autotile": 1.0, "autotile_index": 0.0, "tileset": "tile_secret", "coord": [ 2.0, 3.0 ] }, "2656_-320": { "coord": [ 4.0, 1.0 ], "autotile_index": 0.0, "tileset": "tile_secret", "autotile": 0.0 }, "2784_-288": { "coord": [ 5.0, 4.0 ], "autotile_index": 0.0, "tileset": "tile_secret", "autotile": 0.0 }, "1920_160": { "autotile": 1.0, "autotile_index": 0.0, "tileset": "tile_secret", "coord": [ 2.0, 3.0 ] }, "1920_192": { "autotile": 1.0, "autotile_index": 0.0, "tileset": "tile_secret", "coord": [ 2.0, 3.0 ] }, "1952_128": { "autotile": 1.0, "autotile_index": 0.0, "tileset": "tile_secret", "coord": [ 4.0, 3.0 ] }, "2304_-160": { "autotile": 1.0, "autotile_index": 0.0, "tileset": "tile_secret", "coord": [ 4.0, 1.0 ] }, "1952_256": { "autotile": 1.0, "autotile_index": 0.0, "tileset": "tile_secret", "coord": [ 4.0, 3.0 ] }, "1984_384": { "autotile": 1.0, "autotile_index": 0.0, "tileset": "tile_secret", "coord": [ 5.0, 4.0 ] }, "1920_320": { "autotile": 1.0, "autotile_index": 0.0, "tileset": "tile_secret", "coord": [ 2.0, 3.0 ] }, "2624_-288": { "coord": [ 6.0, 1.0 ], "autotile_index": 0.0, "tileset": "tile_secret", "autotile": 0.0 }, "1920_32": { "autotile": 1.0, "autotile_index": 0.0, "tileset": "tile_secret", "coord": [ 2.0, 3.0 ] }, "1952_224": { "autotile": 1.0, "autotile_index": 0.0, "tileset": "tile_secret", "coord": [ 4.0, 3.0 ] }, "2432_-160": { "autotile": 1.0, "autotile_index": 0.0, "tileset": "tile_secret", "coord": [ 4.0, 9.0 ] }, "1952_96": { "autotile": 1.0, "autotile_index": 0.0, "tileset": "tile_secret", "coord": [ 4.0, 3.0 ] }, "608_-224": { "autotile": 1.0, "autotile_index": 0.0, "tileset": "tile_secret", "coord": [ 2.0, 5.0 ] }, "1888_192": { "autotile": 1.0, "autotile_index": 0.0, "tileset": "tile_secret", "coord": [ 1.0, 2.0 ] }, "2912_256": { "autotile": 1.0, "autotile_index": 0.0, "tileset": "tile_secret", "coord": [ 3.0, 4.0 ] }, "320_-96": { "autotile": 1.0, "autotile_index": 0.0, "tileset": "tile_secret", "coord": [ 4.0, 1.0 ] }, "576_-288": { "autotile": 1.0, "autotile_index": 0.0, "tileset": "tile_secret", "coord": [ 1.0, 2.0 ] }, "1888_448": { "autotile": 1.0, "autotile_index": 0.0, "tileset": "tile_secret", "coord": [ 1.0, 2.0 ] }, "576_-320": { "autotile": 1.0, "autotile_index": 0.0, "tileset": "tile_secret", "coord": [ 1.0, 1.0 ] }, "1952_448": { "autotile": 1.0, "autotile_index": 0.0, "tileset": "tile_secret", "coord": [ 4.0, 3.0 ] }, "1920_576": { "autotile": 1.0, "autotile_index": 0.0, "tileset": "tile_secret", "coord": [ 2.0, 3.0 ] }, "0_160": { "autotile": 1.0, "autotile_index": 0.0, "tileset": "tile_secret", "coord": [ 6.0, 1.0 ] }, "1952_-32": { "autotile": 1.0, "autotile_index": 0.0, "tileset": "tile_secret", "coord": [ 4.0, 1.0 ] }, "1888_224": { "autotile": 1.0, "autotile_index": 0.0, "tileset": "tile_secret", "coord": [ 1.0, 2.0 ] }, "-32_160": { "autotile": 1.0, "autotile_index": 0.0, "tileset": "tile_secret", "coord": [ 6.0, 1.0 ] }, "2304_-128": { "autotile": 1.0, "autotile_index": 0.0, "tileset": "tile_secret", "coord": [ 6.0, 1.0 ] }, "1984_224": { "autotile": 1.0, "autotile_index": 0.0, "tileset": "tile_secret", "coord": [ 5.0, 4.0 ] }, "320_-32": { "autotile": 1.0, "autotile_index": 0.0, "tileset": "tile_secret", "coord": [ 2.0, 5.0 ] }, "2784_-352": { "coord": [ 5.0, 1.0 ], "autotile_index": 0.0, "tileset": "tile_secret", "autotile": 0.0 }, "96_160": { "autotile": 1.0, "autotile_index": 0.0, "tileset": "tile_secret", "coord": [ 6.0, 1.0 ] }, "1984_608": { "autotile": 1.0, "autotile_index": 0.0, "tileset": "tile_secret", "coord": [ 5.0, 4.0 ] }, "2848_256": { "autotile": 1.0, "autotile_index": 0.0, "tileset": "tile_secret", "coord": [ 3.0, 4.0 ] }, "1984_192": { "autotile": 1.0, "autotile_index": 0.0, "tileset": "tile_secret", "coord": [ 5.0, 4.0 ] }, "448_-128": { "autotile": 1.0, "autotile_index": 0.0, "tileset": "tile_secret", "coord": [ 5.0, 1.0 ] }, "2400_-128": { "autotile": 1.0, "autotile_index": 0.0, "tileset": "tile_secret", "coord": [ 6.0, 1.0 ] }, "2240_-160": { "autotile": 1.0, "autotile_index": 0.0, "tileset": "tile_secret", "coord": [ 1.0, 2.0 ] }, "2400_-160": { "autotile": 1.0, "autotile_index": 0.0, "tileset": "tile_secret", "coord": [ 4.0, 1.0 ] }, "1888_640": { "autotile": 1.0, "autotile_index": 0.0, "tileset": "tile_secret", "coord": [ 0.0, 0.0 ] }, "2944_224": { "autotile": 1.0, "autotile_index": 0.0, "tileset": "tile_secret", "coord": [ 4.0, 2.0 ] }, "32_192": { "autotile": 1.0, "autotile_index": 0.0, "tileset": "tile_secret", "coord": [ 2.0, 5.0 ] }, "-64_96": { "autotile": 1.0, "autotile_index": 0.0, "tileset": "tile_secret", "coord": [ 5.0, 1.0 ] }, "2464_-160": { "autotile": 1.0, "autotile_index": 0.0, "tileset": "tile_secret", "coord": [ 5.0, 4.0 ] }, "1984_128": { "autotile": 1.0, "autotile_index": 0.0, "tileset": "tile_secret", "coord": [ 5.0, 4.0 ] }, "1952_576": { "autotile": 1.0, "autotile_index": 0.0, "tileset": "tile_secret", "coord": [ 4.0, 3.0 ] }, "1920_512": { "autotile": 1.0, "autotile_index": 0.0, "tileset": "tile_secret", "coord": [ 2.0, 3.0 ] }, "1952_320": { "autotile": 1.0, "autotile_index": 0.0, "tileset": "tile_secret", "coord": [ 4.0, 3.0 ] }, "2496_224": { "autotile": 1.0, "autotile_index": 0.0, "tileset": "tile_secret", "coord": [ 1.0, 2.0 ] }, "448_-96": { "autotile": 1.0, "autotile_index": 0.0, "tileset": "tile_secret", "coord": [ 5.0, 4.0 ] }, "2656_-288": { "coord": [ 6.0, 1.0 ], "autotile_index": 0.0, "tileset": "tile_secret", "autotile": 0.0 }, "2656_-256": { "coord": [ 2.0, 5.0 ], "autotile_index": 0.0, "tileset": "tile_secret", "autotile": 0.0 }, "2528_224": { "autotile": 1.0, "autotile_index": 0.0, "tileset": "tile_secret", "coord": [ 2.0, 9.0 ] }, "2816_224": { "autotile": 1.0, "autotile_index": 0.0, "tileset": "tile_secret", "coord": [ 3.0, 2.0 ] }, "640_-256": { "autotile": 1.0, "autotile_index": 0.0, "tileset": "tile_secret", "coord": [ 4.0, 4.0 ] }, "1984_512": { "autotile": 1.0, "autotile_index": 0.0, "tileset": "tile_secret", "coord": [ 5.0, 4.0 ] }, "-64_160": { "autotile": 1.0, "autotile_index": 0.0, "tileset": "tile_secret", "coord": [ 6.0, 1.0 ] }, "1888_480": { "autotile": 1.0, "autotile_index": 0.0, "tileset": "tile_secret", "coord": [ 1.0, 2.0 ] }, "2880_224": { "autotile": 1.0, "autotile_index": 0.0, "tileset": "tile_secret", "coord": [ 3.0, 2.0 ] }, "2368_-128": { "autotile": 1.0, "autotile_index": 0.0, "tileset": "tile_secret", "coord": [ 6.0, 1.0 ] }, "2592_-352": { "coord": [ 5.0, 1.0 ], "autotile_index": 0.0, "tileset": "tile_secret", "autotile": 0.0 }, "2240_-192": { "autotile": 1.0, "autotile_index": 0.0, "tileset": "tile_secret", "coord": [ 1.0, 1.0 ] }, "2784_-256": { "coord": [ 5.0, 5.0 ], "autotile_index": 0.0, "tileset": "tile_secret", "autotile": 0.0 }, "0_128": { "autotile": 1.0, "autotile_index": 0.0, "tileset": "tile_secret", "coord": [ 4.0, 1.0 ] }, "96_96": { "autotile": 1.0, "autotile_index": 0.0, "tileset": "tile_secret", "coord": [ 1.0, 1.0 ] }, "2368_-96": { "autotile": 1.0, "autotile_index": 0.0, "tileset": "tile_secret", "coord": [ 2.0, 5.0 ] }, "608_-288": { "autotile": 1.0, "autotile_index": 0.0, "tileset": "tile_secret", "coord": [ 2.0, 2.0 ] }, "2880_288": { "autotile": 1.0, "autotile_index": 0.0, "tileset": "tile_secret", "coord": [ 2.0, 5.0 ] }, "2464_-96": { "autotile": 1.0, "autotile_index": 0.0, "tileset": "tile_secret", "coord": [ 5.0, 5.0 ] }, "-64_128": { "autotile": 1.0, "autotile_index": 0.0, "tileset": "tile_secret", "coord": [ 2.0, 9.0 ] }, "2272_-96": { "autotile": 1.0, "autotile_index": 0.0, "tileset": "tile_secret", "coord": [ 2.0, 5.0 ] }, "2976_256": { "autotile": 1.0, "autotile_index": 0.0, "tileset": "tile_secret", "coord": [ 5.0, 4.0 ] }, "1984_352": { "autotile": 1.0, "autotile_index": 0.0, "tileset": "tile_secret", "coord": [ 5.0, 4.0 ] }, "2624_-320": { "coord": [ 4.0, 1.0 ], "autotile_index": 0.0, "tileset": "tile_secret", "autotile": 0.0 }, "1888_608": { "autotile": 1.0, "autotile_index": 0.0, "tileset": "tile_secret", "coord": [ 1.0, 2.0 ] }, "1984_448": { "autotile": 1.0, "autotile_index": 0.0, "tileset": "tile_secret", "coord": [ 5.0, 4.0 ] }, "2688_288": { "autotile": 1.0, "autotile_index": 0.0, "tileset": "tile_secret", "coord": [ 2.0, 5.0 ] }, "2560_288": { "autotile": 1.0, "autotile_index": 0.0, "tileset": "tile_secret", "coord": [ 2.0, 5.0 ] }, "2752_-256": { "coord": [ 2.0, 5.0 ], "autotile_index": 0.0, "tileset": "tile_secret", "autotile": 0.0 }, "2784_192": { "autotile": 1.0, "autotile_index": 0.0, "tileset": "tile_secret", "coord": [ 4.0, 1.0 ] }, "1888_544": { "autotile": 1.0, "autotile_index": 0.0, "tileset": "tile_secret", "coord": [ 1.0, 2.0 ] }, "2720_-256": { "coord": [ 2.0, 5.0 ], "autotile_index": 0.0, "tileset": "tile_secret", "autotile": 0.0 }, "1920_96": { "autotile": 1.0, "autotile_index": 0.0, "tileset": "tile_secret", "coord": [ 2.0, 3.0 ] }, "1920_640": { "autotile": 1.0, "autotile_index": 0.0, "tileset": "tile_secret", "coord": [ 0.0, 0.0 ] }, "352_-32": { "autotile": 1.0, "autotile_index": 0.0, "tileset": "tile_secret", "coord": [ 2.0, 5.0 ] }, "1888_32": { "autotile": 1.0, "autotile_index": 0.0, "tileset": "tile_secret", "coord": [ 1.0, 2.0 ] }, "256_-64": { "autotile": 1.0, "autotile_index": 0.0, "tileset": "tile_secret", "coord": [ 6.0, 1.0 ] }, "672_-224": { "autotile": 1.0, "autotile_index": 0.0, "tileset": "tile_secret", "coord": [ 5.0, 5.0 ] }, "1984_96": { "autotile": 1.0, "autotile_index": 0.0, "tileset": "tile_secret", "coord": [ 5.0, 4.0 ] }, "1888_576": { "autotile": 1.0, "autotile_index": 0.0, "tileset": "tile_secret", "coord": [ 1.0, 2.0 ] }, "2880_192": { "autotile": 1.0, "autotile_index": 0.0, "tileset": "tile_secret", "coord": [ 4.0, 1.0 ] }, "2528_256": { "autotile": 1.0, "autotile_index": 0.0, "tileset": "tile_secret", "coord": [ 6.0, 1.0 ] }, "-64_192": { "autotile": 1.0, "autotile_index": 0.0, "tileset": "tile_secret", "coord": [ 2.0, 5.0 ] }, "1920_0": { "autotile": 1.0, "autotile_index": 0.0, "tileset": "tile_secret", "coord": [ 2.0, 2.0 ] }, "2752_192": { "autotile": 1.0, "autotile_index": 0.0, "tileset": "tile_secret", "coord": [ 4.0, 1.0 ] }, "1984_480": { "autotile": 1.0, "autotile_index": 0.0, "tileset": "tile_secret", "coord": [ 5.0, 4.0 ] }, "224_-128": { "autotile": 1.0, "autotile_index": 0.0, "tileset": "tile_secret", "coord": [ 1.0, 1.0 ] }, "2560_256": { "autotile": 1.0, "autotile_index": 0.0, "tileset": "tile_secret", "coord": [ 6.0, 1.0 ] }, "64_128": { "autotile": 1.0, "autotile_index": 0.0, "tileset": "tile_secret", "coord": [ 4.0, 1.0 ] }, "2976_288": { "autotile": 1.0, "autotile_index": 0.0, "tileset": "tile_secret", "coord": [ 5.0, 5.0 ] }, "2432_-192": { "autotile": 1.0, "autotile_index": 0.0, "tileset": "tile_secret", "coord": [ 1.0, 1.0 ] }, "2688_224": { "autotile": 1.0, "autotile_index": 0.0, "tileset": "tile_secret", "coord": [ 4.0, 9.0 ] }, "1888_256": { "autotile": 1.0, "autotile_index": 0.0, "tileset": "tile_secret", "coord": [ 1.0, 2.0 ] }, "2592_-320": { "coord": [ 2.0, 9.0 ], "autotile_index": 0.0, "tileset": "tile_secret", "autotile": 0.0 }, "2688_192": { "autotile": 1.0, "autotile_index": 0.0, "tileset": "tile_secret", "coord": [ 1.0, 1.0 ] }, "2912_288": { "autotile": 1.0, "autotile_index": 0.0, "tileset": "tile_secret", "coord": [ 2.0, 5.0 ] }, "672_-288": { "autotile": 1.0, "autotile_index": 0.0, "tileset": "tile_secret", "coord": [ 5.0, 4.0 ] }, "1888_96": { "autotile": 1.0, "autotile_index": 0.0, "tileset": "tile_secret", "coord": [ 1.0, 2.0 ] }, "1888_416": { "autotile": 1.0, "autotile_index": 0.0, "tileset": "tile_secret", "coord": [ 1.0, 2.0 ] }, "2752_-352": { "coord": [ 1.0, 1.0 ], "autotile_index": 0.0, "tileset": "tile_secret", "autotile": 0.0 }, "352_-64": { "autotile": 1.0, "autotile_index": 0.0, "tileset": "tile_secret", "coord": [ 6.0, 1.0 ] }, "32_160": { "autotile": 1.0, "autotile_index": 0.0, "tileset": "tile_secret", "coord": [ 6.0, 1.0 ] }, "1920_64": { "autotile": 1.0, "autotile_index": 0.0, "tileset": "tile_secret", "coord": [ 2.0, 3.0 ] }, "1952_416": { "autotile": 1.0, "autotile_index": 0.0, "tileset": "tile_secret", "coord": [ 4.0, 3.0 ] }, "2752_224": { "autotile": 1.0, "autotile_index": 0.0, "tileset": "tile_secret", "coord": [ 3.0, 2.0 ] }, "2752_-288": { "coord": [ 6.0, 1.0 ], "autotile_index": 0.0, "tileset": "tile_secret", "autotile": 0.0 }, "352_-96": { "autotile": 1.0, "autotile_index": 0.0, "tileset": "tile_secret", "coord": [ 4.0, 1.0 ] }, "2272_-192": { "autotile": 1.0, "autotile_index": 0.0, "tileset": "tile_secret", "coord": [ 5.0, 1.0 ] }, "2720_-320": { "coord": [ 4.0, 1.0 ], "autotile_index": 0.0, "tileset": "tile_secret", "autotile": 0.0 }, "2912_192": { "autotile": 1.0, "autotile_index": 0.0, "tileset": "tile_secret", "coord": [ 4.0, 1.0 ] }, "2592_-288": { "coord": [ 6.0, 1.0 ], "autotile_index": 0.0, "tileset": "tile_secret", "autotile": 0.0 }, "1888_384": { "autotile": 1.0, "autotile_index": 0.0, "tileset": "tile_secret", "coord": [ 1.0, 2.0 ] }, "288_-64": { "autotile": 1.0, "autotile_index": 0.0, "tileset": "tile_secret", "coord": [ 6.0, 1.0 ] }, "2496_192": { "autotile": 1.0, "autotile_index": 0.0, "tileset": "tile_secret", "coord": [ 1.0, 1.0 ] }, "2656_288": { "autotile": 1.0, "autotile_index": 0.0, "tileset": "tile_secret", "coord": [ 2.0, 5.0 ] }, "2720_192": { "autotile": 1.0, "autotile_index": 0.0, "tileset": "tile_secret", "coord": [ 4.0, 1.0 ] }, "128_192": { "autotile": 1.0, "autotile_index": 0.0, "tileset": "tile_secret", "coord": [ 5.0, 5.0 ] }, "2624_256": { "autotile": 1.0, "autotile_index": 0.0, "tileset": "tile_secret", "coord": [ 6.0, 1.0 ] }, "1920_544": { "autotile": 1.0, "autotile_index": 0.0, "tileset": "tile_secret", "coord": [ 2.0, 3.0 ] }, "1984_0": { "autotile": 1.0, "autotile_index": 0.0, "tileset": "tile_secret", "coord": [ 5.0, 4.0 ] }, "32_128": { "autotile": 1.0, "autotile_index": 0.0, "tileset": "tile_secret", "coord": [ 4.0, 1.0 ] }, "1920_608": { "autotile": 1.0, "autotile_index": 0.0, "tileset": "tile_secret", "coord": [ 2.0, 3.0 ] }, "2496_256": { "autotile": 1.0, "autotile_index": 0.0, "tileset": "tile_secret", "coord": [ 1.0, 2.0 ] }, "2560_-256": { "coord": [ 1.0, 5.0 ], "autotile_index": 0.0, "tileset": "tile_secret", "autotile": 0.0 }, "2272_-128": { "autotile": 1.0, "autotile_index": 0.0, "tileset": "tile_secret", "coord": [ 6.0, 1.0 ] }, "1952_192": { "autotile": 1.0, "autotile_index": 0.0, "tileset": "tile_secret", "coord": [ 4.0, 3.0 ] }, "1888_352": { "autotile": 1.0, "autotile_index": 0.0, "tileset": "tile_secret", "coord": [ 1.0, 2.0 ] }, "2592_224": { "autotile": 1.0, "autotile_index": 0.0, "tileset": "tile_secret", "coord": [ 4.0, 1.0 ] }, "1984_544": { "autotile": 1.0, "autotile_index": 0.0, "tileset": "tile_secret", "coord": [ 5.0, 4.0 ] }, "2848_224": { "autotile": 1.0, "autotile_index": 0.0, "tileset": "tile_secret", "coord": [ 3.0, 2.0 ] }, "96_192": { "autotile": 1.0, "autotile_index": 0.0, "tileset": "tile_secret", "coord": [ 2.0, 5.0 ] }, "2464_-192": { "autotile": 1.0, "autotile_index": 0.0, "tileset": "tile_secret", "coord": [ 5.0, 1.0 ] }, "1984_32": { "autotile": 1.0, "autotile_index": 0.0, "tileset": "tile_secret", "coord": [ 5.0, 4.0 ] }, "2432_-96": { "autotile": 1.0, "autotile_index": 0.0, "tileset": "tile_secret", "coord": [ 2.0, 5.0 ] }, "2976_224": { "autotile": 1.0, "autotile_index": 0.0, "tileset": "tile_secret", "coord": [ 5.0, 4.0 ] }, "-32_128": { "autotile": 1.0, "autotile_index": 0.0, "tileset": "tile_secret", "coord": [ 4.0, 1.0 ] }, "224_-32": { "autotile": 1.0, "autotile_index": 0.0, "tileset": "tile_secret", "coord": [ 1.0, 5.0 ] }, "672_-256": { "autotile": 1.0, "autotile_index": 0.0, "tileset": "tile_secret", "coord": [ 5.0, 4.0 ] }, "2848_192": { "autotile": 1.0, "autotile_index": 0.0, "tileset": "tile_secret", "coord": [ 4.0, 1.0 ] }, "2944_192": { "autotile": 1.0, "autotile_index": 0.0, "tileset": "tile_secret", "coord": [ 4.0, 1.0 ] }, "608_-256": { "autotile": 1.0, "autotile_index": 0.0, "tileset": "tile_secret", "coord": [ 2.0, 4.0 ] }, "-96_160": { "autotile": 1.0, "autotile_index": 0.0, "tileset": "tile_secret", "coord": [ 1.0, 2.0 ] }, "1888_288": { "autotile": 1.0, "autotile_index": 0.0, "tileset": "tile_secret", "coord": [ 1.0, 2.0 ] }, "1984_64": { "autotile": 1.0, "autotile_index": 0.0, "tileset": "tile_secret", "coord": [ 5.0, 4.0 ] }, "1984_-32": { "autotile": 1.0, "autotile_index": 0.0, "tileset": "tile_secret", "coord": [ 5.0, 1.0 ] }, "-96_128": { "autotile": 1.0, "autotile_index": 0.0, "tileset": "tile_secret", "coord": [ 1.0, 2.0 ] }, "2624_288": { "autotile": 1.0, "autotile_index": 0.0, "tileset": "tile_secret", "coord": [ 2.0, 5.0 ] }, "2336_-128": { "autotile": 1.0, "autotile_index": 0.0, "tileset": "tile_secret", "coord": [ 6.0, 1.0 ] }, "288_-32": { "autotile": 1.0, "autotile_index": 0.0, "tileset": "tile_secret", "coord": [ 2.0, 5.0 ] }, "320_-64": { "autotile": 1.0, "autotile_index": 0.0, "tileset": "tile_secret", "coord": [ 6.0, 1.0 ] }, "2400_-96": { "autotile": 1.0, "autotile_index": 0.0, "tileset": "tile_secret", "coord": [ 2.0, 5.0 ] }, "2688_-320": { "coord": [ 4.0, 1.0 ], "autotile_index": 0.0, "tileset": "tile_secret", "autotile": 0.0 }, "640_-288": { "autotile": 1.0, "autotile_index": 0.0, "tileset": "tile_secret", "coord": [ 4.0, 2.0 ] }, "128_96": { "autotile": 1.0, "autotile_index": 0.0, "tileset": "tile_secret", "coord": [ 5.0, 1.0 ] }, "2560_-352": { "coord": [ 1.0, 1.0 ], "autotile_index": 0.0, "tileset": "tile_secret", "autotile": 0.0 }, "2336_-96": { "autotile": 1.0, "autotile_index": 0.0, "tileset": "tile_secret", "coord": [ 2.0, 5.0 ] }, "2304_-96": { "autotile": 1.0, "autotile_index": 0.0, "tileset": "tile_secret", "coord": [ 2.0, 5.0 ] }, "1920_448": { "autotile": 1.0, "autotile_index": 0.0, "tileset": "tile_secret", "coord": [ 2.0, 3.0 ] }, "1984_256": { "autotile": 1.0, "autotile_index": 0.0, "tileset": "tile_secret", "coord": [ 5.0, 4.0 ] }, "256_-32": { "autotile": 1.0, "autotile_index": 0.0, "tileset": "tile_secret", "coord": [ 2.0, 5.0 ] }, "2752_-320": { "coord": [ 4.0, 9.0 ], "autotile_index": 0.0, "tileset": "tile_secret", "autotile": 0.0 }, "2784_-320": { "coord": [ 5.0, 4.0 ], "autotile_index": 0.0, "tileset": "tile_secret", "autotile": 0.0 }, "608_-320": { "autotile": 1.0, "autotile_index": 0.0, "tileset": "tile_secret", "coord": [ 4.0, 1.0 ] }, "2912_224": { "autotile": 1.0, "autotile_index": 0.0, "tileset": "tile_secret", "coord": [ 3.0, 2.0 ] }, "64_160": { "autotile": 1.0, "autotile_index": 0.0, "tileset": "tile_secret", "coord": [ 6.0, 1.0 ] }, "1952_64": { "autotile": 1.0, "autotile_index": 0.0, "tileset": "tile_secret", "coord": [ 4.0, 3.0 ] }, "128_128": { "autotile": 1.0, "autotile_index": 0.0, "tileset": "tile_secret", "coord": [ 5.0, 4.0 ] }, "1888_160": { "autotile": 1.0, "autotile_index": 0.0, "tileset": "tile_secret", "coord": [ 1.0, 2.0 ] }, "2688_-256": { "coord": [ 2.0, 5.0 ], "autotile_index": 0.0, "tileset": "tile_secret", "autotile": 0.0 }, "2944_256": { "autotile": 1.0, "autotile_index": 0.0, "tileset": "tile_secret", "coord": [ 4.0, 4.0 ] }, "2816_288": { "autotile": 1.0, "autotile_index": 0.0, "tileset": "tile_secret", "coord": [ 2.0, 5.0 ] }, "1888_320": { "autotile": 1.0, "autotile_index": 0.0, "tileset": "tile_secret", "coord": [ 1.0, 2.0 ] }, "2368_-160": { "autotile": 1.0, "autotile_index": 0.0, "tileset": "tile_secret", "coord": [ 4.0, 1.0 ] }, "2880_256": { "autotile": 1.0, "autotile_index": 0.0, "tileset": "tile_secret", "coord": [ 3.0, 4.0 ] }, "2784_288": { "autotile": 1.0, "autotile_index": 0.0, "tileset": "tile_secret", "coord": [ 2.0, 5.0 ] }, "1952_512": { "autotile": 1.0, "autotile_index": 0.0, "tileset": "tile_secret", "coord": [ 4.0, 3.0 ] }, "1920_480": { "autotile": 1.0, "autotile_index": 0.0, "tileset": "tile_secret", "coord": [ 2.0, 3.0 ] }, "2496_288": { "autotile": 1.0, "autotile_index": 0.0, "tileset": "tile_secret", "coord": [ 1.0, 5.0 ] }, "2976_192": { "autotile": 1.0, "autotile_index": 0.0, "tileset": "tile_secret", "coord": [ 5.0, 1.0 ] }, "1888_-32": { "autotile": 1.0, "autotile_index": 0.0, "tileset": "tile_secret", "coord": [ 1.0, 1.0 ] } } }, "backgrounds": { "5": { "x": 0.0, "scroll_x": 0.69999999999999995559107901499374, "tile_y": 1.0, "hspeed": 1.0, "scroll_y": 0.69999999999999995559107901499374, "y": 0.0, "sprite": "bg_secret", "tile_x": 1.0, "vspeed": 1.0, "image_speed": 0.0, "panic_sprite": -1.0 } }, "properties": { "songTransitionTime": 100.0, "pausecombo": 0.0, "roomX": -704.0, "levelWidth": 5824.0, "roomY": -1248.0, "levelHeight": 636.0, "song": "guts to-go secret" } }