{ "isNoiseUpdate": 1.0, "properties": { "song": "event:\/music\/w3\/golf", "songTransitionTime": 100.0, "pausecombo": 0.0, "roomX": 0.0, "levelWidth": 960.0, "roomY": 0.0, "levelHeight": 540.0 }, "editorVersion": 6.0, "instances": [ { "layer": 0.0, "object": "obj_solid", "deleted": 1.0, "variables": { "x": -32.0, "flipX": 0.0, "y": 32.0, "flipY": 0.0 } }, { "layer": 0.0, "object": "obj_solid", "deleted": 1.0, "variables": { "x": -32.0, "flipX": 0.0, "y": 0.0, "flipY": 0.0 } }, { "layer": 0.0, "object": "obj_solid", "deleted": 0.0, "variables": { "x": 0.0, "flipX": 0.0, "y": 448.0, "flipY": 0.0, "image_xscale": 30.0, "image_yscale": 3.0 } }, { "layer": 0.0, "object": "obj_solid", "deleted": 1.0, "variables": { "x": -32.0, "flipX": 0.0, "y": 64.0, "flipY": 0.0 } }, { "layer": 0.0, "object": "obj_startgate_treasure", "deleted": 0.0, "variables": { "level": "wtgnew", "x": 544.0, "flipX": 0.0, "y": 352.0, "flipY": 0.0, "image_xscale": 1.0, "image_yscale": 1.0 } }, { "layer": 0.0, "object": "obj_startgate", "deleted": 0.0, "variables": { "x": 721.0, "flipX": 0.0, "y": 302.5, "flipY": 0.0, "image_xscale": 1.0, "image_yscale": 1.0, "sprite_index": "levelgate", "levelNameN": "wtgnewnoise", "levelName": "wtgnew", "bgsprite": "wargolfback" } }, { "layer": 0.0, "object": "obj_solid", "deleted": 1.0, "variables": { "x": -32.0, "flipX": 0.0, "y": 96.0, "flipY": 0.0 } }, { "layer": 0.0, "object": "obj_solid", "deleted": 1.0, "variables": { "x": -32.0, "flipX": 0.0, "y": 128.0, "flipY": 0.0 } }, { "layer": 0.0, "object": "obj_solid", "deleted": 1.0, "variables": { "x": -32.0, "flipX": 0.0, "y": 160.0, "flipY": 0.0 } }, { "layer": 0.0, "object": "obj_solid", "deleted": 1.0, "variables": { "x": -32.0, "flipX": 0.0, "y": 192.0, "flipY": 0.0 } }, { "layer": 0.0, "object": "obj_solid", "deleted": 1.0, "variables": { "x": 0.0, "flipX": 0.0, "y": 224.0, "flipY": 0.0 } }, { "layer": 0.0, "object": "obj_solid", "deleted": 1.0, "variables": { "x": 0.0, "flipX": 0.0, "y": 256.0, "flipY": 0.0 } }, { "layer": 0.0, "object": "obj_platform", "deleted": 1.0, "variables": { "x": 96.0, "flipX": 0.0, "y": 128.0, "flipY": 0.0 } }, { "layer": 0.0, "object": "obj_tutorialbook", "deleted": 0.0, "variables": { "x": 352.0, "flipX": 0.0, "y": 394.5, "flipY": 0.0, "image_xscale": 1.0, "image_yscale": 1.0, "text": "WARNING! This level is buggy! If you find one, go on your local CYOP discord server and look for the guy named mr_uhhh. He might help!" } }, { "layer": 0.0, "object": "obj_platform", "deleted": 1.0, "variables": { "x": 160.0, "flipX": 0.0, "y": 160.0, "flipY": 0.0, "image_xscale": 1.0, "image_yscale": 1.0 } }, { "layer": 0.0, "object": "obj_solid", "deleted": 0.0, "variables": { "x": 1312.0, "flipX": 0.0, "y": 416.0, "flipY": 0.0 } }, { "layer": 0.0, "object": "obj_solid", "deleted": 0.0, "variables": { "x": 864.0, "flipX": 0.0, "y": 96.0, "flipY": 0.0, "image_xscale": 3.0, "image_yscale": 7.0 } }, { "layer": 0.0, "object": "obj_solid", "deleted": 0.0, "variables": { "x": 0.0, "flipX": 0.0, "y": 0.0, "flipY": 0.0, "image_xscale": 30.0, "image_yscale": 3.0 } }, { "layer": 0.0, "object": "obj_exitgate", "deleted": 0.0, "variables": { "x": 192.0, "flipX": 0.0, "y": 320.0, "flipY": 0.0 } }, { "layer": 0.0, "object": "obj_doorA", "deleted": 0.0, "variables": { "x": 176.0, "y": 416.0 } }, { "layer": 0.0, "object": "obj_solid", "deleted": 0.0, "variables": { "x": 0.0, "flipX": 0.0, "y": 96.0, "flipY": 0.0, "image_xscale": 3.0, "image_yscale": 11.0 } }, { "layer": 0.0, "object": "obj_solid", "deleted": 0.0, "variables": { "x": 1312.0, "flipX": 0.0, "y": 384.0, "flipY": 0.0 } }, { "layer": 0.0, "object": "obj_solid", "deleted": 0.0, "variables": { "x": 1312.0, "flipX": 0.0, "y": 352.0, "flipY": 0.0 } }, { "layer": 0.0, "object": "obj_solid", "deleted": 0.0, "variables": { "x": 1312.0, "flipX": 0.0, "y": 320.0, "flipY": 0.0 } }, { "layer": 0.0, "object": "obj_doorB", "deleted": 0.0, "variables": { "x": 1024.0, "flipX": 0.0, "y": 416.0, "flipY": 0.0, "image_xscale": 1.0, "image_yscale": 1.0 } }, { "layer": 0.0, "object": "obj_hallway", "deleted": 0.0, "variables": { "targetDoor": "A", "x": 1056.0, "flipX": 0.0, "y": 320.0, "flipY": 0.0, "image_xscale": 8.0, "image_yscale": 2.0, "targetRoom": "credits" } }, { "layer": 0.0, "object": "obj_solid", "deleted": 0.0, "variables": { "x": 960.0, "flipX": 0.0, "y": 448.0, "flipY": 0.0, "image_xscale": 15.0, "image_yscale": 3.0 } }, { "layer": 0.0, "object": "obj_solid", "deleted": 0.0, "variables": { "x": 960.0, "flipX": 0.0, "y": 224.0, "flipY": 0.0, "image_xscale": 17.0, "image_yscale": 3.0 } } ], "backgrounds": { "5": { "x": 0.0, "scroll_y": 0.69999999999999995559107901499374, "panic_sprite": -1.0, "hspeed": 0.5, "tile_y": 1.0, "character": "None", "y": 0.0, "escape": "None", "tile_x": 1.0, "sprite": "bg_golfclouds", "vspeed": 0.0, "image_speed": 15.0, "scroll_x": 0.69999999999999995559107901499374 }, "6": { "x": 0.0, "scroll_y": 0.010000000000000000208166817117217, "panic_sprite": -1.0, "hspeed": 0.0, "tile_y": 1.0, "character": "None", "y": 0.0, "escape": "None", "tile_x": 1.0, "sprite": "bg_minigolf3", "vspeed": 0.0, "image_speed": 15.0, "scroll_x": 0.010000000000000000208166817117217 } }, "tile_data": { "5": { "128_0": { "flipX": 1.0, "flipY": 1.0, "tileset": "spr_minigolfprops", "coord": [ 14.0, 23.0 ], "autotile_index": 1.0, "autotile": 1.0 }, "384_480": { "flipX": 1.0, "flipY": 1.0, "tileset": "spr_minigolfprops", "coord": [ 14.0, 23.0 ], "autotile_index": 1.0, "autotile": 1.0 }, "288_512": { "flipX": 1.0, "flipY": 1.0, "tileset": "spr_minigolfprops", "coord": [ 14.0, 23.0 ], "autotile_index": 1.0, "autotile": 1.0 }, "864_288": { "flipX": 1.0, "flipY": 1.0, "tileset": "spr_minigolfprops", "coord": [ 15.0, 22.0 ], "autotile_index": 1.0, "autotile": 1.0 }, "416_0": { "flipX": 1.0, "flipY": 1.0, "tileset": "spr_minigolfprops", "coord": [ 14.0, 23.0 ], "autotile_index": 1.0, "autotile": 1.0 }, "992_256": { "flipX": 1.0, "flipY": 1.0, "tileset": "spr_minigolfprops", "coord": [ 0.0, 0.0 ], "autotile_index": 1.0, "autotile": 1.0 }, "896_480": { "flipX": 1.0, "flipY": 1.0, "tileset": "spr_minigolfprops", "coord": [ 14.0, 23.0 ], "autotile_index": 1.0, "autotile": 1.0 }, "960_512": { "flipX": 1.0, "flipY": 1.0, "tileset": "spr_minigolfprops", "coord": [ 0.0, 0.0 ], "autotile_index": 1.0, "autotile": 1.0 }, "160_448": { "flipX": 1.0, "flipY": 1.0, "tileset": "spr_minigolfprops", "coord": [ 18.0, 18.0 ], "autotile_index": 1.0, "autotile": 1.0 }, "96_64": { "flipX": 1.0, "flipY": 1.0, "tileset": "spr_minigolfprops", "coord": [ 16.0, 22.0 ], "autotile_index": 1.0, "autotile": 1.0 }, "832_480": { "flipX": 1.0, "flipY": 1.0, "tileset": "spr_minigolfprops", "coord": [ 14.0, 23.0 ], "autotile_index": 1.0, "autotile": 1.0 }, "352_480": { "flipX": 1.0, "flipY": 1.0, "tileset": "spr_minigolfprops", "coord": [ 14.0, 23.0 ], "autotile_index": 1.0, "autotile": 1.0 }, "832_64": { "flipX": 1.0, "flipY": 1.0, "tileset": "spr_minigolfprops", "coord": [ 16.0, 22.0 ], "autotile_index": 1.0, "autotile": 1.0 }, "832_0": { "flipX": 1.0, "flipY": 1.0, "tileset": "spr_minigolfprops", "coord": [ 14.0, 23.0 ], "autotile_index": 1.0, "autotile": 1.0 }, "928_192": { "flipX": 1.0, "flipY": 1.0, "tileset": "spr_minigolfprops", "coord": [ 14.0, 23.0 ], "autotile_index": 1.0, "autotile": 1.0 }, "0_448": { "flipX": 1.0, "flipY": 1.0, "tileset": "spr_minigolfprops", "coord": [ 14.0, 23.0 ], "autotile_index": 1.0, "autotile": 1.0 }, "736_32": { "flipX": 1.0, "flipY": 1.0, "tileset": "spr_minigolfprops", "coord": [ 14.0, 23.0 ], "autotile_index": 1.0, "autotile": 1.0 }, "768_32": { "flipX": 1.0, "flipY": 1.0, "tileset": "spr_minigolfprops", "coord": [ 14.0, 23.0 ], "autotile_index": 1.0, "autotile": 1.0 }, "448_448": { "flipX": 1.0, "flipY": 1.0, "tileset": "spr_minigolfprops", "coord": [ 18.0, 18.0 ], "autotile_index": 1.0, "autotile": 1.0 }, "352_448": { "flipX": 1.0, "flipY": 1.0, "tileset": "spr_minigolfprops", "coord": [ 16.0, 18.0 ], "autotile_index": 1.0, "autotile": 1.0 }, "64_32": { "flipX": 1.0, "flipY": 1.0, "tileset": "spr_minigolfprops", "coord": [ 14.0, 23.0 ], "autotile_index": 1.0, "autotile": 1.0 }, "64_160": { "flipX": 1.0, "flipY": 1.0, "tileset": "spr_minigolfprops", "coord": [ 19.0, 19.0 ], "autotile_index": 1.0, "autotile": 1.0 }, "32_480": { "flipX": 1.0, "flipY": 1.0, "tileset": "spr_minigolfprops", "coord": [ 14.0, 23.0 ], "autotile_index": 1.0, "autotile": 1.0 }, "832_32": { "flipX": 1.0, "flipY": 1.0, "tileset": "spr_minigolfprops", "coord": [ 14.0, 23.0 ], "autotile_index": 1.0, "autotile": 1.0 }, "448_480": { "flipX": 1.0, "flipY": 1.0, "tileset": "spr_minigolfprops", "coord": [ 14.0, 23.0 ], "autotile_index": 1.0, "autotile": 1.0 }, "64_352": { "flipX": 1.0, "flipY": 1.0, "tileset": "spr_minigolfprops", "coord": [ 19.0, 19.0 ], "autotile_index": 1.0, "autotile": 1.0 }, "192_512": { "flipX": 1.0, "flipY": 1.0, "tileset": "spr_minigolfprops", "coord": [ 14.0, 23.0 ], "autotile_index": 1.0, "autotile": 1.0 }, "928_128": { "flipX": 1.0, "flipY": 1.0, "tileset": "spr_minigolfprops", "coord": [ 14.0, 23.0 ], "autotile_index": 1.0, "autotile": 1.0 }, "512_544": { "flipX": 1.0, "flipY": 1.0, "tileset": "spr_towerentrancehall", "coord": [ 0.0, 0.0 ], "autotile_index": 0.0, "autotile": 1.0 }, "384_448": { "flipX": 1.0, "flipY": 1.0, "tileset": "spr_minigolfprops", "coord": [ 18.0, 18.0 ], "autotile_index": 1.0, "autotile": 1.0 }, "0_256": { "flipX": 1.0, "flipY": 1.0, "tileset": "spr_minigolfprops", "coord": [ 14.0, 23.0 ], "autotile_index": 1.0, "autotile": 1.0 }, "64_384": { "flipX": 1.0, "flipY": 1.0, "tileset": "spr_minigolfprops", "coord": [ 19.0, 21.0 ], "autotile_index": 1.0, "autotile": 1.0 }, "864_96": { "flipX": 1.0, "flipY": 1.0, "tileset": "spr_minigolfprops", "coord": [ 15.0, 21.0 ], "autotile_index": 1.0, "autotile": 1.0 }, "96_32": { "flipX": 1.0, "flipY": 1.0, "tileset": "spr_minigolfprops", "coord": [ 14.0, 23.0 ], "autotile_index": 1.0, "autotile": 1.0 }, "576_64": { "flipX": 1.0, "flipY": 1.0, "tileset": "spr_minigolfprops", "coord": [ 18.0, 22.0 ], "autotile_index": 1.0, "autotile": 1.0 }, "864_64": { "flipX": 1.0, "flipY": 1.0, "tileset": "spr_minigolfprops", "coord": [ 17.0, 23.0 ], "autotile_index": 1.0, "autotile": 1.0 }, "800_544": { "flipX": 1.0, "flipY": 1.0, "tileset": "spr_minigolfprops", "coord": [ 0.0, 0.0 ], "autotile_index": 1.0, "autotile": 1.0 }, "864_0": { "flipX": 1.0, "flipY": 1.0, "tileset": "spr_minigolfprops", "coord": [ 14.0, 23.0 ], "autotile_index": 1.0, "autotile": 1.0 }, "480_64": { "flipX": 1.0, "flipY": 1.0, "tileset": "spr_minigolfprops", "coord": [ 17.0, 22.0 ], "autotile_index": 1.0, "autotile": 1.0 }, "192_480": { "flipX": 1.0, "flipY": 1.0, "tileset": "spr_minigolfprops", "coord": [ 14.0, 23.0 ], "autotile_index": 1.0, "autotile": 1.0 }, "896_64": { "flipX": 1.0, "flipY": 1.0, "tileset": "spr_minigolfprops", "coord": [ 11.0, 21.0 ], "autotile_index": 1.0, "autotile": 1.0 }, "640_32": { "flipX": 1.0, "flipY": 1.0, "tileset": "spr_minigolfprops", "coord": [ 14.0, 23.0 ], "autotile_index": 1.0, "autotile": 1.0 }, "992_448": { "flipX": 1.0, "flipY": 1.0, "tileset": "spr_minigolfprops", "coord": [ 0.0, 0.0 ], "autotile_index": 1.0, "autotile": 1.0 }, "256_0": { "flipX": 1.0, "flipY": 1.0, "tileset": "spr_minigolfprops", "coord": [ 14.0, 23.0 ], "autotile_index": 1.0, "autotile": 1.0 }, "-32_-32": { "flipX": 1.0, "flipY": 1.0, "tileset": "spr_minigolfprops", "coord": [ 0.0, 0.0 ], "autotile_index": 1.0, "autotile": 1.0 }, "832_512": { "flipX": 1.0, "flipY": 1.0, "tileset": "spr_minigolfprops", "coord": [ 14.0, 23.0 ], "autotile_index": 1.0, "autotile": 1.0 }, "672_448": { "flipX": 1.0, "flipY": 1.0, "tileset": "spr_minigolfprops", "coord": [ 17.0, 18.0 ], "autotile_index": 1.0, "autotile": 1.0 }, "160_0": { "flipX": 1.0, "flipY": 1.0, "tileset": "spr_minigolfprops", "coord": [ 14.0, 23.0 ], "autotile_index": 1.0, "autotile": 1.0 }, "928_32": { "flipX": 1.0, "flipY": 1.0, "tileset": "spr_minigolfprops", "coord": [ 14.0, 23.0 ], "autotile_index": 1.0, "autotile": 1.0 }, "960_256": { "flipX": 1.0, "flipY": 1.0, "tileset": "spr_minigolfprops", "coord": [ 0.0, 0.0 ], "autotile_index": 1.0, "autotile": 1.0 }, "224_448": { "flipX": 1.0, "flipY": 1.0, "tileset": "spr_minigolfprops", "coord": [ 18.0, 18.0 ], "autotile_index": 1.0, "autotile": 1.0 }, "864_512": { "flipX": 1.0, "flipY": 1.0, "tileset": "spr_minigolfprops", "coord": [ 14.0, 23.0 ], "autotile_index": 1.0, "autotile": 1.0 }, "640_64": { "flipX": 1.0, "flipY": 1.0, "tileset": "spr_minigolfprops", "coord": [ 17.0, 22.0 ], "autotile_index": 1.0, "autotile": 1.0 }, "512_64": { "flipX": 1.0, "flipY": 1.0, "tileset": "spr_minigolfprops", "coord": [ 17.0, 22.0 ], "autotile_index": 1.0, "autotile": 1.0 }, "192_64": { "flipX": 1.0, "flipY": 1.0, "tileset": "spr_minigolfprops", "coord": [ 18.0, 22.0 ], "autotile_index": 1.0, "autotile": 1.0 }, "0_32": { "flipX": 1.0, "flipY": 1.0, "tileset": "spr_minigolfprops", "coord": [ 14.0, 23.0 ], "autotile_index": 1.0, "autotile": 1.0 }, "960_448": { "flipX": 1.0, "flipY": 1.0, "tileset": "spr_minigolfprops", "coord": [ 0.0, 0.0 ], "autotile_index": 1.0, "autotile": 1.0 }, "64_512": { "flipX": 1.0, "flipY": 1.0, "tileset": "spr_minigolfprops", "coord": [ 14.0, 23.0 ], "autotile_index": 1.0, "autotile": 1.0 }, "96_448": { "flipX": 1.0, "flipY": 1.0, "tileset": "spr_minigolfprops", "coord": [ 18.0, 18.0 ], "autotile_index": 1.0, "autotile": 1.0 }, "480_448": { "flipX": 1.0, "flipY": 1.0, "tileset": "spr_minigolfprops", "coord": [ 17.0, 18.0 ], "autotile_index": 1.0, "autotile": 1.0 }, "928_64": { "flipX": 1.0, "flipY": 1.0, "tileset": "spr_minigolfprops", "coord": [ 14.0, 23.0 ], "autotile_index": 1.0, "autotile": 1.0 }, "0_544": { "flipX": 1.0, "flipY": 1.0, "tileset": "spr_towerentrancehall", "coord": [ 0.0, 0.0 ], "autotile_index": 0.0, "autotile": 1.0 }, "32_256": { "flipX": 1.0, "flipY": 1.0, "tileset": "spr_minigolfprops", "coord": [ 14.0, 23.0 ], "autotile_index": 1.0, "autotile": 1.0 }, "480_32": { "flipX": 1.0, "flipY": 1.0, "tileset": "spr_minigolfprops", "coord": [ 14.0, 23.0 ], "autotile_index": 1.0, "autotile": 1.0 }, "672_480": { "flipX": 1.0, "flipY": 1.0, "tileset": "spr_minigolfprops", "coord": [ 14.0, 23.0 ], "autotile_index": 1.0, "autotile": 1.0 }, "160_512": { "flipX": 1.0, "flipY": 1.0, "tileset": "spr_minigolfprops", "coord": [ 14.0, 23.0 ], "autotile_index": 1.0, "autotile": 1.0 }, "64_128": { "flipX": 1.0, "flipY": 1.0, "tileset": "spr_minigolfprops", "coord": [ 19.0, 21.0 ], "autotile_index": 1.0, "autotile": 1.0 }, "288_544": { "flipX": 1.0, "flipY": 1.0, "tileset": "spr_towerentrancehall", "coord": [ 0.0, 0.0 ], "autotile_index": 0.0, "autotile": 1.0 }, "64_320": { "flipX": 1.0, "flipY": 1.0, "tileset": "spr_minigolfprops", "coord": [ 19.0, 21.0 ], "autotile_index": 1.0, "autotile": 1.0 }, "64_192": { "flipX": 1.0, "flipY": 1.0, "tileset": "spr_minigolfprops", "coord": [ 19.0, 21.0 ], "autotile_index": 1.0, "autotile": 1.0 }, "800_448": { "flipX": 1.0, "flipY": 1.0, "tileset": "spr_minigolfprops", "coord": [ 16.0, 18.0 ], "autotile_index": 1.0, "autotile": 1.0 }, "1024_480": { "flipX": 1.0, "flipY": 1.0, "tileset": "spr_minigolfprops", "coord": [ 0.0, 0.0 ], "autotile_index": 1.0, "autotile": 1.0 }, "192_32": { "flipX": 1.0, "flipY": 1.0, "tileset": "spr_minigolfprops", "coord": [ 14.0, 23.0 ], "autotile_index": 1.0, "autotile": 1.0 }, "416_64": { "flipX": 1.0, "flipY": 1.0, "tileset": "spr_minigolfprops", "coord": [ 18.0, 22.0 ], "autotile_index": 1.0, "autotile": 1.0 }, "-32_-64": { "flipX": 1.0, "flipY": 1.0, "tileset": "spr_minigolfprops", "coord": [ 0.0, 0.0 ], "autotile_index": 1.0, "autotile": 1.0 }, "0_384": { "flipX": 1.0, "flipY": 1.0, "tileset": "spr_minigolfprops", "coord": [ 14.0, 23.0 ], "autotile_index": 1.0, "autotile": 1.0 }, "608_512": { "flipX": 1.0, "flipY": 1.0, "tileset": "spr_minigolfprops", "coord": [ 14.0, 23.0 ], "autotile_index": 1.0, "autotile": 1.0 }, "896_256": { "flipX": 1.0, "flipY": 1.0, "tileset": "spr_minigolfprops", "coord": [ 11.0, 22.0 ], "autotile_index": 1.0, "autotile": 1.0 }, "32_384": { "flipX": 1.0, "flipY": 1.0, "tileset": "spr_minigolfprops", "coord": [ 14.0, 23.0 ], "autotile_index": 1.0, "autotile": 1.0 }, "64_224": { "flipX": 1.0, "flipY": 1.0, "tileset": "spr_minigolfprops", "coord": [ 19.0, 20.0 ], "autotile_index": 1.0, "autotile": 1.0 }, "768_512": { "flipX": 1.0, "flipY": 1.0, "tileset": "spr_minigolfprops", "coord": [ 14.0, 23.0 ], "autotile_index": 1.0, "autotile": 1.0 }, "640_480": { "flipX": 1.0, "flipY": 1.0, "tileset": "spr_minigolfprops", "coord": [ 14.0, 23.0 ], "autotile_index": 1.0, "autotile": 1.0 }, "864_160": { "flipX": 1.0, "flipY": 1.0, "tileset": "spr_minigolfprops", "coord": [ 15.0, 21.0 ], "autotile_index": 1.0, "autotile": 1.0 }, "288_480": { "flipX": 1.0, "flipY": 1.0, "tileset": "spr_minigolfprops", "coord": [ 14.0, 23.0 ], "autotile_index": 1.0, "autotile": 1.0 }, "320_544": { "flipX": 1.0, "flipY": 1.0, "tileset": "spr_towerentrancehall", "coord": [ 0.0, 0.0 ], "autotile_index": 0.0, "autotile": 1.0 }, "32_32": { "flipX": 1.0, "flipY": 1.0, "tileset": "spr_minigolfprops", "coord": [ 14.0, 23.0 ], "autotile_index": 1.0, "autotile": 1.0 }, "0_128": { "flipX": 1.0, "flipY": 1.0, "tileset": "spr_minigolfprops", "coord": [ 14.0, 23.0 ], "autotile_index": 1.0, "autotile": 1.0 }, "928_224": { "flipX": 1.0, "flipY": 1.0, "tileset": "spr_minigolfprops", "coord": [ 14.0, 23.0 ], "autotile_index": 1.0, "autotile": 1.0 }, "960_96": { "flipX": 1.0, "flipY": 1.0, "tileset": "spr_minigolfprops", "coord": [ 0.0, 0.0 ], "autotile_index": 1.0, "autotile": 1.0 }, "960_0": { "flipX": 1.0, "flipY": 1.0, "tileset": "spr_minigolfprops", "coord": [ 0.0, 0.0 ], "autotile_index": 1.0, "autotile": 1.0 }, "928_512": { "flipX": 1.0, "flipY": 1.0, "tileset": "spr_minigolfprops", "coord": [ 14.0, 23.0 ], "autotile_index": 1.0, "autotile": 1.0 }, "160_32": { "flipX": 1.0, "flipY": 1.0, "tileset": "spr_minigolfprops", "coord": [ 14.0, 23.0 ], "autotile_index": 1.0, "autotile": 1.0 }, "416_32": { "flipX": 1.0, "flipY": 1.0, "tileset": "spr_minigolfprops", "coord": [ 14.0, 23.0 ], "autotile_index": 1.0, "autotile": 1.0 }, "0_160": { "flipX": 1.0, "flipY": 1.0, "tileset": "spr_minigolfprops", "coord": [ 14.0, 23.0 ], "autotile_index": 1.0, "autotile": 1.0 }, "320_64": { "flipX": 1.0, "flipY": 1.0, "tileset": "spr_minigolfprops", "coord": [ 18.0, 22.0 ], "autotile_index": 1.0, "autotile": 1.0 }, "0_480": { "flipX": 1.0, "flipY": 1.0, "tileset": "spr_minigolfprops", "coord": [ 14.0, 23.0 ], "autotile_index": 1.0, "autotile": 1.0 }, "352_512": { "flipX": 1.0, "flipY": 1.0, "tileset": "spr_minigolfprops", "coord": [ 14.0, 23.0 ], "autotile_index": 1.0, "autotile": 1.0 }, "32_64": { "flipX": 1.0, "flipY": 1.0, "tileset": "spr_minigolfprops", "coord": [ 14.0, 23.0 ], "autotile_index": 1.0, "autotile": 1.0 }, "160_480": { "flipX": 1.0, "flipY": 1.0, "tileset": "spr_minigolfprops", "coord": [ 14.0, 23.0 ], "autotile_index": 1.0, "autotile": 1.0 }, "544_32": { "flipX": 1.0, "flipY": 1.0, "tileset": "spr_minigolfprops", "coord": [ 14.0, 23.0 ], "autotile_index": 1.0, "autotile": 1.0 }, "32_160": { "flipX": 1.0, "flipY": 1.0, "tileset": "spr_minigolfprops", "coord": [ 14.0, 23.0 ], "autotile_index": 1.0, "autotile": 1.0 }, "-32_32": { "flipX": 1.0, "flipY": 1.0, "tileset": "spr_minigolfprops", "coord": [ 0.0, 0.0 ], "autotile_index": 1.0, "autotile": 1.0 }, "0_352": { "flipX": 1.0, "flipY": 1.0, "tileset": "spr_minigolfprops", "coord": [ 14.0, 23.0 ], "autotile_index": 1.0, "autotile": 1.0 }, "96_480": { "flipX": 1.0, "flipY": 1.0, "tileset": "spr_minigolfprops", "coord": [ 14.0, 23.0 ], "autotile_index": 1.0, "autotile": 1.0 }, "128_448": { "flipX": 1.0, "flipY": 1.0, "tileset": "spr_minigolfprops", "coord": [ 17.0, 18.0 ], "autotile_index": 1.0, "autotile": 1.0 }, "32_544": { "flipX": 1.0, "flipY": 1.0, "tileset": "spr_towerentrancehall", "coord": [ 0.0, 0.0 ], "autotile_index": 0.0, "autotile": 1.0 }, "416_448": { "flipX": 1.0, "flipY": 1.0, "tileset": "spr_minigolfprops", "coord": [ 16.0, 18.0 ], "autotile_index": 1.0, "autotile": 1.0 }, "64_544": { "flipX": 1.0, "flipY": 1.0, "tileset": "spr_towerentrancehall", "coord": [ 0.0, 0.0 ], "autotile_index": 0.0, "autotile": 1.0 }, "256_512": { "flipX": 1.0, "flipY": 1.0, "tileset": "spr_minigolfprops", "coord": [ 14.0, 23.0 ], "autotile_index": 1.0, "autotile": 1.0 }, "128_32": { "flipX": 1.0, "flipY": 1.0, "tileset": "spr_minigolfprops", "coord": [ 14.0, 23.0 ], "autotile_index": 1.0, "autotile": 1.0 }, "704_448": { "flipX": 1.0, "flipY": 1.0, "tileset": "spr_minigolfprops", "coord": [ 18.0, 18.0 ], "autotile_index": 1.0, "autotile": 1.0 }, "992_288": { "flipX": 1.0, "flipY": 1.0, "tileset": "spr_minigolfprops", "coord": [ 0.0, 0.0 ], "autotile_index": 1.0, "autotile": 1.0 }, "96_512": { "flipX": 1.0, "flipY": 1.0, "tileset": "spr_minigolfprops", "coord": [ 14.0, 23.0 ], "autotile_index": 1.0, "autotile": 1.0 }, "-32_64": { "flipX": 1.0, "flipY": 1.0, "tileset": "spr_minigolfprops", "coord": [ 0.0, 0.0 ], "autotile_index": 1.0, "autotile": 1.0 }, "352_32": { "flipX": 1.0, "flipY": 1.0, "tileset": "spr_minigolfprops", "coord": [ 14.0, 23.0 ], "autotile_index": 1.0, "autotile": 1.0 }, "416_512": { "flipX": 1.0, "flipY": 1.0, "tileset": "spr_minigolfprops", "coord": [ 14.0, 23.0 ], "autotile_index": 1.0, "autotile": 1.0 }, "64_-32": { "flipX": 1.0, "flipY": 1.0, "tileset": "spr_minigolfprops", "coord": [ 0.0, 0.0 ], "autotile_index": 1.0, "autotile": 1.0 }, "160_64": { "flipX": 1.0, "flipY": 1.0, "tileset": "spr_minigolfprops", "coord": [ 17.0, 22.0 ], "autotile_index": 1.0, "autotile": 1.0 }, "928_480": { "flipX": 1.0, "flipY": 1.0, "tileset": "spr_minigolfprops", "coord": [ 14.0, 23.0 ], "autotile_index": 1.0, "autotile": 1.0 }, "704_480": { "flipX": 1.0, "flipY": 1.0, "tileset": "spr_minigolfprops", "coord": [ 14.0, 23.0 ], "autotile_index": 1.0, "autotile": 1.0 }, "448_512": { "flipX": 1.0, "flipY": 1.0, "tileset": "spr_minigolfprops", "coord": [ 14.0, 23.0 ], "autotile_index": 1.0, "autotile": 1.0 }, "800_480": { "flipX": 1.0, "flipY": 1.0, "tileset": "spr_minigolfprops", "coord": [ 14.0, 23.0 ], "autotile_index": 1.0, "autotile": 1.0 }, "352_544": { "flipX": 1.0, "flipY": 1.0, "tileset": "spr_towerentrancehall", "coord": [ 0.0, 0.0 ], "autotile_index": 0.0, "autotile": 1.0 }, "864_448": { "flipX": 1.0, "flipY": 1.0, "tileset": "spr_minigolfprops", "coord": [ 17.0, 18.0 ], "autotile_index": 1.0, "autotile": 1.0 }, "832_544": { "flipX": 1.0, "flipY": 1.0, "tileset": "spr_minigolfprops", "coord": [ 0.0, 0.0 ], "autotile_index": 1.0, "autotile": 1.0 }, "768_448": { "flipX": 1.0, "flipY": 1.0, "tileset": "spr_minigolfprops", "coord": [ 17.0, 18.0 ], "autotile_index": 1.0, "autotile": 1.0 }, "32_288": { "flipX": 1.0, "flipY": 1.0, "tileset": "spr_minigolfprops", "coord": [ 14.0, 23.0 ], "autotile_index": 1.0, "autotile": 1.0 }, "896_128": { "flipX": 1.0, "flipY": 1.0, "tileset": "spr_minigolfprops", "coord": [ 11.0, 21.0 ], "autotile_index": 1.0, "autotile": 1.0 }, "-32_96": { "flipX": 1.0, "flipY": 1.0, "tileset": "spr_minigolfprops", "coord": [ 0.0, 0.0 ], "autotile_index": 1.0, "autotile": 1.0 }, "384_512": { "flipX": 1.0, "flipY": 1.0, "tileset": "spr_minigolfprops", "coord": [ 14.0, 23.0 ], "autotile_index": 1.0, "autotile": 1.0 }, "160_544": { "flipX": 1.0, "flipY": 1.0, "tileset": "spr_towerentrancehall", "coord": [ 0.0, 0.0 ], "autotile_index": 0.0, "autotile": 1.0 }, "32_192": { "flipX": 1.0, "flipY": 1.0, "tileset": "spr_minigolfprops", "coord": [ 14.0, 23.0 ], "autotile_index": 1.0, "autotile": 1.0 }, "928_96": { "flipX": 1.0, "flipY": 1.0, "tileset": "spr_minigolfprops", "coord": [ 14.0, 23.0 ], "autotile_index": 1.0, "autotile": 1.0 }, "128_512": { "flipX": 1.0, "flipY": 1.0, "tileset": "spr_minigolfprops", "coord": [ 14.0, 23.0 ], "autotile_index": 1.0, "autotile": 1.0 }, "544_512": { "flipX": 1.0, "flipY": 1.0, "tileset": "spr_minigolfprops", "coord": [ 14.0, 23.0 ], "autotile_index": 1.0, "autotile": 1.0 }, "224_480": { "flipX": 1.0, "flipY": 1.0, "tileset": "spr_minigolfprops", "coord": [ 14.0, 23.0 ], "autotile_index": 1.0, "autotile": 1.0 }, "896_96": { "flipX": 1.0, "flipY": 1.0, "tileset": "spr_minigolfprops", "coord": [ 11.0, 21.0 ], "autotile_index": 1.0, "autotile": 1.0 }, "0_416": { "flipX": 1.0, "flipY": 1.0, "tileset": "spr_minigolfprops", "coord": [ 14.0, 23.0 ], "autotile_index": 1.0, "autotile": 1.0 }, "0_0": { "flipX": 1.0, "flipY": 1.0, "tileset": "spr_minigolfprops", "coord": [ 14.0, 23.0 ], "autotile_index": 1.0, "autotile": 1.0 }, "704_512": { "flipX": 1.0, "flipY": 1.0, "tileset": "spr_minigolfprops", "coord": [ 14.0, 23.0 ], "autotile_index": 1.0, "autotile": 1.0 }, "192_544": { "flipX": 1.0, "flipY": 1.0, "tileset": "spr_towerentrancehall", "coord": [ 0.0, 0.0 ], "autotile_index": 0.0, "autotile": 1.0 }, "896_224": { "flipX": 1.0, "flipY": 1.0, "tileset": "spr_minigolfprops", "coord": [ 11.0, 21.0 ], "autotile_index": 1.0, "autotile": 1.0 }, "800_512": { "flipX": 1.0, "flipY": 1.0, "tileset": "spr_minigolfprops", "coord": [ 14.0, 23.0 ], "autotile_index": 1.0, "autotile": 1.0 }, "608_480": { "flipX": 1.0, "flipY": 1.0, "tileset": "spr_minigolfprops", "coord": [ 14.0, 23.0 ], "autotile_index": 1.0, "autotile": 1.0 }, "384_0": { "flipX": 1.0, "flipY": 1.0, "tileset": "spr_minigolfprops", "coord": [ 14.0, 23.0 ], "autotile_index": 1.0, "autotile": 1.0 }, "0_320": { "flipX": 1.0, "flipY": 1.0, "tileset": "spr_minigolfprops", "coord": [ 14.0, 23.0 ], "autotile_index": 1.0, "autotile": 1.0 }, "256_32": { "flipX": 1.0, "flipY": 1.0, "tileset": "spr_minigolfprops", "coord": [ 14.0, 23.0 ], "autotile_index": 1.0, "autotile": 1.0 }, "384_544": { "flipX": 1.0, "flipY": 1.0, "tileset": "spr_towerentrancehall", "coord": [ 0.0, 0.0 ], "autotile_index": 0.0, "autotile": 1.0 }, "192_0": { "flipX": 1.0, "flipY": 1.0, "tileset": "spr_minigolfprops", "coord": [ 14.0, 23.0 ], "autotile_index": 1.0, "autotile": 1.0 }, "864_128": { "flipX": 1.0, "flipY": 1.0, "tileset": "spr_minigolfprops", "coord": [ 15.0, 19.0 ], "autotile_index": 1.0, "autotile": 1.0 }, "-32_128": { "flipX": 1.0, "flipY": 1.0, "tileset": "spr_minigolfprops", "coord": [ 0.0, 0.0 ], "autotile_index": 1.0, "autotile": 1.0 }, "160_-32": { "flipX": 1.0, "flipY": 1.0, "tileset": "spr_minigolfprops", "coord": [ 0.0, 0.0 ], "autotile_index": 1.0, "autotile": 1.0 }, "192_448": { "flipX": 1.0, "flipY": 1.0, "tileset": "spr_minigolfprops", "coord": [ 17.0, 18.0 ], "autotile_index": 1.0, "autotile": 1.0 }, "64_256": { "flipX": 1.0, "flipY": 1.0, "tileset": "spr_minigolfprops", "coord": [ 19.0, 21.0 ], "autotile_index": 1.0, "autotile": 1.0 }, "672_0": { "flipX": 1.0, "flipY": 1.0, "tileset": "spr_minigolfprops", "coord": [ 14.0, 23.0 ], "autotile_index": 1.0, "autotile": 1.0 }, "224_0": { "flipX": 1.0, "flipY": 1.0, "tileset": "spr_minigolfprops", "coord": [ 14.0, 23.0 ], "autotile_index": 1.0, "autotile": 1.0 }, "800_0": { "flipX": 1.0, "flipY": 1.0, "tileset": "spr_minigolfprops", "coord": [ 14.0, 23.0 ], "autotile_index": 1.0, "autotile": 1.0 }, "64_288": { "flipX": 1.0, "flipY": 1.0, "tileset": "spr_minigolfprops", "coord": [ 19.0, 20.0 ], "autotile_index": 1.0, "autotile": 1.0 }, "256_480": { "flipX": 1.0, "flipY": 1.0, "tileset": "spr_minigolfprops", "coord": [ 14.0, 23.0 ], "autotile_index": 1.0, "autotile": 1.0 }, "32_352": { "flipX": 1.0, "flipY": 1.0, "tileset": "spr_minigolfprops", "coord": [ 14.0, 23.0 ], "autotile_index": 1.0, "autotile": 1.0 }, "0_64": { "flipX": 1.0, "flipY": 1.0, "tileset": "spr_minigolfprops", "coord": [ 14.0, 23.0 ], "autotile_index": 1.0, "autotile": 1.0 }, "352_0": { "flipX": 1.0, "flipY": 1.0, "tileset": "spr_minigolfprops", "coord": [ 14.0, 23.0 ], "autotile_index": 1.0, "autotile": 1.0 }, "-32_160": { "flipX": 1.0, "flipY": 1.0, "tileset": "spr_minigolfprops", "coord": [ 0.0, 0.0 ], "autotile_index": 1.0, "autotile": 1.0 }, "96_544": { "flipX": 1.0, "flipY": 1.0, "tileset": "spr_towerentrancehall", "coord": [ 0.0, 0.0 ], "autotile_index": 0.0, "autotile": 1.0 }, "32_128": { "flipX": 1.0, "flipY": 1.0, "tileset": "spr_minigolfprops", "coord": [ 14.0, 23.0 ], "autotile_index": 1.0, "autotile": 1.0 }, "640_0": { "flipX": 1.0, "flipY": 1.0, "tileset": "spr_minigolfprops", "coord": [ 14.0, 23.0 ], "autotile_index": 1.0, "autotile": 1.0 }, "480_480": { "flipX": 1.0, "flipY": 1.0, "tileset": "spr_minigolfprops", "coord": [ 14.0, 23.0 ], "autotile_index": 1.0, "autotile": 1.0 }, "-32_0": { "flipX": 1.0, "flipY": 1.0, "tileset": "spr_minigolfprops", "coord": [ 0.0, 0.0 ], "autotile_index": 1.0, "autotile": 1.0 }, "64_0": { "flipX": 1.0, "flipY": 1.0, "tileset": "spr_minigolfprops", "coord": [ 14.0, 23.0 ], "autotile_index": 1.0, "autotile": 1.0 }, "864_192": { "flipX": 1.0, "flipY": 1.0, "tileset": "spr_minigolfprops", "coord": [ 15.0, 20.0 ], "autotile_index": 1.0, "autotile": 1.0 }, "288_0": { "flipX": 1.0, "flipY": 1.0, "tileset": "spr_minigolfprops", "coord": [ 14.0, 23.0 ], "autotile_index": 1.0, "autotile": 1.0 }, "224_544": { "flipX": 1.0, "flipY": 1.0, "tileset": "spr_towerentrancehall", "coord": [ 0.0, 0.0 ], "autotile_index": 0.0, "autotile": 1.0 }, "576_512": { "flipX": 1.0, "flipY": 1.0, "tileset": "spr_minigolfprops", "coord": [ 14.0, 23.0 ], "autotile_index": 1.0, "autotile": 1.0 }, "32_224": { "flipX": 1.0, "flipY": 1.0, "tileset": "spr_minigolfprops", "coord": [ 14.0, 23.0 ], "autotile_index": 1.0, "autotile": 1.0 }, "640_448": { "flipX": 1.0, "flipY": 1.0, "tileset": "spr_minigolfprops", "coord": [ 17.0, 18.0 ], "autotile_index": 1.0, "autotile": 1.0 }, "0_-32": { "flipX": 1.0, "flipY": 1.0, "tileset": "spr_minigolfprops", "coord": [ 0.0, 0.0 ], "autotile_index": 1.0, "autotile": 1.0 }, "544_480": { "flipX": 1.0, "flipY": 1.0, "tileset": "spr_minigolfprops", "coord": [ 14.0, 23.0 ], "autotile_index": 1.0, "autotile": 1.0 }, "640_512": { "flipX": 1.0, "flipY": 1.0, "tileset": "spr_minigolfprops", "coord": [ 14.0, 23.0 ], "autotile_index": 1.0, "autotile": 1.0 }, "32_-32": { "flipX": 1.0, "flipY": 1.0, "tileset": "spr_minigolfprops", "coord": [ 0.0, 0.0 ], "autotile_index": 1.0, "autotile": 1.0 }, "448_64": { "flipX": 1.0, "flipY": 1.0, "tileset": "spr_minigolfprops", "coord": [ 16.0, 22.0 ], "autotile_index": 1.0, "autotile": 1.0 }, "224_32": { "flipX": 1.0, "flipY": 1.0, "tileset": "spr_minigolfprops", "coord": [ 14.0, 23.0 ], "autotile_index": 1.0, "autotile": 1.0 }, "320_448": { "flipX": 1.0, "flipY": 1.0, "tileset": "spr_minigolfprops", "coord": [ 18.0, 18.0 ], "autotile_index": 1.0, "autotile": 1.0 }, "960_288": { "flipX": 1.0, "flipY": 1.0, "tileset": "spr_minigolfprops", "coord": [ 0.0, 0.0 ], "autotile_index": 1.0, "autotile": 1.0 }, "832_448": { "flipX": 1.0, "flipY": 1.0, "tileset": "spr_minigolfprops", "coord": [ 17.0, 18.0 ], "autotile_index": 1.0, "autotile": 1.0 }, "128_544": { "flipX": 1.0, "flipY": 1.0, "tileset": "spr_towerentrancehall", "coord": [ 0.0, 0.0 ], "autotile_index": 0.0, "autotile": 1.0 }, "736_64": { "flipX": 1.0, "flipY": 1.0, "tileset": "spr_minigolfprops", "coord": [ 17.0, 22.0 ], "autotile_index": 1.0, "autotile": 1.0 }, "768_64": { "flipX": 1.0, "flipY": 1.0, "tileset": "spr_minigolfprops", "coord": [ 18.0, 22.0 ], "autotile_index": 1.0, "autotile": 1.0 }, "672_512": { "flipX": 1.0, "flipY": 1.0, "tileset": "spr_minigolfprops", "coord": [ 14.0, 23.0 ], "autotile_index": 1.0, "autotile": 1.0 }, "0_192": { "flipX": 1.0, "flipY": 1.0, "tileset": "spr_minigolfprops", "coord": [ 14.0, 23.0 ], "autotile_index": 1.0, "autotile": 1.0 }, "0_512": { "flipX": 1.0, "flipY": 1.0, "tileset": "spr_minigolfprops", "coord": [ 14.0, 23.0 ], "autotile_index": 1.0, "autotile": 1.0 }, "320_0": { "flipX": 1.0, "flipY": 1.0, "tileset": "spr_minigolfprops", "coord": [ 14.0, 23.0 ], "autotile_index": 1.0, "autotile": 1.0 }, "320_480": { "flipX": 1.0, "flipY": 1.0, "tileset": "spr_minigolfprops", "coord": [ 14.0, 23.0 ], "autotile_index": 1.0, "autotile": 1.0 }, "736_480": { "flipX": 1.0, "flipY": 1.0, "tileset": "spr_minigolfprops", "coord": [ 14.0, 23.0 ], "autotile_index": 1.0, "autotile": 1.0 }, "800_64": { "flipX": 1.0, "flipY": 1.0, "tileset": "spr_minigolfprops", "coord": [ 17.0, 22.0 ], "autotile_index": 1.0, "autotile": 1.0 }, "736_448": { "flipX": 1.0, "flipY": 1.0, "tileset": "spr_minigolfprops", "coord": [ 17.0, 18.0 ], "autotile_index": 1.0, "autotile": 1.0 }, "960_480": { "flipX": 1.0, "flipY": 1.0, "tileset": "spr_minigolfprops", "coord": [ 0.0, 0.0 ], "autotile_index": 1.0, "autotile": 1.0 }, "480_544": { "flipX": 1.0, "flipY": 1.0, "tileset": "spr_towerentrancehall", "coord": [ 0.0, 0.0 ], "autotile_index": 0.0, "autotile": 1.0 }, "1024_448": { "flipX": 1.0, "flipY": 1.0, "tileset": "spr_minigolfprops", "coord": [ 0.0, 0.0 ], "autotile_index": 1.0, "autotile": 1.0 }, "704_64": { "flipX": 1.0, "flipY": 1.0, "tileset": "spr_minigolfprops", "coord": [ 16.0, 22.0 ], "autotile_index": 1.0, "autotile": 1.0 }, "288_32": { "flipX": 1.0, "flipY": 1.0, "tileset": "spr_minigolfprops", "coord": [ 14.0, 23.0 ], "autotile_index": 1.0, "autotile": 1.0 }, "512_32": { "flipX": 1.0, "flipY": 1.0, "tileset": "spr_minigolfprops", "coord": [ 14.0, 23.0 ], "autotile_index": 1.0, "autotile": 1.0 }, "-32_256": { "flipX": 1.0, "flipY": 1.0, "tileset": "spr_minigolfprops", "coord": [ 0.0, 0.0 ], "autotile_index": 1.0, "autotile": 1.0 }, "960_64": { "flipX": 1.0, "flipY": 1.0, "tileset": "spr_minigolfprops", "coord": [ 0.0, 0.0 ], "autotile_index": 1.0, "autotile": 1.0 }, "128_-32": { "flipX": 1.0, "flipY": 1.0, "tileset": "spr_minigolfprops", "coord": [ 0.0, 0.0 ], "autotile_index": 1.0, "autotile": 1.0 }, "864_32": { "flipX": 1.0, "flipY": 1.0, "tileset": "spr_minigolfprops", "coord": [ 14.0, 23.0 ], "autotile_index": 1.0, "autotile": 1.0 }, "0_96": { "flipX": 1.0, "flipY": 1.0, "tileset": "spr_minigolfprops", "coord": [ 14.0, 23.0 ], "autotile_index": 1.0, "autotile": 1.0 }, "224_64": { "flipX": 1.0, "flipY": 1.0, "tileset": "spr_minigolfprops", "coord": [ 18.0, 22.0 ], "autotile_index": 1.0, "autotile": 1.0 }, "576_32": { "flipX": 1.0, "flipY": 1.0, "tileset": "spr_minigolfprops", "coord": [ 14.0, 23.0 ], "autotile_index": 1.0, "autotile": 1.0 }, "736_512": { "flipX": 1.0, "flipY": 1.0, "tileset": "spr_minigolfprops", "coord": [ 14.0, 23.0 ], "autotile_index": 1.0, "autotile": 1.0 }, "704_32": { "flipX": 1.0, "flipY": 1.0, "tileset": "spr_minigolfprops", "coord": [ 14.0, 23.0 ], "autotile_index": 1.0, "autotile": 1.0 }, "256_448": { "flipX": 1.0, "flipY": 1.0, "tileset": "spr_minigolfprops", "coord": [ 18.0, 18.0 ], "autotile_index": 1.0, "autotile": 1.0 }, "928_288": { "flipX": 1.0, "flipY": 1.0, "tileset": "spr_minigolfprops", "coord": [ 17.0, 22.0 ], "autotile_index": 1.0, "autotile": 1.0 }, "448_0": { "flipX": 1.0, "flipY": 1.0, "tileset": "spr_minigolfprops", "coord": [ 14.0, 23.0 ], "autotile_index": 1.0, "autotile": 1.0 }, "32_320": { "flipX": 1.0, "flipY": 1.0, "tileset": "spr_minigolfprops", "coord": [ 14.0, 23.0 ], "autotile_index": 1.0, "autotile": 1.0 }, "480_0": { "flipX": 1.0, "flipY": 1.0, "tileset": "spr_minigolfprops", "coord": [ 14.0, 23.0 ], "autotile_index": 1.0, "autotile": 1.0 }, "704_0": { "flipX": 1.0, "flipY": 1.0, "tileset": "spr_minigolfprops", "coord": [ 14.0, 23.0 ], "autotile_index": 1.0, "autotile": 1.0 }, "256_544": { "flipX": 1.0, "flipY": 1.0, "tileset": "spr_towerentrancehall", "coord": [ 0.0, 0.0 ], "autotile_index": 0.0, "autotile": 1.0 }, "0_-64": { "flipX": 1.0, "flipY": 1.0, "tileset": "spr_minigolfprops", "coord": [ 0.0, 0.0 ], "autotile_index": 1.0, "autotile": 1.0 }, "128_480": { "flipX": 1.0, "flipY": 1.0, "tileset": "spr_minigolfprops", "coord": [ 14.0, 23.0 ], "autotile_index": 1.0, "autotile": 1.0 }, "512_480": { "flipX": 1.0, "flipY": 1.0, "tileset": "spr_minigolfprops", "coord": [ 14.0, 23.0 ], "autotile_index": 1.0, "autotile": 1.0 }, "64_480": { "flipX": 1.0, "flipY": 1.0, "tileset": "spr_minigolfprops", "coord": [ 14.0, 23.0 ], "autotile_index": 1.0, "autotile": 1.0 }, "96_0": { "flipX": 1.0, "flipY": 1.0, "tileset": "spr_minigolfprops", "coord": [ 14.0, 23.0 ], "autotile_index": 1.0, "autotile": 1.0 }, "864_544": { "flipX": 1.0, "flipY": 1.0, "tileset": "spr_minigolfprops", "coord": [ 0.0, 0.0 ], "autotile_index": 1.0, "autotile": 1.0 }, "224_512": { "flipX": 1.0, "flipY": 1.0, "tileset": "spr_minigolfprops", "coord": [ 14.0, 23.0 ], "autotile_index": 1.0, "autotile": 1.0 }, "672_64": { "flipX": 1.0, "flipY": 1.0, "tileset": "spr_minigolfprops", "coord": [ 16.0, 22.0 ], "autotile_index": 1.0, "autotile": 1.0 }, "384_64": { "flipX": 1.0, "flipY": 1.0, "tileset": "spr_minigolfprops", "coord": [ 16.0, 22.0 ], "autotile_index": 1.0, "autotile": 1.0 }, "64_64": { "flipX": 1.0, "flipY": 1.0, "tileset": "spr_minigolfprops", "coord": [ 15.0, 23.0 ], "autotile_index": 1.0, "autotile": 1.0 }, "928_256": { "flipX": 1.0, "flipY": 1.0, "tileset": "spr_minigolfprops", "coord": [ 14.0, 23.0 ], "autotile_index": 1.0, "autotile": 1.0 }, "-32_192": { "flipX": 1.0, "flipY": 1.0, "tileset": "spr_minigolfprops", "coord": [ 0.0, 0.0 ], "autotile_index": 1.0, "autotile": 1.0 }, "32_96": { "flipX": 1.0, "flipY": 1.0, "tileset": "spr_minigolfprops", "coord": [ 14.0, 23.0 ], "autotile_index": 1.0, "autotile": 1.0 }, "288_448": { "flipX": 1.0, "flipY": 1.0, "tileset": "spr_minigolfprops", "coord": [ 17.0, 18.0 ], "autotile_index": 1.0, "autotile": 1.0 }, "320_512": { "flipX": 1.0, "flipY": 1.0, "tileset": "spr_minigolfprops", "coord": [ 14.0, 23.0 ], "autotile_index": 1.0, "autotile": 1.0 }, "928_160": { "flipX": 1.0, "flipY": 1.0, "tileset": "spr_minigolfprops", "coord": [ 14.0, 23.0 ], "autotile_index": 1.0, "autotile": 1.0 }, "32_416": { "flipX": 1.0, "flipY": 1.0, "tileset": "spr_minigolfprops", "coord": [ 14.0, 23.0 ], "autotile_index": 1.0, "autotile": 1.0 }, "544_448": { "flipX": 1.0, "flipY": 1.0, "tileset": "spr_minigolfprops", "coord": [ 18.0, 18.0 ], "autotile_index": 1.0, "autotile": 1.0 }, "768_544": { "flipX": 1.0, "flipY": 1.0, "tileset": "spr_minigolfprops", "coord": [ 0.0, 0.0 ], "autotile_index": 1.0, "autotile": 1.0 }, "992_480": { "flipX": 1.0, "flipY": 1.0, "tileset": "spr_minigolfprops", "coord": [ 0.0, 0.0 ], "autotile_index": 1.0, "autotile": 1.0 }, "672_32": { "flipX": 1.0, "flipY": 1.0, "tileset": "spr_minigolfprops", "coord": [ 14.0, 23.0 ], "autotile_index": 1.0, "autotile": 1.0 }, "64_96": { "flipX": 1.0, "flipY": 1.0, "tileset": "spr_minigolfprops", "coord": [ 19.0, 20.0 ], "autotile_index": 1.0, "autotile": 1.0 }, "320_32": { "flipX": 1.0, "flipY": 1.0, "tileset": "spr_minigolfprops", "coord": [ 14.0, 23.0 ], "autotile_index": 1.0, "autotile": 1.0 }, "0_288": { "flipX": 1.0, "flipY": 1.0, "tileset": "spr_minigolfprops", "coord": [ 14.0, 23.0 ], "autotile_index": 1.0, "autotile": 1.0 }, "352_64": { "flipX": 1.0, "flipY": 1.0, "tileset": "spr_minigolfprops", "coord": [ 16.0, 22.0 ], "autotile_index": 1.0, "autotile": 1.0 }, "896_288": { "flipX": 1.0, "flipY": 1.0, "tileset": "spr_minigolfprops", "coord": [ 17.0, 22.0 ], "autotile_index": 1.0, "autotile": 1.0 }, "800_32": { "flipX": 1.0, "flipY": 1.0, "tileset": "spr_minigolfprops", "coord": [ 14.0, 23.0 ], "autotile_index": 1.0, "autotile": 1.0 }, "448_32": { "flipX": 1.0, "flipY": 1.0, "tileset": "spr_minigolfprops", "coord": [ 14.0, 23.0 ], "autotile_index": 1.0, "autotile": 1.0 }, "32_0": { "flipX": 1.0, "flipY": 1.0, "tileset": "spr_minigolfprops", "coord": [ 14.0, 23.0 ], "autotile_index": 1.0, "autotile": 1.0 }, "64_448": { "flipX": 1.0, "flipY": 1.0, "tileset": "spr_minigolfprops", "coord": [ 15.0, 25.0 ], "autotile_index": 1.0, "autotile": 1.0 }, "896_0": { "flipX": 1.0, "flipY": 1.0, "tileset": "spr_minigolfprops", "coord": [ 14.0, 23.0 ], "autotile_index": 1.0, "autotile": 1.0 }, "576_448": { "flipX": 1.0, "flipY": 1.0, "tileset": "spr_minigolfprops", "coord": [ 17.0, 18.0 ], "autotile_index": 1.0, "autotile": 1.0 }, "-32_288": { "flipX": 1.0, "flipY": 1.0, "tileset": "spr_minigolfprops", "coord": [ 0.0, 0.0 ], "autotile_index": 1.0, "autotile": 1.0 }, "608_32": { "flipX": 1.0, "flipY": 1.0, "tileset": "spr_minigolfprops", "coord": [ 14.0, 23.0 ], "autotile_index": 1.0, "autotile": 1.0 }, "128_64": { "flipX": 1.0, "flipY": 1.0, "tileset": "spr_minigolfprops", "coord": [ 17.0, 22.0 ], "autotile_index": 1.0, "autotile": 1.0 }, "416_544": { "flipX": 1.0, "flipY": 1.0, "tileset": "spr_towerentrancehall", "coord": [ 0.0, 0.0 ], "autotile_index": 0.0, "autotile": 1.0 }, "256_64": { "flipX": 1.0, "flipY": 1.0, "tileset": "spr_minigolfprops", "coord": [ 18.0, 22.0 ], "autotile_index": 1.0, "autotile": 1.0 }, "576_480": { "flipX": 1.0, "flipY": 1.0, "tileset": "spr_minigolfprops", "coord": [ 14.0, 23.0 ], "autotile_index": 1.0, "autotile": 1.0 }, "768_480": { "flipX": 1.0, "flipY": 1.0, "tileset": "spr_minigolfprops", "coord": [ 14.0, 23.0 ], "autotile_index": 1.0, "autotile": 1.0 }, "512_0": { "flipX": 1.0, "flipY": 1.0, "tileset": "spr_minigolfprops", "coord": [ 14.0, 23.0 ], "autotile_index": 1.0, "autotile": 1.0 }, "576_0": { "flipX": 1.0, "flipY": 1.0, "tileset": "spr_minigolfprops", "coord": [ 14.0, 23.0 ], "autotile_index": 1.0, "autotile": 1.0 }, "864_224": { "flipX": 1.0, "flipY": 1.0, "tileset": "spr_minigolfprops", "coord": [ 15.0, 20.0 ], "autotile_index": 1.0, "autotile": 1.0 }, "32_512": { "flipX": 1.0, "flipY": 1.0, "tileset": "spr_minigolfprops", "coord": [ 14.0, 23.0 ], "autotile_index": 1.0, "autotile": 1.0 }, "416_480": { "flipX": 1.0, "flipY": 1.0, "tileset": "spr_minigolfprops", "coord": [ 14.0, 23.0 ], "autotile_index": 1.0, "autotile": 1.0 }, "512_448": { "flipX": 1.0, "flipY": 1.0, "tileset": "spr_minigolfprops", "coord": [ 16.0, 18.0 ], "autotile_index": 1.0, "autotile": 1.0 }, "384_32": { "flipX": 1.0, "flipY": 1.0, "tileset": "spr_minigolfprops", "coord": [ 14.0, 23.0 ], "autotile_index": 1.0, "autotile": 1.0 }, "928_448": { "flipX": 1.0, "flipY": 1.0, "tileset": "spr_minigolfprops", "coord": [ 16.0, 18.0 ], "autotile_index": 1.0, "autotile": 1.0 }, "928_0": { "flipX": 1.0, "flipY": 1.0, "tileset": "spr_minigolfprops", "coord": [ 14.0, 23.0 ], "autotile_index": 1.0, "autotile": 1.0 }, "896_160": { "flipX": 1.0, "flipY": 1.0, "tileset": "spr_minigolfprops", "coord": [ 11.0, 21.0 ], "autotile_index": 1.0, "autotile": 1.0 }, "-32_224": { "flipX": 1.0, "flipY": 1.0, "tileset": "spr_minigolfprops", "coord": [ 0.0, 0.0 ], "autotile_index": 1.0, "autotile": 1.0 }, "768_0": { "flipX": 1.0, "flipY": 1.0, "tileset": "spr_minigolfprops", "coord": [ 14.0, 23.0 ], "autotile_index": 1.0, "autotile": 1.0 }, "864_256": { "flipX": 1.0, "flipY": 1.0, "tileset": "spr_minigolfprops", "coord": [ 15.0, 21.0 ], "autotile_index": 1.0, "autotile": 1.0 }, "896_192": { "flipX": 1.0, "flipY": 1.0, "tileset": "spr_minigolfprops", "coord": [ 11.0, 21.0 ], "autotile_index": 1.0, "autotile": 1.0 }, "896_448": { "flipX": 1.0, "flipY": 1.0, "tileset": "spr_minigolfprops", "coord": [ 16.0, 18.0 ], "autotile_index": 1.0, "autotile": 1.0 }, "896_512": { "flipX": 1.0, "flipY": 1.0, "tileset": "spr_minigolfprops", "coord": [ 14.0, 23.0 ], "autotile_index": 1.0, "autotile": 1.0 }, "736_0": { "flipX": 1.0, "flipY": 1.0, "tileset": "spr_minigolfprops", "coord": [ 14.0, 23.0 ], "autotile_index": 1.0, "autotile": 1.0 }, "32_448": { "flipX": 1.0, "flipY": 1.0, "tileset": "spr_minigolfprops", "coord": [ 14.0, 23.0 ], "autotile_index": 1.0, "autotile": 1.0 }, "608_64": { "flipX": 1.0, "flipY": 1.0, "tileset": "spr_minigolfprops", "coord": [ 18.0, 22.0 ], "autotile_index": 1.0, "autotile": 1.0 }, "896_32": { "flipX": 1.0, "flipY": 1.0, "tileset": "spr_minigolfprops", "coord": [ 14.0, 23.0 ], "autotile_index": 1.0, "autotile": 1.0 }, "608_0": { "flipX": 1.0, "flipY": 1.0, "tileset": "spr_minigolfprops", "coord": [ 14.0, 23.0 ], "autotile_index": 1.0, "autotile": 1.0 }, "448_544": { "flipX": 1.0, "flipY": 1.0, "tileset": "spr_towerentrancehall", "coord": [ 0.0, 0.0 ], "autotile_index": 0.0, "autotile": 1.0 }, "480_512": { "flipX": 1.0, "flipY": 1.0, "tileset": "spr_minigolfprops", "coord": [ 14.0, 23.0 ], "autotile_index": 1.0, "autotile": 1.0 }, "288_64": { "flipX": 1.0, "flipY": 1.0, "tileset": "spr_minigolfprops", "coord": [ 18.0, 22.0 ], "autotile_index": 1.0, "autotile": 1.0 }, "608_448": { "flipX": 1.0, "flipY": 1.0, "tileset": "spr_minigolfprops", "coord": [ 16.0, 18.0 ], "autotile_index": 1.0, "autotile": 1.0 }, "0_224": { "flipX": 1.0, "flipY": 1.0, "tileset": "spr_minigolfprops", "coord": [ 14.0, 23.0 ], "autotile_index": 1.0, "autotile": 1.0 }, "544_0": { "flipX": 1.0, "flipY": 1.0, "tileset": "spr_minigolfprops", "coord": [ 14.0, 23.0 ], "autotile_index": 1.0, "autotile": 1.0 }, "544_64": { "flipX": 1.0, "flipY": 1.0, "tileset": "spr_minigolfprops", "coord": [ 16.0, 22.0 ], "autotile_index": 1.0, "autotile": 1.0 }, "960_32": { "flipX": 1.0, "flipY": 1.0, "tileset": "spr_minigolfprops", "coord": [ 0.0, 0.0 ], "autotile_index": 1.0, "autotile": 1.0 }, "864_480": { "flipX": 1.0, "flipY": 1.0, "tileset": "spr_minigolfprops", "coord": [ 14.0, 23.0 ], "autotile_index": 1.0, "autotile": 1.0 }, "512_512": { "flipX": 1.0, "flipY": 1.0, "tileset": "spr_minigolfprops", "coord": [ 14.0, 23.0 ], "autotile_index": 1.0, "autotile": 1.0 }, "64_416": { "flipX": 1.0, "flipY": 1.0, "tileset": "spr_minigolfprops", "coord": [ 19.0, 20.0 ], "autotile_index": 1.0, "autotile": 1.0 } } } }