{
	"folders": {
	  "Basics": [
		"obj_solid",
		"obj_slope",
		"obj_platform",
		"obj_ladder",
		"obj_monstersolid",
		"obj_monsterslope",
		"obj_iceblock",
		"obj_iceblockslope",
		"obj_ballslope",
		"obj_ballslopeOLD",
		"obj_grindrail",
		"obj_grindrailslope",
		"obj_mach3solid",
		"obj_fallingplatform",
		"obj_movingplatform",
		"obj_moving_vstop",
		"obj_moving_hstop",
		"obj_unclimbablewall"
	  ],
	  "Blocks": [
		"obj_minipillar",
		"obj_reverseminipillar",
		"obj_lap2block",
		"obj_reverselap2block",
		"obj_lap3block",
		"obj_reverselap3block",
		"obj_lap4block",
		"obj_reverselap4block",
		"obj_spike",
		"obj_spikeOLD",
		"obj_tutorialblock",
		"obj_destructibleplatform",
		"obj_rockblock",
		"obj_destructiblerockblock",
		"obj_spaceblockswitch",
		"obj_spaceblock",
		"obj_reversespaceblock",
		"obj_railh",
		"obj_railh2",
		"obj_haystack",
		"obj_meatgrinder",
		"obj_meatblock",
		"obj_tomatoblock",
		"obj_secretexitblock",
		"obj_geromeblock",
		"obj_reversegeromeblock"
	  ],
	  "Gimmicks": [
		"obj_pizzacutter1",
		"obj_pizzacutter2",
		"obj_donkey",
		"obj_gravesurfing",
		"obj_ghostfollow",
		"obj_hookup",
		"obj_timedgate",
		"obj_timedgateclock",
		"obj_ventilator",
		"obj_horseyblock",
		"obj_horsey",
		"obj_horseyleft",
		"obj_horseyright",
		"obj_horseydown",
		"obj_horseyup",
		"obj_racestart",
		"obj_raceend",
		"obj_water",
		"obj_current",
		"obj_frontcanongoblin_trigger",
		"obj_frontcanoncrosshair",
		"obj_mushroom",
		"obj_antigrav",
		"obj_teleporter",
		"obj_spaceshuttle",
		"obj_spaceshuttlestop",
		"obj_pinballlauncher",
		"obj_ramp",
		"obj_balloongrabbable",
		"obj_taxi",
		"obj_stopsign",
		"obj_grabbiehand",
		"obj_superspring",
		"obj_dashpad",
		"obj_conveyorspawner",
		"obj_conveyordespawner",
		"obj_trash",
		"obj_stringycheese",
		"obj_sidesuperspring",
		"obj_tubeenter",
		"obj_tubeleft",
		"obj_tuberight",
		"obj_tubedown",
		"obj_tubeup",
		"obj_tubeexitmach",
		"obj_tubeexitdownexit",
		"obj_tubeexitSjump",
		"obj_surfback",
		"obj_jetnoise",
		"obj_pizzapepper",
		"obj_instanttemp",
		"obj_trapghost",
		"obj_knighttrap",
		"obj_pinballtrap",
		"obj_crosspriest",
		"obj_tvtrap",
		"obj_anchortrap",
		"obj_robotmonster",
		"obj_blobmonster",
		"obj_puppetmonster",
		"obj_hillbillymonster",
		"obj_pineapplemonster",
		"obj_monstergate",
		"obj_stickycheese",
		"obj_pineapplemonsterzone",
		"obj_nuketerminal",
		"obj_gustavo_war",
		"obj_gustavo_warmissile",
		"obj_mine",
		"obj_halloweenjumpscare",
		"obj_pumpkin",
		"obj_pumpkindoor",
		"obj_randomsecret",
		"obj_arenaspawn",
		"obj_arenagate",
		"obj_arenadoor",
		"obj_button",
		"obj_textbutton",
		"obj_baddiebutton",
		"obj_baddiebutton_perma",
		"obj_baddiegate",
		"obj_boulder",
		"obj_hiddenobjecttrigger",
		"obj_hiddenobject",
		"obj_grabbiehandOLD",
		"obj_noisetrap_rock",
		"obj_noiserock",
		"obj_noisehotair",
		"obj_noisematch",
		"obj_screenwarp",
		"obj_cameraflip",
		"obj_lightsource",
		"obj_chateaulight",
		"obj_balloon",
		"obj_beartrap",
		"obj_toppinwarrior",
		"obj_toppinwarriorbutton",
		"obj_junk",
		"obj_spiderweb",
		"obj_fakesuperspring",
		"obj_bounceplank",
		"obj_wetfloor",
		"obj_crashplaneblock",
		"obj_enemyrain",
		"obj_hoop",
		"obj_policecar",
		"obj_tvtrigger"
	  ],
	  "Transfos": [
		"obj_ratblock",
		"obj_rattumble_big",
		"obj_ratblock1x1",
		"obj_rattumble",
		"obj_priest",
		"obj_priesthazard",
		"obj_swordstone",
		"obj_baddiespawner",
		"obj_pizzagoblinbomb",
		"obj_pizzagoblin",
		"obj_boilingsauce",
		"obj_kentukykenny",
		"obj_kentukykenny_projectile",
		"obj_ghosthazard",
		"obj_ghostdashpad",
		"obj_well",
		"obj_weeniemount",
		"obj_pistolpickup",
		"obj_barrel",
		"obj_peppinoswitch",
		"obj_gustavoswitch",
		"obj_characterswitch",
		"obj_rocket",
		"obj_pizzaball",
		"obj_pizzaballOLD",
		"obj_boxcrusher",
		"obj_cheeseballspawner",
		"obj_trashOLD",
		"obj_invtrash",
		"obj_cheesemaker",
		"obj_cheeserobot",
		"obj_noisejetpack",
		"obj_jumpscare",
		"obj_shotgun",
		"obj_skateboard",
		"obj_motodude",
		"obj_iceblockOLD",
		"obj_iceblock_temp",
		"obj_skateboardOLD",
		"obj_noisebombspawner",
		"obj_rollblock",
		"obj_hotmetalblock",
		"obj_bombblock",
		"obj_tntblock",
		"obj_ghostblock",
		"obj_ghostwall",
		"obj_haystackrope",
		"obj_tombstone",
		"obj_bigtombstone",
		"obj_morthook",
		"obj_mortblock",
		"obj_mortgrain",
		"obj_barrelblock",
		"obj_gustavodestroyable",
		"obj_golfhoop",
		"obj_ballgoal",
		"obj_destroyablegolf",
		"obj_magnet",
		"obj_pizzaballblock",
		"obj_asteroid",
		"obj_cheeseballblock",
		"obj_iceblock_breakable",
		"obj_freemilk",
		"obj_shotgunblock",
		"obj_metaldetector",
		"obj_hook",
		"obj_hookend",
		"obj_swimmablewater",
		"obj_pizzashield_collectible"
	  ],
	  "Enemies": [
		"obj_pizzaboy",
		"obj_cheeseslime",
		"obj_forknight",
		"obj_swedishmonkey",
		"obj_slipnslide",
		"obj_evilbanana",
		"obj_minijohn",
		"obj_pepgoblin",
		"obj_fencer",
		"obj_pizzagoblin",
		"obj_pizzagoblinbomb",
		"obj_ancho",
		"obj_indiancheese",
		"obj_arcprojectile",
		"obj_kentukykenny",
		"obj_kentukykenny_projectile",
		"obj_clerk",
		"obj_totemcloud",
		"obj_totem",
		"obj_banditochicken",
		"obj_banditochicken_dynamite",
		"obj_ghoul",
		"obj_farmerbaddie",
		"obj_farmerbaddie2",
		"obj_farmerbaddie2_projectile",
		"obj_farmerbaddie3",
		"obj_farmerbaddie3_projectile",
		"obj_peasanto",
		"obj_electricpotato",
		"obj_rancher",
		"obj_rancher_bullet",
		"obj_badrat",
		"obj_coolpineapple",
		"obj_spitcheese",
		"obj_spitcheesespike",
		"obj_canongoblin",
		"obj_canongoblinbomb",
		"obj_treasureguy",
		"obj_autocanon",
		"obj_noisegoblin",
		"obj_noisegoblin_arrow",
		"obj_pickle",
		"obj_pizzard",
		"obj_pizzard_bolt",
		"obj_miniufo",
		"obj_warplaser",
		"obj_miniufo_grounded",
		"obj_ufobullet",
		"obj_golfdemon",
		"obj_golfburger",
		"obj_bigcheese",
		"obj_smokingpizzaslice",
		"obj_smokingprojectile",
		"obj_slugbullet",
		"obj_hamkuff",
		"obj_thug_red",
		"obj_robotknife",
		"obj_robot",
		"obj_sausageman",
		"obj_whoop",
		"obj_whoophand",
		"obj_ninja",
		"obj_snowman",
		"obj_pizzice",
		"obj_pizzice_projectile",
		"obj_fakesanta",
		"obj_fakesantapresent",
		"obj_ghostknight",
		"obj_pepbat",
		"obj_clownmato",
		"obj_robotmonster",
		"obj_blobmonster",
		"obj_puppetmonster",
		"obj_hillbillymonster",
		"obj_pineapplemonster",
		"obj_patroller",
		"obj_camerapatrol",
		"obj_pineappleprojectilespawn",
		"obj_soldier",
		"obj_enemybullet",
		"obj_bazookabaddie",
		"obj_bazooka",
		"obj_tank",
		"obj_kentukybomber",
		"obj_kentukybomb",
		"obj_peppinoclone",
		"obj_gustavograbbable",
		"obj_grandpa",
		"obj_baddiespawner",
		"obj_baddiecameraspawner",
		"obj_agressivebaddiespawner",
		"obj_supriseenemy",
		"obj_supriseenemyarea",
		"obj_peppermanartdude",
		"obj_johnecheese",
		"obj_noisey",
		"obj_pizzahead_haywire",
		"obj_pizzahead_cog",
		"obj_pizzaface",
		"obj_pizzafaceOLD",
		"obj_snickexe",
		"obj_arenalimit",
		"obj_hardmode_ghost",
		"obj_weeniesquire",
		"obj_weenie",
		"obj_cheeserobot",
		"obj_cheeseblob",
		"obj_trashOLD",
		"obj_sausageeyes",
		"obj_piraneapple",
		"obj_ham",
		"obj_clownmatoOLD",
		"obj_cowstampede",
		"obj_weeniesquireOLD",
		"obj_mrstickcardboard",
		"obj_turret",
		"obj_thug_blue",
		"obj_thug_green",
		"obj_car",
		"obj_tankOLD",
		"obj_sausagemanOLD",
		"obj_kentukylenny",
		"obj_johnghost",
		"obj_fakepeppinospawner",
		"obj_fakepeppino",
		"obj_fakepeplimb",
		"obj_fakepeplimb2",
		"obj_motodude",
		"obj_bigcheeseOLD",
		"obj_pizzafaceOLD",
		"obj_banditobomb"
	  ],
	  "Breakables": [
		"obj_destroyable",
		"obj_desertdestroyable",
		"obj_destroyable_escape",
		"obj_secretblock",
		"obj_destroyable2",
		"obj_destroyable2_escape",
		"obj_destroyable2_big",
		"obj_destroyable2_big_escape",
		"obj_destroyable3",
		"obj_destroyable3_escape",
		"obj_secretbigblock",
		"obj_secretdestroyable",
		"obj_metalblock",
		"obj_metalblock_escape",
		"obj_secretmetalblock",
		"obj_marbleblock",
		"obj_onewaybigblock",
		"obj_smallspaceblock",
		"obj_bigspaceblock",
		"obj_tutorialtarget",
		"obj_tutorialtargetblock",
		"obj_deadjohn1",
		"obj_deadjohn2",
		"obj_deadjohn3",
		"obj_destructiblerockblock",
		"obj_smallforestblock",
		"obj_bigforestblock",
		"obj_enemyblock",
		"obj_cutoff",
		"obj_cutoffsmall",
		"obj_breakabledoor",
		"obj_generaldestroyable",
		"obj_glassblock",
		"obj_johndestructible",
		"obj_tutorialtrap",
		"obj_fightballblock"
	  ],
	  "Collects": [
		"obj_collect",
		"obj_escapecollect",
		"obj_collectarena",
		"obj_collectgolf",
		"obj_pizzaslice",
		"obj_breakabletv",
		"obj_bigcollect",
		"obj_escapecollectbig",
		"obj_bigcollectarena",
		"obj_bigcollectgolf",
		"obj_giantcollect",
		"obj_pizzaboxunopen",
		"obj_pizzakinshroom",
		"obj_pizzakincheese",
		"obj_pizzakintomato",
		"obj_pizzakinsausage",
		"obj_pizzakinpineapple",
		"obj_noisebomb",
		"obj_treasure",
		"obj_treasureshadow",
		"obj_pizzasona_spawn",
		"obj_ratfairy",
		"obj_beer",
		"obj_bigbeer",
		"obj_flush",
		"obj_deliverypizzabox",
		"obj_gnomehouse1",
		"obj_gnomehouse2",
		"obj_gnomehouse3",
		"obj_gnomehouse4",
		"obj_gnomehouse5",
		"obj_key",
		"obj_giantkey",
		"obj_pizzacoin",
		"obj_graffiti",
		"obj_graffiticount"
	  ],
	  "Progress": [
		"obj_exitgate",
		"obj_pizzaboxunopen",
		"obj_pizzakinshroom",
		"obj_pizzakincheese",
		"obj_pizzakintomato",
		"obj_pizzakinsausage",
		"obj_pizzakinpineapple",
		"obj_noisebomb",
		"obj_secretportal",
		"obj_secretportalstart",
		"obj_secretroomtrigger",
		"obj_checkpoint",
		"obj_gerome",
		"obj_geromedoor",
		"obj_treasure",
		"obj_PTG",
		"obj_hungrypillar",
		"obj_noise_normalT1",
		"obj_noisesatellite",
		"obj_phonebooth",
		"obj_exitgustavo",
		"obj_gustavo_kidsparty",
		"obj_lapportal",
		"obj_lapportalentrance",
		"obj_goldendoor"
	  ],
	  "Warp": [
		"obj_hallway",
		"obj_verticalhallway",
		"obj_boxofpizza",
		"obj_door",
		"obj_geromedoor",
		"obj_keydoor",
		"obj_coindoor",
		"obj_doorA",
		"obj_doorB",
		"obj_doorC",
		"obj_doorD",
		"obj_doorE",
		"obj_doorF",
		"obj_doorG",
		"obj_warp_number",
		"obj_secretportal",
		"obj_secretportalstart",
		"obj_lapportal",
		"obj_lapportalentrance",
		"obj_doorblocked",
		"obj_teleporter_receptor"
	  ],
	  "Coding": [
		"obj_compare",
		"obj_variable",
		"obj_getvar",
		"obj_setvar",
		"obj_collisioncheck",
		"obj_delay",
		"obj_createobject",
		"obj_destroyobject",
		"obj_sound",
		"obj_getsavefile",
		"obj_writesavefile"
	  ],
	  "Hub": [
		"obj_startgate",
		"obj_startgate_treasure",
		"obj_bossdoor",
		"obj_tutorialbook",
		"obj_dialognpc",
		"obj_palettedresser",
		"obj_grannypizzasign",
		"obj_pigtotal",
		"obj_stick_forsale",
		"obj_stick_target",
		"obj_doornexthub",
		"obj_achievementviewer",
		"obj_soundtest_prev",
		"obj_soundtest_pause",
		"obj_soundtest_next",
		"obj_king",
		"obj_soundtest",
		"obj_soundtest_gus",
		"obj_gusbrickfightball",
		"obj_gusbrickchase",
		"obj_gusbrickhurt",
		"obj_gusbrickhub",
		"obj_gusbrickpoker",
		"obj_cheesedragontower",
		"obj_meatballtower",
		"obj_pizzafaceshower",
		"obj_pizzaface_showerprop",
		"obj_world5john",
		"obj_pizzaheadgetout",
		"obj_peppermanvengeful",
		"obj_vigilanteunsure",
		"obj_noisevengeful",
		"obj_noisewashingmachinetower",
		"obj_noisettecafe",
		"obj_snicktower",
		"obj_halloweennpc",
		"obj_beatbox_house",
		"obj_finalhallwayface",
		"obj_mrmooney",
		"obj_computer"
	  ],
	  "Boss": [
		"obj_bosskeyspawn",
		"obj_hppickup",
		"obj_bosscontroller",
		"obj_bosscontrollerOLD",
		"obj_pepperman",
		"obj_pepper_marblespot",
		"obj_poweringupeffect",
		"obj_pepperman_pepportrait",
		"obj_peppermanGIANTbowlingball",
		"obj_peppermanbowlingball",
		"obj_vigilanteboss",
		"obj_vigilantespot",
		"obj_platformvigi",
		"obj_cowspawner",
		"obj_targetguy",
		"obj_uziprojectile",
		"obj_vigilantecow",
		"obj_vigilantecrate",
		"obj_noiseboss",
		"obj_micnoise",
		"obj_noiseyspawner2",
		"obj_noisebossbomb",
		"obj_skateboardnoise",
		"obj_fakepepboss",
		"obj_fakepepsolid",
		"obj_fakepephallwaystart",
		"obj_fakepepgianthead",
		"obj_fakepepprojectile",
		"obj_pizzafaceboss",
		"obj_pizzafaceboss_p2",
		"obj_pizzafaceboss_p3",
		"obj_pizzaheadbullet",
		"obj_medievalprojectile",
		"obj_noisebossOLD",
		"obj_vigilantebossOLD",
		"obj_peppermanOLD",
		"obj_mrstickboss",
		"obj_mrstickcardboard",
		"obj_pizzafacebossOLD",
		"obj_iceblockminiboss",
		"obj_santanoise",
		"obj_presentbox",
		"obj_peppermanOLDOLD",
		"obj_cheesedragon",
		"obj_cheesedragonshadow",
		"obj_bowlingball",
		"obj_cheesedragonflames",
		"obj_bee"
	  ],
	  "Other": [
		"obj_sandparticle",
		"obj_snowparticle",
		"obj_beachsandparticle",
		"obj_planetparticle",
		"obj_poodebris",
		"obj_sprite",
		"obj_roomname",
		"obj_weaponmachine",
		"obj_cowboyhat",
		"obj_transfotip",
		"obj_softlockcrash",
		"obj_kidspartybg",
		"obj_siren",
		"obj_tinyslimedude",
		"obj_ratprop",
		"obj_beedeco",
		"obj_ufoexterior",
		"obj_snotty",
		"obj_pigcitizen",
		"obj_grandma",
		"obj_burd",
		"obj_tiledestroy",
		"obj_pigdark",
		"obj_mainmenu_jumpscare",
		"obj_noisefollower",
		"obj_stickfollower",
		"obj_gustavofollower",
		"obj_vigilantefollower",
		"obj_mortfollowerexit",
		"obj_fakepepfollower",
		"obj_peppermanfollower",
		"obj_snottyexit",
		"obj_geromeexit",
		"obj_pepanimatronicfollow",
		"obj_alienfollow",
		"obj_followcharacter",
		"obj_bossdark",
		"obj_cowstampede",
		"obj_chickenpickup",
		"obj_text",
		"obj_cheftask",
		"obj_smallletters",
		"obj_destroyable_respawner",
		"obj_lightsource_expand",
		"obj_textbutton",
		"obj_superattackeffect",
		"obj_pizzaface_thunderdark",
		"obj_panicdebris",
		"obj_manual",
		"obj_timesup",
		"obj_doisedead",
		"obj_pizzacoinindicator",
		"obj_paniccontroller",
		"obj_darkcontroller",
		"obj_playersprcontroller"
	  ]
	},
	"order": [
	  "Basics",
	  "Blocks",
	  "Gimmicks",
	  "Transfos",
	  "Enemies",
	  "Breakables",
	  "Collects",
	  "Progress",
	  "Warp",
	  "Coding",
	  "Hub",
	  "Boss",
	  "Other"
	],
	"respawnOnLap2": [
	  "obj_escapecollect",
	  "obj_escapecollectbig"
	],
	"overrideDestructionMemory": [
	  "obj_lapportalentrance"
	],
	"snapToGround": [
	  "obj_baddie",
	  "obj_gerome",
	  "obj_exitgustavo",
	  "obj_swordstone",
	  "obj_weeniemount",
	  "obj_barrel",
	  "obj_freemilk",
	  "obj_priest",
	  "obj_crosspriest",
	  "obj_peppinoswitch",
	  "obj_gustavoswitch",
	  "obj_startgate",
	  "obj_hungrypillar",
	  "obj_monster",
	  "obj_tutorialbook",
	  "obj_beer",
	  "obj_bigbeer",
	  "obj_tvtrap",
	  "obj_autocanon",
	  "obj_pinballtrap",
	  "obj_taxi",
	  "obj_stopsign",
	  "obj_spaceshuttlestop",
	  "obj_pepperman_pepportrait",
	  "obj_tinyslimedude",
	  "obj_ratprop",
	  "obj_skateboard",
	  "obj_toppinwarriorbutton",
	  "obj_snotty",
	  "obj_exitfollowercollect",
	  "obj_gusbrickchase",
	  "obj_gustbrickfightball",
	  "obj_gusbrickhurt",
	  "obj_gusbrickpocker",
	  "obj_gusbrickhub",
	  "obj_soundtest_gus",
	  "obj_generaldestroyable",
	  "obj_vigilanteunsure",
	  "obj_peppermanvengeful",
	  "obj_noisevengeful",
	  "obj_pigcitizen",
	  "obj_invtrash",
	  "obj_targetguy",
	  "obj_grandma",
	  "obj_pepanimatronicfollow",
	  "obj_alienfollow",
	  "obj_fakepepclone",
	  "obj_car",
	  "obj_stick_target",
	  "obj_stick_forsale",
	  "obj_mrmooney",
	  "obj_snicktower",
	  "obj_wetfloor",
	  "obj_clownmatoOLD",
	  "obj_cowstampede",
	  "obj_farmerpesanto",
	  "obj_farmer2",
	  "obj_farmer3",
	  "obj_weeniesquireOLD",
	  "obj_mrstickcardboard",
	  "obj_fakepeppino",
	  "obj_motodude",
	  "obj_breakabletv",
	  "obj_pizzaballOLD",
	  "obj_trash",
	  "obj_skateboardOLD",
	  "obj_skateboardnoise",
	  "obj_noisebombspawner",
	  "obj_washingmachinemount",
	  "obj_tombstone",
	  "obj_bigtombstone",
	  "obj_destroyable_respawner",
	  "obj_gravesurfing",
	  "obj_policecar",
	  "obj_motocycle",
	  "obj_motocycleOLD",
	  "obj_noisetrap_rock",
	  "obj_noiserock",
	  "obj_lavapot",
	  "obj_solidpillar",
	  "obj_turret",
	  "obj_dialognpc",
	  "obj_noisebossOLD",
	  "obj_vigilantebossOLD",
	  "obj_peppermanOLD",
	  "obj_mrstickboss",
	  "obj_santanoise",
	  "obj_presentbox",
	  "obj_peppermanOLDOLD",
	  "obj_spaceshuttle",
	  "obj_minecart",
	  "obj_testobject",
	  "obj_snicktower",
	  "obj_junk",
	  "obj_costumerdoor",
	  "obj_costumer",
	  "obj_costumerpizza",
	  "obj_bowlingball",
	  "obj_woodbarrel",
	  "obj_pizzaheadbomb",
	  "obj_knighttrap",
	  "obj_giantkey",
	  "obj_spikeOLD"
	],
	"objectVariables": {
	  "all": [
		[
		  "visible",
		  [
			"true",
			"false"
		  ],
		  {
			"noCustom": true
		  }
		],
		[
		  "useLayerDepth",
		  [
			"true",
			"false"
		  ],
		  {
			"display": "layer depth",
			"noCustom": true
		  }
		],
		[
			"image_angle",
			[
				"0",
				"90",
				"-90",
				"180",
				"-180"
			]

		],
		"sprite_index",
		"object_id"
	  ],
	  "|obj_graffiti|": [
		"maxcount"
	  ],
	  "|obj_randomsecret|": [
		"minutes",
		"seconds"
	  ],
	  "|obj_grindrail|obj_grindrailslope|": [
		[
		  "ignoregloves",
		  [
			"true",
			"false"
		  ],
		  {
			"display": "Ignore Noise Gloves"
		  }
		]
	  ],
	  "|obj_trigger|": [
		"trigger_id",
		"target_trigger_id",
		[
		  "on_start",
		  [
			"true",
			"false"
		  ],
		  {
			"display": "Trigger on Start",
			"noCustom": true
		  }
		],
		[
		  "on_touch",
		  [
			"true",
			"false"
		  ],
		  {
			"display": "Trigger when Touched",
			"noCustom": false
		  }
		],
		[
		  "on_trigger",
		  [
			"true",
			"false"
		  ],
		  {
			"display": "Trigger from Code",
			"noCustom": false
		  }
		],
		[
		  "on_repeat",
		  [
			"true",
			"false"
		  ],
		  {
			"display": "Loop on Start",
			"noCustom": false
		  }
		],
		[
		  "on_repeat_after",
		  [
			"true",
			"false"
		  ],
		  {
			"display": "Loop Later on Start",
			"noCustom": false
		  }
		],
		[
		  "multi",
		  [
			"true",
			"false"
		  ],
		  {
			"display": "Trigger multiple times",
			"noCustom": false
		  }
		]
	  ],
	  "|obj_compare|": [
		"else_target_trigger_id",
		"a",
		"b",
		"op"
	  ],
	  "|obj_variable|": [
		"name",
		"value"
	  ],
	  "|obj_getvar|": [
		"target_obj",
		"target_var",
		"target_global_var"
	  ],
	  "|obj_setvar|": [
		"target_obj",
		"target_var",
		"target_value"
	  ],
	  "|obj_delay|": [
		"delay"
	  ],
	  "|obj_collisioncheck|": [
		"target_obj",
		"enter_target_trigger_id",
		"exit_target_trigger_id",
		"target_object_id"
	  ],
	  "|obj_createobject|": [
		[
		  "particle",
		  [
			"true",
			"false"
		  ],
		  {
			"display": "Create Particles",
			"noCustom": false
		  }
		],
		"particle_spr",
		"particle_amount",
		"p_hsp_min",
		"p_hsp_max",
		"p_vsp_min",
		"p_vsp_max",
		"p_grav",
		"p_img_sp",
		[
		  "p_rng_spr",
		  [
			"true",
			"false"
		  ],
		  {
			"display": "Use Random Indexes",
			"noCustom": false
		  }
		]
	  ],
	  "|obj_destroyobject|": [
		[
		  "execute_event",
		  [
			"true",
			"false"
		  ],
		  {
			"display": "Use Destroy Event",
			"noCustom": true
		  }
		],
		"target_obj",
		"target_object_id",
		[
		  "on_collide",
		  [
			"true",
			"false"
		  ],
		  {
			"display": "Destroy on Collide",
			"noCustom": true
		  }
		],
		[
		  "particle",
		  [
			"true",
			"false"
		  ],
		  {
			"display": "Create Particles",
			"noCustom": false
		  }
		],
		"particle_spr",
		"particle_amount",
		"p_hsp_min",
		"p_hsp_max",
		"p_vsp_min",
		"p_vsp_max",
		"p_grav",
		"p_img_sp",
		[
		  "p_rng_spr",
		  [
			"true",
			"false"
		  ],
		  {
			"display": "Use Random Indexes",
			"noCustom": false
		  }
		]
	  ],
	  "|obj_sound|": [
		"audio_name",
		[
		  "loop",
		  [
			"true",
			"false"
		  ],
		  {
			"display": "Audio Loops",
			"noCustom": false
		  }
		],
		[
		  "volume",
		  [
			"0.1",
			"0.25",
			"0.5",
			"0.75",
			"1"
		  ],
		  {
			"display": "Volume"
		  }
		]
	  ],
	  "|obj_getsavefile|": [
		"target_ini_category",
		"target_ini_var",
		"target_global_var"
	  ],
	  "|obj_writesavefile|": [
		"target_ini_category",
		"target_ini_var",
		"value"
	  ],
	  "|obj_dialognpc|": [
		"dialog0",
		"dialog1",
		"dialog2",
		"dialogsprite"
	  ],
	  "|obj_slipnslide|": [
		[
		  "old",
		  [
			"true",
			"false"
		  ],
		  {
			"display": "Old Banana",
			"noCustom": false
		  }
		]
	  ],
	  "|obj_pizzagoblinbomb|": [
		[
		  "old",
		  [
			"true",
			"false"
		  ],
		  {
			"display": "Old Bomb Transfo",
			"noCustom": false
		  }
		],
		[
		  "canJump",
		  [
			"true",
			"false"
		  ],
		  {
			"display": "Old Bomb Jump",
			"noCustom": true
		  }
		],
		[
		  "canMove",
		  [
			"true",
			"false"
		  ],
		  {
			"display": "Old Bomb Turn",
			"noCustom": true
		  }
		],
		[
		  "canThrow",
		  [
			"true",
			"false"
		  ],
		  {
			"display": "Old Bomb Throw",
			"noCustom": false
		  }
		]
	  ],
	  "|obj_kentukykenny_projectile|": [
		[
		  "old",
		  [
			"true",
			"false"
		  ],
		  {
			"display": "Old Firemouth Transfo",
			"noCustom": false
		  }
		],
		[
		  "canDash",
		  [
			"true",
			"false"
		  ],
		  {
			"display": "Firemouth Dash",
			"noCustom": true
		  }
		],
		[
		  "canMove",
		  [
			"true",
			"false"
		  ],
		  {
			"display": "Old Firemouth Free-move",
			"noCustom": false
		  }
		],
		[
		  "canShoot",
		  [
			"true",
			"false"
		  ],
		  {
			"display": "Old Firemouth Shoot",
			"noCustom": false
		  }
		],
		"debrisspr"
	  ],
	  "|obj_onewaybigblock|obj_smallspaceblock|obj_bigspaceblock|": [
		[
		  "respawn",
		  [
			"true",
			"false"
		  ],
		  {
			"display": "Respawnable",
			"noCustom": false
		  }
		]
	  ],
	  "|obj_metalblock|obj_metalblock_escape|obj_secretmetalblock|": [
		[
		  "superjumpable",
		  [
			"true",
			"false"
		  ],
		  {
			"display": "Superjumpable"
		  }
		]
	  ],
	  "|obj_destroyable2|obj_destroyable2_big|obj_destroyable2_escape|obj_destroyable2_big_escape|": [
		[
		  "spawncollect",
		  [
			"true",
			"false"
		  ],
		  {
			"display": "Spawn Goop",
			"noCustom": false
		  }
		]
	  ],
	  "|obj_secretblock|obj_secretbigblock|obj_secretmetalblock|obj_destroyable|obj_destroyable2|obj_rockblock|obj_destructiblerockblock|": [
		[
		  "particlespr",
		  [
			"spr_debris",
			"spr_towerblockdebris",
			"spr_pizzadebris",
			"spr_halloweendebris",
			"spr_bigpizzadebris",
			"spr_halloweenbigdebris",
			"spr_bigdebris",
			"spr_metalblockdebris",
			"spr_eyedebris"
		  ],
		  {
			"display": "Particles"
		  }
		]
	  ],
	  "|obj_destroyable3|obj_metalblock|obj_destroyable2_big|obj_destroyable_escape|": [
		[
		  "particlespr",
		  [
			"spr_debris",
			"spr_towerblockdebris",
			"spr_pizzadebris",
			"spr_halloweendebris",
			"spr_bigpizzadebris",
			"spr_halloweenbigdebris",
			"spr_bigdebris",
			"spr_metalblockdebris",
			"spr_eyedebris"
		  ],
		  {
			"display": "Particles"
		  }
		]
	  ],
	  "|obj_destroyable2_escape|obj_destroyable2_big_escape|obj_destroyable3_escape|": [
		[
		  "particlespr",
		  [
			"spr_debris",
			"spr_towerblockdebris",
			"spr_pizzadebris",
			"spr_halloweendebris",
			"spr_bigpizzadebris",
			"spr_halloweenbigdebris",
			"spr_bigdebris",
			"spr_metalblockdebris",
			"spr_eyedebris"
		  ],
		  {
			"display": "Particles"
		  }
		]
	  ],
	  "|obj_metalblock_escape|": [
		[
		  "particlespr",
		  [
			"spr_debris",
			"spr_towerblockdebris",
			"spr_pizzadebris",
			"spr_halloweendebris",
			"spr_bigpizzadebris",
			"spr_halloweenbigdebris",
			"spr_bigdebris",
			"spr_metalblockdebris",
			"spr_eyedebris"
		  ],
		  {
			"display": "Particles"
		  }
		]
	  ],
	  "|obj_dashpad|obj_swordstone|obj_baddiespawner|obj_agressivebaddiespawner|obj_baddiecameraspawner|": [
		[
		  "lap",
		  [
			"Off",
			"1",
			"2",
			"3",
			"4"
		  ],
		  {
			"display": "Despawn on Lap"
		  }
		]
	  ],
	  "|obj_ghosthazard|obj_well|obj_weeniemount|obj_barrel|obj_rocket|obj_boxcrusher|obj_pizzapepper|": [
		[
		  "lap",
		  [
			"Off",
			"1",
			"2",
			"3",
			"4"
		  ],
		  {
			"display": "Despawn on Lap"
		  }
		]
	  ],
	  "|obj_cheeseballspawner|obj_invtrash|obj_cheesemaker|obj_skateboard|obj_hook|": [
		[
		  "lap",
		  [
			"Off",
			"1",
			"2",
			"3",
			"4"
		  ],
		  {
			"display": "Despawn on Lap"
		  }
		]
	  ],
	  "|obj_washingmachinemount|obj_noisebombspawner|obj_trash|obj_antigrav|obj_skateboardOLD|": [
		[
		  "lap",
		  [
			"Off",
			"1",
			"2",
			"3",
			"4"
		  ],
		  {
			"display": "Despawn on Lap"
		  }
		]
	  ],
	  "|obj_noisebombspawner|": [
		[
		  "transformation",
		  [
			"meteor",
			"bomb",
			"old bomb"
		  ],
		  {
			"display": "Transformation"
		  }
		]
	  ],
	  "|obj_boxcrusher|": [
		[
		  "old",
		  [
			"true",
			"false"
		  ],
		  {
			"display": "Old"
		  }
		]
	  ],
	  "|obj_pizzapepper|": [
		[
		  "panicstart",
		  [
			"true",
			"false"
		  ],
		  {
			"display": "Spawn during Panic"
		  }
		],
		[
		  "panicdestroy",
		  [
			"true",
			"false"
		  ],
		  {
			"display": "Despawn during Panic"
		  }
		]
	  ],
	  "|obj_swordstone|": [
		[
		  "loseknight",
		  [
			"true",
			"false"
		  ],
		  {
			"display": "Lose Knight"
		  }
		],
		[
		  "knightslide",
		  [
			"true",
			"false"
		  ],
		  {
			"display": "Slide"
		  }
		],
		[
		  "knightdjump",
		  [
			"true",
			"false"
		  ],
		  {
			"display": "Double Jump"
		  }
		],
		[
		  "knightsjump",
		  [
			"true",
			"false"
		  ],
		  {
			"display": "Slide Jump"
		  }
		],
		[
		  "knightdthrust",
		  [
			"true",
			"false"
		  ],
		  {
			"display": "Down Thrust"
		  }
		],
		[
		  "knightjab",
		  [
			"true",
			"false"
		  ],
		  {
			"display": "Jab"
		  }
		]
	  ],
	  "|obj_boilingsauce|": [
		[
		  "old",
		  [
			"true",
			"false"
		  ],
		  {
			"display": "Old Height"
		  }
		]
	  ],
	  "|obj_noisejetpack|": [
		[
		  "old",
		  [
			"true",
			"false"
		  ],
		  {
			"display": "Old Pepper Pizza"
		  }
		]
	  ],
	  "|obj_iceblockOLD|obj_iceblock_temp|": [
		[
		  "bump",
		  [
			"true",
			"false"
		  ],
		  {
			"display": "Bump Wall"
		  }
		]
	  ],
	  "|obj_barrel|": [
		[
		  "old",
		  [
			"true",
			"false"
		  ],
		  {
			"display": "Old Barrel"
		  }
		]
	  ],
	  "|obj_supriseenemy|": [
		"content",
		[
		  "trigger",
		  {
			"display": "group id"
		  }
		]
	  ],
	  "|obj_supriseenemyarea|": [
		[
		  "trigger",
		  {
			"display": "group id"
		  }
		]
	  ],
	  "|obj_iceblock_breakable|": [
		[
		  "bird",
		  [
			"true",
			"false"
		  ],
		  {
			"noCustom": true
		  }
		]
	  ],
	  "|obj_golflauncher|": [
		[
		  "use_collision",
		  [
			"true",
			"false"
		  ],
		  {
			"noCustom": true
		  }
		],
		"grav"
	  ],
	  "|obj_micnoise|": [
		[
		  "target",
		  [
			"obj_noiseboss"
		  ]
		],
		[
		  "sprite_index",
		  [
			"spr_micnoise",
			"spr_micnoise2"
		  ]
		],
		"spd"
	  ],
	  "|obj_pepper_marblespot|": [
		[
		  "number",
		  [
			"8",
			"9"
		  ],
		  {
			"noCustom": true
		  }
		]
	  ],
	  "|obj_finalhallwayface|": [
		[
		  "turn",
		  [
			"true",
			"false"
		  ],
		  {
			"noCustom": true
		  }
		]
	  ],
	  "|obj_achievementviewer|": [
		"sprite_index",
		"achievement",
		"index"
	  ],
	  "|obj_stick_forsale|": [
		[
		  "levelName",
		  "levelNameList"
		],
		[
		  "levelNameN",
		  "levelNameList"
		],
		[
		  "gate_sprite",
		  [
			"spr_gate_pepperman",
			"spr_gate_vigilante",
			"spr_gate_noise",
			"spr_gate_fakepep"
		  ]
		],
		[
		  "bgsprite",
		  [
			"spr_gate_peppermanBG",
			"spr_gate_vigilanteBG",
			"spr_gate_noiseBG",
			"spr_gate_fakepepBG"
		  ]
		],
		[
		  "targetRoom",
		  "roomNameList",
		  {
			"display": "transition room"
		  }
		],
		"maxscore",
		"save"
	  ],
	  "|obj_doornexthub|": [
		[
		  "targetRoom",
		  "roomNameList",
		  {
			"display": "transition room"
		  }
		],
		[
		  "targetRoom2",
		  "roomNameList",
		  {
			"display": "targetRoom"
		  }
		],
		[
		  "targetDoor",
		  [
			"A",
			"B",
			"C",
			"D",
			"E",
			"F",
			"G"
		  ]
		],
		"key",
		"unlocked"
	  ],
	  "|obj_collect|": [
		[
		  "sprite_index",
		  [
			"spr_baconcollect",
			"spr_bananacollect",
			"spr_snickcollectible1",
			"spr_halloweencollectibles1",
			"spr_halloweencollectibles2",
			"spr_halloweencollectibles3",
			"spr_halloweencollectibles4",
			"spr_halloweencollectibles5",
			"spr_eggcollect",
			"spr_shrimpcollect",
			"spr_fishcollect"
		  ],
		  {
			"display": "skin",
			"noCustom": false
		  }
		]
	  ],
	  "|obj_bigcollect|obj_escapecollectbig|obj_pizzasona_spawn|": [
		"value"
	  ],
	  "|obj_giantcollect|": [
		[
		  "secret",
		  [
			"true",
			"false"
		  ],
		  {
			"display": "last room",
			"noCustom": true
		  }
		],
		[
		  "sprite_index",
		  [
			"spr_snickcollectible3"
		  ],
		  {
			"display": "skin",
			"noCustom": false
		  }
		]
	  ],
	  "|obj_gnomehouse1|obj_gnomehouse2|obj_gnomehouse3|obj_gnomehouse4|obj_gnomehouse5|": [
		"content"
	  ],
	  "|obj_gusbrickchase|": [
		[
		  "sprite_index",
		  [
			"spr_gustavochase"
		  ],
		  {
			"display": "gustavo",
			"noCustom": true
		  }
		]
	  ],
	  "|obj_gusbrickhurt|": [
		[
		  "sprite_index",
		  [
			"spr_gushurt"
		  ],
		  {
			"display": "gustavo",
			"noCustom": true
		  }
		]
	  ],
	  "|obj_fallingplatform|": [
		[
		  "sprite_index",
		  [
			"spr_chigaco"
		  ],
		  {
			"display": "skin",
			"noCustom": false
		  }
		]
	  ],
	  "|obj_ghostfollow|": [
		"movespeed",
		[
		  "escapespawn",
		  [
			"true",
			"false"
		  ],
		  {
			"display": "Spawn on Escape"
		  }
		]
	  ],
	  "|obj_pigcitizen|": [
		[
		  "male",
		  [
			"true",
			"false"
		  ],
		  {
			"noCustom": true
		  }
		]
	  ],
	  "|obj_sausageman|": [
		[
		  "whoopass",
		  [
			"true",
			"false"
		  ],
		  {
			"noCustom": true
		  }
		]
	  ],
	  "|obj_thug_red|obj_smokingpizzaslice|obj_ancho|obj_fencer|obj_pickle|": [
		[
		  "elite",
		  [
			"true",
			"false"
		  ],
		  {
			"noCustom": true
		  }
		]
	  ],
	  "|obj_swedishmonkey|obj_forknight|": [
		[
		  "elite",
		  [
			"true",
			"false"
		  ],
		  {
			"noCustom": true
		  }
		]
	  ],
	  "|obj_autocanon|": [
		"cooldown",
		"cooldownmax",
		[
		  "cooldownrandom",
		  [
			"true",
			"false"
		  ],
		  {
			"noCustom": true
		  }
		]
	  ],
	  "|obj_robotmonster|obj_puppetmonster|obj_hillbillymonster|obj_blobmonster|": [
		[
		  "state",
		  [
			"217",
			"218",
			"219"
		  ],
		  {
			"display": "state",
			"noCustom": true
		  }
		]
	  ],
	  "|obj_pizzaface|": [
		"maxspeed"
	  ],
	  "|obj_robot|": [
		[
		  "chosenstate",
		  [
			"103",
			"129",
			"91",
			"23"
		  ],
		  {
			"display": "attack",
			"noCustom": true
		  }
		]
	  ],
	  "|obj_bigcheese|": [
		"throwspeed"
	  ],
	  "|obj_motodude|": [
		[
		  "stationned",
		  [
			"true",
			"false"
		  ],
		  {
			"display": "Unmoving"
		  }
		]
	  ],
	  "|obj_cheeseslime|": [
		[
		  "paletteselect",
		  [
			"0",
			"1"
		  ],
		  {
			"display": "snotty",
			"noCustom": true
		  }
		],
		[
		  "can_bounce",
		  [
			"True",
			"False"
		  ],
		  {
			"display": "bouncy",
			"noCustom": false
		  }
		],
		[
		  "elite",
		  [
			"true",
			"false"
		  ],
		  {
			"noCustom": true
		  }
		]
	  ],
	  "|obj_minijohn|": [
		[
		  "state",
		  [
			"189"
		  ],
		  {
			"display": "underground",
			"noCustom": true
		  }
		],
		[
		  "elite",
		  [
			"true",
			"false"
		  ],
		  {
			"noCustom": true
		  }
		]
	  ],
	  "|obj_treasureguy|": [
		[
		  "state",
		  [
			"189"
		  ],
		  {
			"display": "underground",
			"noCustom": true
		  }
		]
	  ],
	  "|obj_ninja|": [
		[
		  "paletteselect",
		  [
			"0",
			"1",
			"2",
			"3",
			"4"
		  ],
		  {
			"display": "color",
			"noCustom": true
		  }
		]
	  ],
	  "|obj_pizzard|": [
		[
		  "old",
		  [
			"true",
			"false"
		  ],
		  {
			"display": "Knight"
		  }
		]
	  ],
	  "|obj_pizzagoblin|": [
		[
		  "old",
		  [
			"true",
			"false"
		  ],
		  {
			"display": "Old Bomb"
		  }
		],
		[
		  "BombcanThrow",
		  [
			"true",
			"false"
		  ],
		  {
			"display": "Throwable"
		  }
		],
		[
		  "BombcanMove",
		  [
			"true",
			"false"
		  ],
		  {
			"display": "Can Turn"
		  }
		],
		[
		  "BombcanJump",
		  [
			"true",
			"false"
		  ],
		  {
			"display": "Can Jump"
		  }
		],
		"bombtotaltimer"
	  ],
	  "|obj_kentukykenny|": [
		[
		  "old",
		  [
			"true",
			"false"
		  ],
		  {
			"display": "Old Firemouth"
		  }
		],
		[
		  "WingcanDash",
		  [
			"true",
			"false"
		  ],
		  {
			"display": "Firemouth Dash (New Only)"
		  }
		],
		[
		  "WingcanMove",
		  [
			"true",
			"false"
		  ],
		  {
			"display": "Firemouth Move (Old Only)"
		  }
		],
		[
		  "WingcanShoot",
		  [
			"true",
			"false"
		  ],
		  {
			"display": "Firemouth Shoot (Old Only)"
		  }
		]
	  ],
	  "|obj_pepgoblin|": [
		[
		  "elite",
		  [
			"true",
			"false"
		  ],
		  {
			"noCustom": true
		  }
		]
	  ],
	  "|obj_baddie|": [
		[
		  "escape",
		  [
			"true",
			"false"
		  ],
		  {
			"display": "escape spawn",
			"noCustom": true
		  }
		],
		"grav",
		"movespeed",
		[
		  "supertauntable",
		  [
			"true",
			"false"
		  ],
		  {
			"noCustom": true
		  }
		],
		[
		  "destroyable",
		  [
			"true",
			"false"
		  ],
		  {
			"noCustom": true
		  }
		],
		[
		  "arena",
		  [
			"true",
			"false"
		  ],
		  {
			"noCustom": true
		  }
		],
		"wave",
		[
		  "rage",
		  [
			"true",
			"false"
		  ],
		  {
			"noCustom": true
		  }
		],
		"idlespr",
		"walkspr",
		"grabbedspr",
		"scaredspr",
		"spr_dead",
		"jumpspr",
		"landspr",
		"fallspr",
		"stunfallspr",
		"turnspr",
		"recoveryspr",
		"ragespr",
		"ragestartspr",
		"bouncespr",
		"sleepspr",
		"chasespr",
		"paletteselect",
		"ragepaletteselect",
		"spr_palette"
	  ],
	  "|obj_gustavoswitch|obj_peppinoswitch|": [
		[
		  "escape",
		  [
			"true",
			"false"
		  ],
		  {
			"display": "escape spawn",
			"noCustom": true
		  }
		]
	  ],
	  "|obj_baddiespawner|obj_baddiecameraspawner|obj_agressivebaddiespawner|": [
		"content",
		"refresh",
		"grav"
	  ],
	  "|obj_horsey|": [
		[
		  "hsp",
		  {
			"display": "hor.speed"
		  }
		],
		[
		  "vsp",
		  {
			"display": "vert. speed"
		  }
		]
	  ],
	  "|obj_trash|": [
		[
		  "trashbuffer",
		  {
			"display": "initial buffer"
		  }
		]
	  ],
	  "|obj_trashOLD|": [
		[
		  "CheesecanJump",
		  [
			"true",
			"false"
		  ],
		  {
			"display": "Cheeseball Jump"
		  }
		],
		[
		  "CheesecanStick",
		  [
			"true",
			"false"
		  ],
		  {
			"display": "Cheese Pep Crouch"
		  }
		],
		[
		  "CheesecanCeiling",
		  [
			"true",
			"false"
		  ],
		  {
			"display": "Ceiling Cling"
		  }
		],
		[
		  "CheeseloseCheese",
		  [
			"true",
			"false"
		  ],
		  {
			"display": "No Cheese Pep"
		  }
		]
	  ],
	  "|obj_invtrash|": [
		[
		  "CheesecanJump",
		  [
			"true",
			"false"
		  ],
		  {
			"display": "Cheeseball Jump"
		  }
		],
		[
		  "CheesecanStick",
		  [
			"true",
			"false"
		  ],
		  {
			"display": "Cheese Pep Crouch"
		  }
		],
		[
		  "CheesecanCeiling",
		  [
			"true",
			"false"
		  ],
		  {
			"display": "Ceiling Cling"
		  }
		],
		[
		  "CheeseloseCheese",
		  [
			"true",
			"false"
		  ],
		  {
			"display": "No Cheese Pep"
		  }
		]
	  ],
	  "|obj_stringycheese|": [
		"maxhandlen"
	  ],
	  "|obj_movingplatform|": [
		"hmovespeed",
		"vmovespeed"
	  ],
	  "|obj_conveyordespawner|": [
		"objectlist"
	  ],
	  "|obj_arenadoor|": [
		"babaspawn"
	  ],
	  "|obj_lapportal|": [
		[
		  "maxlaps",
		  [
			2,
			3,
			4
		  ],
		  {
			"display": "Laps"
		  }
		],
		[
		  "tutorialunlock",
		  [
			"true",
			"false"
		  ],
		  {
			"display": "Unlocked by Tutorial"
		  }
		],
		"warmin",
		"warsec"
	  ],
	  "|obj_conveyorspawner|": [
		"objectlist",
		[
		  "objectList",
		  {
			"display": "set to not crash",
			"noCustom": false
		  }
		],
		"delaymax",
		"delay"
	  ],
	  "|obj_weaponmachine|": [
		"coins"
	  ],
	  "|obj_tvtrigger|": [
		"text",
		[
		  "special",
		  [
			"true",
			"false"
		  ]
		],
		"tv_spr",
		"scroll"
	  ],
	  "|obj_startgate|obj_bossdoor": [
		[
		  "levelName",
		  "levelNameList"
		],
		[
		  "levelNameN",
		  "levelNameList"
		],
		[
		  "sprite_index",
		  "spriteList"
		],
		[
		  "bgsprite",
		  "spriteList"
		]
	  ],
	  "|obj_startgate_treasure|": [
		[
		  "level",
		  "levelNameList"
		]
	  ],
	  "|obj_treasure|": [
		"sprite_index",
		[
		  "image_index",
		  [
			"0",
			"1",
			"2",
			"3",
			"4",
			"5",
			"6",
			"7",
			"8",
			"9",
			"10",
			"11",
			"12",
			"13",
			"14",
			"15",
			"16",
			"17",
			"18",
			"19"
		  ],
		  {
			"display": "sprite",
			"noCustom": true
		  }
		],
		[
		  "got",
		  [
			"true",
			"false"
		  ],
		  {
			"display": "animation",
			"noCustom": true
		  }
		],
		[
		  "player",
		  [
			"true",
			"false"
		  ],
		  {
			"display": "get",
			"noCustom": true
		  }
		]
	  ],
	  "|obj_spaceshuttle|obj_lapportal|obj_secretportal|": [
		[
		  "targetRoom",
		  "roomNameList"
		]
	  ],
	  "|obj_taxi|": [
		[
		  "targetRoom",
		  "roomNameList"
		],
		[
		  "police",
		  [
			"true",
			"false"
		  ],
		  {
			"noCustom": true
		  }
		],
		[
		  "escape",
		  [
			"true",
			"false"
		  ],
		  {
			"display": "pizza face",
			"noCustom": true
		  }
		]
	  ],
	  "|obj_boxofpizza|": [
		[
		  "targetRoom",
		  "roomNameList"
		],
		[
		  "targetDoor",
		  [
			"A",
			"B",
			"C",
			"D",
			"E",
			"F",
			"G"
		  ]
		],
		[
		  "sprite_index",
		  [
			"spr_xmaspizzaboxdown"
		  ],
		  {
			"display": "skin",
			"noCustom": true
		  }
		]
	  ],
	  "|obj_door|": [
		[
		  "john",
		  [
			"true",
			"false"
		  ],
		  {
			"display": "escape blocked",
			"noCustom": true
		  }
		],
		[
		  "old",
		  [
			"true",
			"false"
		  ],
		  {
			"display": "Old Sprite",
			"noCustom": true
		  }
		],
		[
		  "targetRoom",
		  "roomNameList"
		],
		[
		  "targetDoor",
		  [
			"A",
			"B",
			"C",
			"D",
			"E",
			"F",
			"G"
		  ]
		]
	  ],
	  "|obj_coindoor|": [
		"amount",
		[
		  "targetRoom",
		  "roomNameList"
		],
		[
		  "targetDoor",
		  [
			"A",
			"B",
			"C",
			"D",
			"E",
			"F",
			"G"
		  ]
		]
	  ],
	  "|obj_hallway|obj_verticalhallway|obj_geromedoor|obj_keydoor|obj_policecar|": [
		[
		  "targetRoom",
		  "roomNameList"
		],
		[
		  "targetDoor",
		  [
			"A",
			"B",
			"C",
			"D",
			"E",
			"F",
			"G"
		  ]
		]
	  ],
	  "|obj_secretportal|": [
		[
		  "secret",
		  [
			"true",
			"false"
		  ],
		  {
			"display": "secretroom exit",
			"noCustom": true
		  }
		]
	  ],
	  "|obj_secretroomtrigger|": [
		[
		  "end_secret",
		  [
			"true",
			"false"
		  ],
		  {
			"display": "secretroom exit",
			"noCustom": false
		  }
		]
	  ],
	  "|obj_banditochicken_dynamite|": [
		"countdown"
	  ],
	  "|obj_vigilantebazooka|obj_ufobullet|": [
		"spd"
	  ],
	  "|obj_lightsource|": [
		"distance"
	  ],
	  "|obj_tubeexitmach|": [
		[
		  "approach_spd",
		  {
			"display": "exit speed"
		  }
		]
	  ],
	  "|obj_baddiebutton|obj_baddiegate|obj_toxicbutton|obj_toxicspray|": [
		[
		  "trigger",
		  {
			"display": "group id"
		  }
		]
	  ],
	  "|obj_hiddenobjecttrigger|obj_hiddenobject|obj_totem|obj_totemcloud": [
		[
		  "trigger",
		  {
			"display": "group id"
		  }
		]
	  ],
	  "|obj_pizzacutter1|": [
		"spinspeed"
	  ],
	  "|obj_superspring|": [
		[
		  "sprite_index",
		  [
			"spr_robotspring",
			"spr_bottle_idle"
		  ],
		  {
			"display": "idle skin",
			"noCustom": true
		  }
		],
		[
		  "activatespr",
		  [
			"1481",
			"1805"
		  ],
		  {
			"display": "active skin",
			"noCustom": true
		  }
		]
	  ],
	  "|obj_cheeseballspawner|": [
		"refresh",
		[
		  "CheesecanJump",
		  [
			"true",
			"false"
		  ],
		  {
			"display": "Cheeseball Jump"
		  }
		],
		[
		  "CheesecanStick",
		  [
			"true",
			"false"
		  ],
		  {
			"display": "Cheese Pep Crouch"
		  }
		],
		[
		  "CheesecanCeiling",
		  [
			"true",
			"false"
		  ],
		  {
			"display": "Ceiling Cling"
		  }
		],
		[
		  "CheeseloseCheese",
		  [
			"true",
			"false"
		  ],
		  {
			"display": "No Cheese Pep"
		  }
		]
	  ],
	  "|obj_cheeseball|": [
		[
		  "canJump",
		  [
			"true",
			"false"
		  ],
		  {
			"display": "Cheeseball Jump"
		  }
		],
		[
		  "canStick",
		  [
			"true",
			"false"
		  ],
		  {
			"display": "Cheese Pep Crouch"
		  }
		],
		[
		  "canCeiling",
		  [
			"true",
			"false"
		  ],
		  {
			"display": "Ceiling Cling"
		  }
		],
		[
		  "loseCheese",
		  [
			"true",
			"false"
		  ],
		  {
			"display": "No Cheese Pep"
		  }
		],
		"movespeed",
		"bouncedestroy"
	  ],
	  "|obj_flush|": [
		[
		  "trigger",
		  {
			"display": "group id"
		  }
		],
		"type"
	  ],
	  "|obj_olivebubbledeco|": [
		"len"
	  ],
	  "|obj_grandma|": [
		[
		  "changed",
		  [
			"true",
			"false"
		  ],
		  {
			"display": "scared",
			"noCustom": true
		  }
		]
	  ],
	  "|obj_tutorialtargetblock|": [
		[
		  "ID",
		  {
			"display": "target id"
		  }
		]
	  ],
	  "|obj_peppermanGIANTbowlingball|": [
		"fall"
	  ],
	  "|obj_exitgustavo|": [
		"exitspr",
		"spr_fall"
	  ],
	  "|obj_toppinwarriorbutton|": [
		"toppinwarrior"
	  ],
	  "|obj_secretblock|obj_secretbigblock|obj_secretmetalblock|": [
		[
		  "particlespr",
		  [
			"spr_towerblockdebris",
			"spr_ruindebris1",
			"spr_ruindebris2",
			"spr_ruindebris3",
			"spr_ruindebris4",
			"spr_dungeondebris1",
			"spr_badlandsdebris1",
			"spr_badlanddebris2",
			"spr_badlanddebris3",
			"spr_graveyarddebris1",
			"spr_graveyarddebris2",
			"spr_graveyarddebris3",
			"spr_farmdebris1",
			"spr_farmdebris2",
			"spr_saloondebris1",
			"spr_saloondebris2",
			"spr_beachdebris",
			"spr_shipdebris1",
			"spr_spacedebris",
			"spr_planetdebris",
			"spr_space3debris",
			"spr_plaindebris",
			"spr_forestblockdebris",
			"spr_streetdebris",
			"spr_streethousedebris",
			"spr_factorydebris",
			"spr_industrialdebris",
			"spr_poopdebris",
			"spr_sewerdebris1",
			"spr_sewerdebris2",
			"spr_snowblockdebris",
			"spr_icedebris",
			"spr_pumpkindebris",
			"spr_bonedebris",
			"spr_storagecratedebris",
			"spr_complexdebris",
			"spr_wardebris",
			"spr_eyedebris",
			"spr_tutorialblockdebris",
			"spr_chocolatedebris",
			"spr_slimedebris",
			"spr_barreldebris",
			"spr_wooddebris",
			"spr_halloweenbigdebris",
			"spr_halloweendebris"
		  ],
		  {
			"display": "particle"
		  }
		]
	  ],
	  "|obj_deliverypizzabox|obj_nuketerminal|": [
		"minutes",
		"seconds"
	  ],
	  "|obj_teleporter|": [
		[
		  "start",
		  [
			"true",
			"false"
		  ],
		  {
			"display": "entrance",
			"noCustom": true
		  }
		],
		[
		  "trigger",
		  {
			"display": "group id"
		  }
		]
	  ],
	  "|obj_exitgate|": [
		[
		  "drop",
		  [
			"true",
			"false"
		  ],
		  {
			"noCustom": true
		  }
		],
		"drop_y",
		[
		  "unlocked",
		  [
			"true",
			"false"
		  ],
		  {
			"noCustom": false
		  }
		],
		"grabbedspr",
		"hand_fallspr",
		"hand_catchspr",
		"hand_releasespr",
		"hand_idlespr"
	  ],
	  "|obj_jumpscare|": [
		[
		  "monsterid",
		  [
			"0",
			"1",
			"2",
			"3",
			"4",
			"5"
		  ],
		  {
			"display": "monster",
			"noCustom": true
		  }
		],
		[
		  "oktoberfest",
		  [
			"1",
			"0"
		  ],
		  {
			"display": "oktoberfest",
			"noCustom": true
		  }
		]
	  ],
	  "|obj_pizzaboxunopen|": [
		[
		  "content",
		  [
			"obj_pizzakinshroom",
			"obj_pizzakincheese",
			"obj_pizzakintomato",
			"obj_pizzakinsausage",
			"obj_pizzakinpineapple",
			"obj_noisebomb"
		  ]
		]
	  ],
	  "|obj_pineapplemonster|": [
		"content"
	  ],
	  "|obj_timedgateclock|": [
		"time_max"
	  ],
	  "|obj_arenaspawnpoint|": [
		"pizzaspd",
		"snickspd"
	  ],
	  "|obj_pizzaball|": [
		"hitsPrimoBurg",
		"hitsHotDog",
		"hitsNothing"
	  ],
	  "|obj_tubeenter|": [
		[
		  "hsp",
		  [
			-1,
			0,
			1
		  ],
		  {
			"display": "Hor. enter direction"
		  }
		],
		[
		  "vsp",
		  [
			-1,
			0,
			1
		  ],
		  {
			"display": "Vert. enter direction"
		  }
		]
	  ],
	  "|obj_well|": [
		[
		  "MortcanDJump",
		  [
			"true",
			"false"
		  ],
		  {
			"display": "Double Jump"
		  }
		],
		[
		  "MortcanAttack",
		  [
			"true",
			"false"
		  ],
		  {
			"display": "Attack"
		  }
		],
		[
		  "MortcanFloat",
		  [
			"true",
			"false"
		  ],
		  {
			"display": "Float"
		  }
		]
	  ],
	  "|obj_weeniemount|": [
		[
		  "old",
		  [
			"true",
			"false"
		  ],
		  {
			"display": "Old Mount"
		  }
		]
	  ],
	  "|obj_shotgun|": [
		[
		  "activateTimer",
		  [
			"true",
			"false"
		  ],
		  {
			"noCustom": true
		  }
		],
		[
		  "old",
		  [
			"true",
			"false"
		  ],
		  {
			"display": "Old Shotgun"
		  }
		],
		[
		  "stopGrab",
		  [
			"Press",
			"Hold"
		  ],
		  {
			"display": "Dash"
		  }
		],
		[
		  "instaDown",
		  [
			"Down only",
			"Down + Shoot"
		  ],
		  {
			"display": "Down Shoot"
		  }
		],
		[
		  "lose",
		  [
			"true",
			"false"
		  ],
		  {
			"display": "Lose Shotgun"
		  }
		]
	  ],
	  "|obj_pistolpickup|": [
		[
		  "bombs",
		  [
			"true",
			"false"
		  ],
		  {
			"display": "Noise Bombs"
		  }
		]
	  ],
	  "|obj_tutorialbook|": [
		"text",
		"idlespr",
		"talkspr",
		"silent"
	  ],
	  "|obj_racestart|": [
		"spd"
	  ],
	  "|obj_ghosthazard|": [
		"len",
		"angle_spd",
		[
		  "canPossess",
		  [
			"true",
			"false"
		  ],
		  {
			"display": "Possess active"
		  }
		]
	  ],
	  "|obj_transfotip|": [
		"text",
		"color"
	  ],
	  "|obj_followcharacter|": [
		"sprite_index"
	  ],
	  "|obj_text|": [
		"text"
	  ],
	  "|obj_smallletters|": [
		"letters"
	  ],
	  "|obj_destroyable_respawner|": [
		"content"
	  ],
	  "|obj_heatafterimage|": [
		"is_visible"
	  ],
	  "|obj_roomname|": [
		"msg"
	  ],
	  "|obj_pizzacoin|": [
		"grav"
	  ],
	  "|obj_darkcontroller|": [
		[
		  "kidsparty",
		  [
			"Bloodsauce",
			"DMAS",
			"Chateau"
		  ],
		  {
			"display": "Lighting Style"
		  }
		]
	  ],
	  "|obj_screenwarp|": [
		"trigger",
		[
		  "keepy",
		  [
			"true",
			"false"
		  ],
		  {
			"display": "Keep Y coord"
		  },
		  "keepx",
		  [
			"true",
			"false"
		  ],
		  {
			"display": "Keep X coord"
		  },
		  "oneuse",
		  [
			"true",
			"false"
		  ],
		  {
			"display": "One use"
		  }
		]
	  ],
	  "|obj_snickexe|": [
		"maxspeed"
	  ],
	  "|obj_presentbox|": [
		"character",
		"box"
	  ],
	  "|obj_bosscontroller|": [
		"boss_hp",
		"boss_hpsprite",
		"vstitle",
		"boss_rowmax",
		"player_hp",
		"playerspr",
		"bossspr"
	  ],
	  "|obj_noise_normalT1|": [
		[
		  "treasure",
		  [
			"true",
			"false"
		  ],
		  {
			"display": "Treasure"
		  }
		],
		"buffer_s"
	  ],
	  "|obj_arenaspawn|": [
		"waves",
		"ragestart",
		[
		  "kungfu",
		  [
			"true",
			"false"
		  ],
		  {
			"display": "Kungfu Physics"
		  }
		]
	  ],
	  "|obj_hook|": [
		[
		  "destroy_hook",
		  [
			"true",
			"false"
		  ],
		  {
			"display": "Destroy Hook"
		  }
		]
	  ],
	  "|obj_secretexitblock|": [
		[
		  "level",
		  "levelList"
		]
	  ],
	  "|obj_characterswitch|": [
		[
		  "charSwitch",
		  [
			"Peppino",
			"Noise",
			"Skateboard Noise",
			"Pogo Noise",
			"Vigilante",
			"Pepperman",
			"Snick (broken)"
		  ],
		  {
			"display": "Character"
		  }
		],
		[
			"notaunt",
			[
			  "true",
			  "false"
			],
			{
			  "display": "No taunt"
			}
		]
	  ],
	  "|obj_pizzafaceOLDcontroller|": [
		[
		  "oldpizzaface",
		  [
			"true",
			"false"
		  ],
		  {
			"display": "Old Pizzaface"
		  }
		],
		"movespr",
		"slowspr",
		"stunspr"
	  ],
	  "|obj_ratfairy|": [
		"value"
	  ],
	  "|obj_pumpkin|": [
		[
		  "seasonal",
		  [
			"true",
			"false"
		  ],
		  {
			"display": "Seasonal"
		  }
		],
		[
		  "trickytreat",
		  [
			"true",
			"false"
		  ],
		  {
			"display": "Always Visible"
		  }
		],
		"visibleradius",
		"soundradius"
	  ],
	  "|obj_pumpkindoor|": [
		[
		  "seasonal",
		  [
			"true",
			"false"
		  ],
		  {
			"display": "Seasonal"
		  }
		],
		"pumpkins"
	  ],
	  "|obj_halloweenjumpscare|": [
		[
		  "seasonal",
		  [
			"true",
			"false"
		  ],
		  {
			"display": "Seasonal"
		  }
		],
		[
		  "panicdestroy",
		  [
			"true",
			"false"
		  ],
		  {
			"display": "Destroy on Escape"
		  }
		]
	  ],
	  "|obj_arenalimit|": [
		"pzspeed",
		"snspeed"
	  ],
	  "|obj_pizzakinparent|obj_gerome|": [
		"spr_intro",
		"spr_idle",
		"spr_run",
		"spr_taunt"
	  ],
	  "|obj_weeniesquire|": [
		"dropweenie"
	  ],
	  "|obj_rockblock|obj_destructiblerockblock|": [
		"destroytiles"
	  ],
	  "|obj_checkpoint|": [
		"transspr",
		"activespr"
	  ],
	  "|obj_mushroom|": [
		"bouncespr"
	  ],
	  "|obj_instanttemp|": [
		"activespr"
	  ],
	  "|obj_beedeco|": [
		"idlespr",
		"tauntspr"
	  ]
	},
	"variableTypes": {
	  "levelName": "lvl",
	  "level": "lvl",
	  "targetRoom": "room"
	},
	"questionBlocks": {
	  "obj_pizzaboxunopen": "content",
	  "obj_baddiespawner": "content",
	  "obj_baddiecameraspawner": "content",
	  "obj_agressivebaddiespawner": "content",
	  "obj_fakesanta": "content",
	  "obj_fakesantapresent": "content",
	  "obj_pineapplemonster": "content",
	  "obj_spawner_goblinraid": "content",
	  "obj_destroyable_respawner": "content",
	  "obj_breakabletv": "content",
	  "obj_destroyable2_big": "content",
	  "obj_destroyable2_big_escape": "content",
	  "obj_createobject": "content",
	  "obj_supriseenemy": "content",
	  "obj_conveyorspawner": "objectlist",
	  "obj_conveyordespawner": "objectlist",
	  "obj_tutorialtargetblock": "ID"
	}
  }