{ "editorVersion": 5.0, "instances": [ { "layer": 0.0, "deleted": 0.0, "variables": { "x": 0.0, "y": 448.0, "image_xscale": 30.0, "image_yscale": 3.0, "flipX": 0.0, "flipY": 0.0 }, "object": 517.0 }, { "layer": 0.0, "deleted": 1.0, "variables": { "x": 288.0, "y": 384.0, "image_xscale": 2.0, "image_yscale": 2.0, "flipX": 0.0, "flipY": 0.0 }, "object": 1176.0 }, { "layer": 0.0, "deleted": 0.0, "variables": { "x": 32.0, "y": 416.0, "image_xscale": 7.0, "image_yscale": 1.0, "flipX": 0.0, "flipY": 0.0 }, "object": 521.0 }, { "layer": 0.0, "deleted": 0.0, "variables": { "x": 544.0, "y": 352.0, "image_xscale": 1.0, "image_yscale": 1.0, "flipX": 0.0, "flipY": 0.0 }, "object": 305.0 }, { "layer": 0.0, "deleted": 0.0, "variables": { "x": 320.0, "y": 352.0, "image_xscale": 1.0, "image_yscale": 1.0, "flipX": 0.0, "flipY": 0.0 }, "object": 362.0 }, { "layer": 0.0, "deleted": 1.0, "variables": { "x": 736.0, "flipX": 0.0, "y": 352.0, "flipY": 0.0 }, "object": 330.0 }, { "layer": 0.0, "deleted": 1.0, "variables": { "x": 576.0, "flipX": 0.0, "y": 288.0, "flipY": 0.0 }, "object": 330.0 }, { "layer": 0.0, "deleted": 1.0, "variables": { "x": 864.0, "flipX": 0.0, "y": 352.0, "flipY": 0.0 }, "object": 330.0 }, { "layer": 0.0, "deleted": 1.0, "variables": { "x": 800.0, "flipX": 0.0, "y": 352.0, "flipY": 0.0 }, "object": 330.0 }, { "layer": 0.0, "deleted": 0.0, "variables": { "x": 32.0, "y": 288.0, "image_xscale": 7.0, "image_yscale": 1.0, "flipX": 0.0, "flipY": 0.0 }, "object": 743.0 }, { "layer": 0.0, "deleted": 0.0, "variables": { "x": 128.0, "flipX": 0.0, "y": 50.0, "flipY": 0.0 }, "object": 681.0 }, { "layer": 0.0, "deleted": 0.0, "variables": { "x": 32.0, "flipX": 0.0, "y": 50.0, "flipY": 0.0 }, "object": 646.0 }, { "layer": 0.0, "deleted": 0.0, "variables": { "x": 640.0, "flipX": 0.0, "y": 320.0, "flipY": 0.0 }, "object": 811.0 }, { "layer": 0.0, "deleted": 0.0, "variables": { "x": 320.0, "flipX": 0.0, "y": 51.0, "flipY": 0.0 }, "object": 688.0 }, { "layer": 0.0, "deleted": 0.0, "variables": { "x": 416.0, "y": 19.0, "elite": "true", "image_xscale": 1.0, "image_yscale": 1.0, "flipX": 0.0, "flipY": 0.0 }, "object": 684.0 }, { "layer": 0.0, "deleted": 0.0, "variables": { "x": 224.0, "y": 50.0, "image_xscale": 1.0, "image_yscale": 1.0, "flipX": 0.0, "flipY": 0.0 }, "object": 507.0 } ], "tile_data": { }, "backgrounds": { }, "properties": { "songTransitionTime": 100.0, "pausecombo": 0.0, "roomX": 0.0, "levelWidth": 960.0, "roomY": 0.0, "levelHeight": 540.0, "song": "" } }