{ "isNoiseUpdate": 1.0, "properties": { "song": "", "songTransitionTime": 100.0, "pausecombo": 0.0, "roomX": 0.0, "levelWidth": 1280.0, "roomY": 928.0, "levelHeight": 2460.0 }, "editorVersion": 6.0, "instances": [ { "layer": 0.0, "object": "obj_solid", "deleted": 1.0, "variables": { "x": 0.0, "flipX": 0.0, "y": 416.0, "flipY": 0.0, "image_xscale": 8.0, "image_yscale": 4.0 } }, { "layer": 0.0, "object": "obj_solid", "deleted": 1.0, "variables": { "x": 0.0, "flipX": 0.0, "y": 0.0, "flipY": 0.0, "image_xscale": 3.0, "image_yscale": 9.0 } }, { "layer": 0.0, "object": "obj_solid", "deleted": 1.0, "variables": { "x": 96.0, "flipX": 0.0, "y": 0.0, "flipY": 0.0, "image_xscale": 132.0, "image_yscale": 2.0 } }, { "layer": 0.0, "object": "obj_doorA", "deleted": 1.0, "variables": { "x": 0.0, "flipX": 0.0, "y": 384.0, "flipY": 0.0 } }, { "layer": 0.0, "object": "obj_slope", "deleted": 1.0, "variables": { "x": 3680.0, "flipX": 0.0, "y": 352.0, "flipY": 0.0, "image_xscale": 4.0, "image_yscale": 2.0 } }, { "layer": 0.0, "object": "obj_solid", "deleted": 1.0, "variables": { "x": 256.0, "flipX": 1.0, "y": 416.0, "flipY": 0.0, "image_xscale": 111.0, "image_yscale": 4.0 } }, { "layer": 0.0, "object": "obj_magnet", "deleted": 1.0, "variables": { "x": 2272.0, "flipX": 0.0, "y": 224.0, "flipY": 0.0, "image_xscale": 1.0, "image_yscale": 1.0 } }, { "layer": 0.0, "object": "obj_asteroid", "deleted": 1.0, "variables": { "x": 2167.0, "flipX": 0.0, "y": 129.0, "flipY": 0.0, "image_xscale": 1.0, "image_yscale": 1.0, "sprite_index": "golf2\/warasteroid" } }, { "layer": 0.0, "object": "obj_solid", "deleted": 1.0, "variables": { "x": 2176.0, "flipX": 0.0, "y": 288.0, "flipY": 0.0, "image_xscale": 6.0, "image_yscale": 4.0 } }, { "layer": 0.0, "object": "obj_solid", "deleted": 1.0, "variables": { "x": 2176.0, "flipX": 0.0, "y": 64.0, "flipY": 0.0, "image_xscale": 6.0, "image_yscale": 3.0 } }, { "layer": 0.0, "object": "obj_magnet", "deleted": 1.0, "variables": { "x": 3712.0, "flipX": 0.0, "y": 256.0, "flipY": 0.0, "image_xscale": 1.0, "image_yscale": 1.0 } }, { "layer": 0.0, "object": "obj_solid", "deleted": 1.0, "variables": { "x": 896.0, "flipX": 0.0, "y": 352.0, "flipY": 0.0, "image_xscale": 40.0, "image_yscale": 2.0 } }, { "layer": 0.0, "object": "obj_slope", "deleted": 1.0, "variables": { "x": 832.0, "flipX": 0.0, "y": 352.0, "flipY": 0.0, "image_xscale": 2.0, "image_yscale": 2.0 } }, { "layer": 0.0, "object": "obj_pizzaball", "deleted": 1.0, "variables": { "x": 1344.0, "flipX": 0.0, "y": 306.5, "flipY": 0.0 } }, { "layer": 0.0, "object": "obj_solid", "deleted": 1.0, "variables": { "x": 992.0, "flipX": 0.0, "y": 64.0, "flipY": 0.0, "image_xscale": 3.0, "image_yscale": 5.0 } }, { "layer": 0.0, "object": "obj_asteroid", "deleted": 1.0, "variables": { "x": 928.0, "flipX": 0.0, "y": 192.0, "flipY": 0.0, "image_xscale": 1.0, "image_yscale": 1.0, "sprite_index": "golf2\/warasteroid" } }, { "layer": 0.0, "object": "obj_rocket", "deleted": 1.0, "variables": { "x": 160.0, "flipX": 0.0, "y": 352.0, "flipY": 0.0 } }, { "layer": 0.0, "object": "obj_solid", "deleted": 1.0, "variables": { "x": 3808.0, "flipX": 0.0, "y": 352.0, "flipY": 0.0, "image_xscale": 21.0, "image_yscale": 6.0 } }, { "layer": 0.0, "object": "obj_solid", "deleted": 1.0, "variables": { "x": 384.0, "flipX": 0.0, "y": 2240.0, "flipY": 0.0, "image_xscale": 3.0, "image_yscale": 4.0 } }, { "layer": 0.0, "object": "obj_solid", "deleted": 1.0, "variables": { "x": 384.0, "flipX": 0.0, "y": 2144.0, "flipY": 0.0, "image_xscale": 7.0, "image_yscale": 3.0 } }, { "layer": 0.0, "object": "obj_solid", "deleted": 0.0, "variables": { "x": 448.0, "flipX": 0.0, "y": 2208.0, "flipY": 0.0, "image_xscale": 5.0, "image_yscale": 3.0 } }, { "layer": 0.0, "object": "obj_solid", "deleted": 1.0, "variables": { "x": 128.0, "flipX": 0.0, "y": 1792.0, "flipY": 0.0, "image_xscale": 9.0, "image_yscale": 6.0 } }, { "layer": 0.0, "object": "obj_mine", "deleted": 0.0, "variables": { "x": 256.0, "flipX": 0.0, "y": 2336.0, "flipY": 0.0, "image_xscale": 1.0, "image_yscale": 1.0, "sprite_index": "exmine" } }, { "layer": 0.0, "object": "obj_solid", "deleted": 0.0, "variables": { "x": 0.0, "flipX": 0.0, "y": 1920.0, "flipY": 0.0, "image_xscale": 19.0, "image_yscale": 9.0 } }, { "layer": 0.0, "object": "obj_doorA", "deleted": 0.0, "variables": { "x": 0.0, "flipX": 0.0, "y": 2336.0, "flipY": 0.0, "image_xscale": 1.0, "image_yscale": 1.0 } }, { "layer": 0.0, "object": "obj_solid", "deleted": 0.0, "variables": { "x": 0.0, "flipX": 0.0, "y": 2368.0, "flipY": 0.0, "image_xscale": 25.0, "image_yscale": 3.0 } } ], "backgrounds": { "5": { "x": 31.0, "scroll_y": 0.25, "panic_sprite": -1.0, "hspeed": 0.0, "tile_y": 0.0, "character": "None", "y": 227.0, "escape": "None", "tile_x": 1.0, "sprite": "GolfLand", "vspeed": 0.0, "image_speed": 15.0, "scroll_x": 0.5 }, "10": { "x": -91.0, "scroll_y": 0.10000000000000000555111512312578, "panic_sprite": -1.0, "hspeed": 1.0, "tile_y": 0.0, "character": "None", "y": 13.0, "escape": "None", "tile_x": 1.0, "sprite": "GolfClouds", "vspeed": 0.0, "image_speed": 15.0, "scroll_x": 0.20000000000000001110223024625157 }, "6": { "x": -152.0, "scroll_y": 1.0, "panic_sprite": -1.0, "hspeed": 5.0, "tile_y": 1.0, "character": "None", "y": 157.0, "escape": "None", "tile_x": 1.0, "sprite": "GolfTracer", "vspeed": -10.0, "image_speed": 15.0, "scroll_x": 0.29999999999999998889776975374843 }, "11": { "x": 0.0, "scroll_y": 1.0, "panic_sprite": -1.0, "hspeed": 0.0, "tile_y": 1.0, "character": "None", "y": 0.0, "escape": "None", "tile_x": 1.0, "sprite": "GolfSky", "vspeed": 0.0, "image_speed": 15.0, "scroll_x": 1.0 }, "9": { "x": 0.0, "scroll_y": 0.10000000000000000555111512312578, "panic_sprite": -1.0, "hspeed": -1.0, "tile_y": 1.0, "character": "None", "y": 0.0, "escape": "None", "tile_x": 1.0, "sprite": "GolfPlanes2", "vspeed": -0.29999999999999998889776975374843, "image_speed": 15.0, "scroll_x": 0.20000000000000001110223024625157 }, "3": { "x": 5207.0, "scroll_y": 1.0, "panic_sprite": -1.0, "hspeed": 0.0, "tile_y": 0.0, "character": "None", "y": -500.0, "escape": "None", "tile_x": 0.0, "sprite": "groundfallout", "vspeed": 0.0, "image_speed": 15.0, "scroll_x": 1.0 }, "4": { "x": 531.0, "scroll_y": 1.0, "panic_sprite": -1.0, "hspeed": 0.0, "tile_y": 0.0, "character": "None", "y": 387.0, "escape": "None", "tile_x": 0.0, "sprite": "groundfallout", "vspeed": 0.0, "image_speed": 15.0, "scroll_x": 0.80000000000000004440892098500626 } }, "tile_data": { } }