{ "isNoiseUpdate": 1.0, "properties": { "song": "golfnormal", "songTransitionTime": 100.0, "pausecombo": 1111111111111111.0, "roomX": 0.0, "levelWidth": 960.0, "roomY": 0.0, "levelHeight": 540.0 }, "editorVersion": 6.0, "instances": [ { "layer": 0.0, "object": "obj_solid", "deleted": 0.0, "variables": { "x": 0.0, "flipX": 0.0, "y": 288.0, "flipY": 0.0, "image_xscale": 4.0, "image_yscale": 8.0 } }, { "layer": 0.0, "object": "obj_solid", "deleted": 0.0, "variables": { "x": 128.0, "flipX": 0.0, "y": 416.0, "flipY": 0.0, "image_xscale": 26.0, "image_yscale": 4.0 } }, { "layer": 0.0, "object": "obj_solid", "deleted": 0.0, "variables": { "x": 832.0, "flipX": 0.0, "y": 0.0, "flipY": 0.0, "image_xscale": 4.0, "image_yscale": 13.0 } }, { "layer": 0.0, "object": "obj_doorA", "deleted": 0.0, "variables": { "x": 192.0, "flipX": 0.0, "y": 384.0, "flipY": 0.0 } }, { "layer": 0.0, "object": "obj_pizzaball", "deleted": 0.0, "variables": { "x": 736.0, "flipX": 1.0, "y": 370.5, "flipY": 0.0 } }, { "layer": 0.0, "object": "obj_solid", "deleted": 0.0, "variables": { "x": -256.0, "flipX": 0.0, "y": -384.0, "flipY": 0.0, "image_xscale": 7.0, "image_yscale": 2.0 } }, { "layer": 0.0, "object": "obj_unclimbablewall", "deleted": 0.0, "variables": { "x": -256.0, "flipX": 0.0, "y": -320.0, "flipY": 0.0, "image_xscale": 1.0, "image_yscale": 15.0 } }, { "layer": 0.0, "object": "obj_createobject", "deleted": 0.0, "variables": { "x": 543.0, "flipX": 0.0, "on_trigger": "true", "image_xscale": 1.0, "content": "obj_teleporter", "on_touch": "false", "y": 380.0, "flipY": 0.0, "visible": "false", "image_yscale": 1.0, "on_start": "false", "trigger_id": 7.0 } }, { "layer": 0.0, "object": "obj_tutorialbook", "deleted": 0.0, "variables": { "x": 32.0, "flipX": 0.0, "y": -53.5, "flipY": 0.0, "image_xscale": 1.0, "image_yscale": 1.0 } }, { "layer": 0.0, "object": "obj_roomname", "deleted": 0.0, "variables": { "x": 192.0, "flipX": 0.0, "y": -128.0, "flipY": 0.0, "image_xscale": 1.0, "image_yscale": 1.0, "msg": "SWITCH IT UP" } }, { "layer": 0.0, "object": "obj_ballgoal", "deleted": 0.0, "variables": { "x": 284.0, "flipX": 0.0, "y": 361.0, "flipY": 0.0, "image_xscale": 0.20000000298023223876953125, "visible": "false", "image_yscale": 1.2000000476837158203125 } }, { "layer": 0.0, "object": "obj_collisioncheck", "deleted": 0.0, "variables": { "x": 264.0, "flipX": 0.0, "y": 315.0, "flipY": 0.0, "image_xscale": 1.09375, "target_obj": "obj_pizzaball", "on_repeat": "true", "image_yscale": 3.125, "enter_target_trigger_id": 7.0, "exit_target_trigger_id": 7.0 } }, { "layer": 0.0, "object": "obj_teleporter", "deleted": 0.0, "variables": { "x": -145.0, "flipX": 0.0, "start": "false", "y": -64.0, "flipY": 0.0, "image_xscale": 1.0, "image_yscale": 1.0 } }, { "layer": 0.0, "object": "obj_verticalhallway", "deleted": 0.0, "variables": { "targetDoor": "A", "x": -224.0, "flipX": 0.0, "y": 32.0, "flipY": 0.0, "image_xscale": 2.484375, "image_yscale": 1.0, "targetRoom": "golftrans" } }, { "layer": 0.0, "object": "obj_solid", "deleted": 0.0, "variables": { "x": -256.0, "flipX": 0.0, "y": 64.0, "flipY": 0.0, "image_xscale": 7.0, "image_yscale": 3.0 } }, { "layer": 0.0, "object": "obj_unclimbablewall", "deleted": 0.0, "variables": { "x": -64.0, "flipX": 0.0, "y": -320.0, "flipY": 0.0, "image_xscale": 1.0, "image_yscale": 15.0 } }, { "layer": 0.0, "object": "obj_doorB", "deleted": 0.0, "variables": { "x": 192.0, "flipX": 0.0, "y": 384.0, "flipY": 0.0 } }, { "layer": 0.0, "object": "obj_doorC", "deleted": 0.0, "variables": { "x": 192.0, "flipX": 0.0, "y": 384.0, "flipY": 0.0 } }, { "layer": 0.0, "object": "obj_doorE", "deleted": 0.0, "variables": { "x": 192.0, "flipX": 0.0, "y": 384.0, "flipY": 0.0 } }, { "layer": 0.0, "object": "obj_doorD", "deleted": 0.0, "variables": { "x": 192.0, "flipX": 0.0, "y": 384.0, "flipY": 0.0 } }, { "layer": 0.0, "object": "obj_doorF", "deleted": 0.0, "variables": { "x": 192.0, "flipX": 0.0, "y": 384.0, "flipY": 0.0 } }, { "layer": 0.0, "object": "obj_doorC", "deleted": 0.0, "variables": { "x": 192.0, "flipX": 0.0, "y": 384.0, "flipY": 0.0 } }, { "layer": 0.0, "object": "obj_doorG", "deleted": 0.0, "variables": { "x": 192.0, "flipX": 0.0, "y": 384.0, "flipY": 0.0 } }, { "layer": 0.0, "object": "obj_solid", "deleted": 0.0, "variables": { "x": 0.0, "flipX": 0.0, "y": 0.0, "flipY": 0.0, "image_xscale": 4.0, "image_yscale": 6.0 } }, { "layer": 0.0, "object": "obj_solid", "deleted": 0.0, "variables": { "x": 0.0, "flipX": 0.0, "y": 192.0, "flipY": 0.0, "image_xscale": 1.0, "image_yscale": 3.0 } }, { "layer": 0.0, "object": "obj_secretbigblock", "deleted": 0.0, "variables": { "x": 32.0, "flipX": 0.0, "y": 192.0, "flipY": 0.0, "image_xscale": 1.5, "image_yscale": 1.5, "particlespr": "spr_eyedebris" } }, { "layer": 0.0, "object": "obj_door", "deleted": 0.0, "variables": { "targetDoor": "D", "x": 32.0, "flipX": 0.0, "y": 192.0, "flipY": 0.0, "image_xscale": 1.0, "image_yscale": 1.0, "targetRoom": "main", "old": "true" } } ], "tile_data": { "5": { "928_320": { "flipX": 1.0, "flipY": 1.0, "tileset": "golfoutside\/tile_wtg1", "coord": [ 2.0, 2.0 ], "autotile_index": 0.0, "autotile": 1.0 }, "320_512": { "flipX": 1.0, "flipY": 1.0, "tileset": "golfoutside\/tile_wtg1", "coord": [ 2.0, 2.0 ], "autotile_index": 0.0, "autotile": 1.0 }, "832_64": { "flipX": 1.0, "flipY": 1.0, "tileset": "golfoutside\/tile_wtg1", "coord": [ 0.0, 1.0 ], "autotile_index": 0.0, "autotile": 1.0 }, "64_288": { "flipX": 1.0, "flipY": 1.0, "tileset": "golfoutside\/tile_wtg1", "coord": [ 3.0, 2.0 ], "autotile_index": 0.0, "autotile": 1.0 }, "864_352": { "flipX": 1.0, "flipY": 1.0, "tileset": "golfoutside\/tile_wtg1", "coord": [ 1.0, 2.0 ], "autotile_index": 0.0, "autotile": 1.0 }, "32_160": { "flipX": 1.0, "flipY": 1.0, "tileset": "golfoutside\/tile_wtg1", "coord": [ 2.0, 2.0 ], "autotile_index": 0.0, "autotile": 1.0 }, "224_448": { "flipX": 1.0, "flipY": 1.0, "tileset": "golfoutside\/tile_wtg1", "coord": [ 2.0, 1.0 ], "autotile_index": 0.0, "autotile": 1.0 }, "896_288": { "flipX": 1.0, "flipY": 1.0, "tileset": "golfoutside\/tile_wtg1", "coord": [ 2.0, 2.0 ], "autotile_index": 0.0, "autotile": 1.0 }, "256_416": { "flipX": 1.0, "flipY": 1.0, "tileset": "golfoutside\/tile_wtg1", "coord": [ 1.0, 0.0 ], "autotile_index": 0.0, "autotile": 1.0 }, "96_416": { "flipX": 1.0, "flipY": 1.0, "tileset": "golfoutside\/tile_wtg1", "coord": [ 6.0, 3.0 ], "autotile_index": 0.0, "autotile": 1.0 }, "896_160": { "flipX": 1.0, "flipY": 1.0, "tileset": "golfoutside\/tile_wtg1", "coord": [ 2.0, 2.0 ], "autotile_index": 0.0, "autotile": 1.0 }, "320_480": { "flipX": 1.0, "flipY": 1.0, "tileset": "golfoutside\/tile_wtg1", "coord": [ 2.0, 2.0 ], "autotile_index": 0.0, "autotile": 1.0 }, "96_384": { "flipX": 1.0, "flipY": 1.0, "tileset": "golfoutside\/tile_wtg1", "coord": [ 4.0, 1.0 ], "autotile_index": 0.0, "autotile": 1.0 }, "32_192": { "flipX": 1.0, "flipY": 1.0, "tileset": "golfoutside\/tile_wtg1", "coord": [ 2.0, 2.0 ], "autotile_index": 0.0, "autotile": 1.0 }, "96_192": { "flipX": 1.0, "flipY": 1.0, "tileset": "golfoutside\/tile_wtg1", "coord": [ 4.0, 1.0 ], "autotile_index": 0.0, "autotile": 1.0 }, "160_512": { "flipX": 1.0, "flipY": 1.0, "tileset": "golfoutside\/tile_wtg1", "coord": [ 2.0, 2.0 ], "autotile_index": 0.0, "autotile": 1.0 }, "864_416": { "flipX": 1.0, "flipY": 1.0, "tileset": "golfoutside\/tile_wtg1", "coord": [ 1.0, 2.0 ], "autotile_index": 0.0, "autotile": 1.0 }, "512_416": { "flipX": 1.0, "flipY": 1.0, "tileset": "golfoutside\/tile_wtg1", "coord": [ 3.0, 0.0 ], "autotile_index": 0.0, "autotile": 1.0 }, "288_320": { "flipX": 1.0, "flipY": 1.0, "tileset": "golfoutside\/tile_wtg1", "coord": [ 10.0, 19.0 ], "autotile_index": 0.0, "autotile": 0.0 }, "800_448": { "flipX": 1.0, "flipY": 1.0, "tileset": "golfoutside\/tile_wtg1", "coord": [ 2.0, 1.0 ], "autotile_index": 0.0, "autotile": 1.0 }, "128_480": { "flipX": 1.0, "flipY": 1.0, "tileset": "golfoutside\/tile_wtg1", "coord": [ 2.0, 2.0 ], "autotile_index": 0.0, "autotile": 1.0 }, "32_64": { "flipX": 1.0, "flipY": 1.0, "tileset": "golfoutside\/tile_wtg1", "coord": [ 2.0, 2.0 ], "autotile_index": 0.0, "autotile": 1.0 }, "96_160": { "flipX": 1.0, "flipY": 1.0, "tileset": "golfoutside\/tile_wtg1", "coord": [ 4.0, 3.0 ], "autotile_index": 0.0, "autotile": 1.0 }, "832_256": { "flipX": 1.0, "flipY": 1.0, "tileset": "golfoutside\/tile_wtg1", "coord": [ 0.0, 2.0 ], "autotile_index": 0.0, "autotile": 1.0 }, "832_160": { "flipX": 1.0, "flipY": 1.0, "tileset": "golfoutside\/tile_wtg1", "coord": [ 0.0, 2.0 ], "autotile_index": 0.0, "autotile": 1.0 }, "896_384": { "flipX": 1.0, "flipY": 1.0, "tileset": "golfoutside\/tile_wtg1", "coord": [ 2.0, 2.0 ], "autotile_index": 0.0, "autotile": 1.0 }, "896_448": { "flipX": 1.0, "flipY": 1.0, "tileset": "golfoutside\/tile_wtg1", "coord": [ 2.0, 2.0 ], "autotile_index": 0.0, "autotile": 1.0 }, "32_96": { "flipX": 1.0, "flipY": 1.0, "tileset": "golfoutside\/tile_wtg1", "coord": [ 2.0, 2.0 ], "autotile_index": 0.0, "autotile": 1.0 }, "896_32": { "flipX": 1.0, "flipY": 1.0, "tileset": "golfoutside\/tile_wtg1", "coord": [ 2.0, 2.0 ], "autotile_index": 0.0, "autotile": 1.0 }, "928_288": { "flipX": 1.0, "flipY": 1.0, "tileset": "golfoutside\/tile_wtg1", "coord": [ 2.0, 2.0 ], "autotile_index": 0.0, "autotile": 1.0 }, "736_416": { "flipX": 1.0, "flipY": 1.0, "tileset": "golfoutside\/tile_wtg1", "coord": [ 3.0, 0.0 ], "autotile_index": 0.0, "autotile": 1.0 }, "864_128": { "flipX": 1.0, "flipY": 1.0, "tileset": "golfoutside\/tile_wtg1", "coord": [ 1.0, 2.0 ], "autotile_index": 0.0, "autotile": 1.0 }, "864_192": { "flipX": 1.0, "flipY": 1.0, "tileset": "golfoutside\/tile_wtg1", "coord": [ 1.0, 2.0 ], "autotile_index": 0.0, "autotile": 1.0 }, "896_352": { "flipX": 1.0, "flipY": 1.0, "tileset": "golfoutside\/tile_wtg1", "coord": [ 2.0, 2.0 ], "autotile_index": 0.0, "autotile": 1.0 }, "32_32": { "flipX": 1.0, "flipY": 1.0, "tileset": "golfoutside\/tile_wtg1", "coord": [ 2.0, 2.0 ], "autotile_index": 0.0, "autotile": 1.0 }, "64_0": { "flipX": 1.0, "flipY": 1.0, "tileset": "golfoutside\/tile_wtg1", "coord": [ 3.0, 2.0 ], "autotile_index": 0.0, "autotile": 1.0 }, "928_160": { "flipX": 1.0, "flipY": 1.0, "tileset": "golfoutside\/tile_wtg1", "coord": [ 2.0, 2.0 ], "autotile_index": 0.0, "autotile": 1.0 }, "832_480": { "flipX": 1.0, "flipY": 1.0, "tileset": "golfoutside\/tile_wtg1", "coord": [ 2.0, 2.0 ], "autotile_index": 0.0, "autotile": 1.0 }, "32_448": { "flipX": 1.0, "flipY": 1.0, "tileset": "golfoutside\/tile_wtg1", "coord": [ 2.0, 2.0 ], "autotile_index": 0.0, "autotile": 1.0 }, "32_416": { "flipX": 1.0, "flipY": 1.0, "tileset": "golfoutside\/tile_wtg1", "coord": [ 2.0, 2.0 ], "autotile_index": 0.0, "autotile": 1.0 }, "864_32": { "flipX": 1.0, "flipY": 1.0, "tileset": "golfoutside\/tile_wtg1", "coord": [ 1.0, 2.0 ], "autotile_index": 0.0, "autotile": 1.0 }, "736_480": { "flipX": 1.0, "flipY": 1.0, "tileset": "golfoutside\/tile_wtg1", "coord": [ 2.0, 2.0 ], "autotile_index": 0.0, "autotile": 1.0 }, "0_192": { "flipX": 1.0, "flipY": 1.0, "tileset": "golfoutside\/tile_wtg1", "coord": [ 0.0, 18.0 ], "autotile_index": 0.0, "autotile": 0.0 }, "96_448": { "flipX": 1.0, "flipY": 1.0, "tileset": "golfoutside\/tile_wtg1", "coord": [ 2.0, 1.0 ], "autotile_index": 0.0, "autotile": 1.0 }, "64_320": { "flipX": 1.0, "flipY": 1.0, "tileset": "golfoutside\/tile_wtg1", "coord": [ 3.0, 2.0 ], "autotile_index": 0.0, "autotile": 1.0 }, "896_224": { "flipX": 1.0, "flipY": 1.0, "tileset": "golfoutside\/tile_wtg1", "coord": [ 2.0, 2.0 ], "autotile_index": 0.0, "autotile": 1.0 }, "928_192": { "flipX": 1.0, "flipY": 1.0, "tileset": "golfoutside\/tile_wtg1", "coord": [ 2.0, 2.0 ], "autotile_index": 0.0, "autotile": 1.0 }, "96_32": { "flipX": 1.0, "flipY": 1.0, "tileset": "golfoutside\/tile_wtg1", "coord": [ 4.0, 2.0 ], "autotile_index": 0.0, "autotile": 1.0 }, "544_512": { "flipX": 1.0, "flipY": 1.0, "tileset": "golfoutside\/tile_wtg1", "coord": [ 2.0, 2.0 ], "autotile_index": 0.0, "autotile": 1.0 }, "672_448": { "flipX": 1.0, "flipY": 1.0, "tileset": "golfoutside\/tile_wtg1", "coord": [ 2.0, 1.0 ], "autotile_index": 0.0, "autotile": 1.0 }, "416_416": { "flipX": 1.0, "flipY": 1.0, "tileset": "golfoutside\/tile_wtg1", "coord": [ 2.0, 0.0 ], "autotile_index": 0.0, "autotile": 1.0 }, "832_384": { "flipX": 1.0, "flipY": 1.0, "tileset": "golfoutside\/tile_wtg1", "coord": [ 0.0, 3.0 ], "autotile_index": 0.0, "autotile": 1.0 }, "0_352": { "flipX": 1.0, "flipY": 1.0, "tileset": "golfoutside\/tile_wtg1", "coord": [ 2.0, 2.0 ], "autotile_index": 0.0, "autotile": 1.0 }, "64_192": { "flipX": 1.0, "flipY": 1.0, "tileset": "golfoutside\/tile_wtg1", "coord": [ 3.0, 2.0 ], "autotile_index": 0.0, "autotile": 1.0 }, "192_416": { "flipX": 1.0, "flipY": 1.0, "tileset": "golfoutside\/tile_wtg1", "coord": [ 1.0, 0.0 ], "autotile_index": 0.0, "autotile": 1.0 }, "832_352": { "flipX": 1.0, "flipY": 1.0, "tileset": "golfoutside\/tile_wtg1", "coord": [ 0.0, 3.0 ], "autotile_index": 0.0, "autotile": 1.0 }, "128_448": { "flipX": 1.0, "flipY": 1.0, "tileset": "golfoutside\/tile_wtg1", "coord": [ 2.0, 1.0 ], "autotile_index": 0.0, "autotile": 1.0 }, "320_448": { "flipX": 1.0, "flipY": 1.0, "tileset": "golfoutside\/tile_wtg1", "coord": [ 2.0, 1.0 ], "autotile_index": 0.0, "autotile": 1.0 }, "576_480": { "flipX": 1.0, "flipY": 1.0, "tileset": "golfoutside\/tile_wtg1", "coord": [ 2.0, 2.0 ], "autotile_index": 0.0, "autotile": 1.0 }, "288_512": { "flipX": 1.0, "flipY": 1.0, "tileset": "golfoutside\/tile_wtg1", "coord": [ 2.0, 2.0 ], "autotile_index": 0.0, "autotile": 1.0 }, "288_352": { "flipX": 1.0, "flipY": 1.0, "tileset": "golfoutside\/tile_wtg1", "coord": [ 10.0, 20.0 ], "autotile_index": 0.0, "autotile": 0.0 }, "32_128": { "flipX": 1.0, "flipY": 1.0, "tileset": "golfoutside\/tile_wtg1", "coord": [ 2.0, 2.0 ], "autotile_index": 0.0, "autotile": 1.0 }, "512_512": { "flipX": 1.0, "flipY": 1.0, "tileset": "golfoutside\/tile_wtg1", "coord": [ 2.0, 2.0 ], "autotile_index": 0.0, "autotile": 1.0 }, "384_416": { "flipX": 1.0, "flipY": 1.0, "tileset": "golfoutside\/tile_wtg1", "coord": [ 1.0, 0.0 ], "autotile_index": 0.0, "autotile": 1.0 }, "864_160": { "flipX": 1.0, "flipY": 1.0, "tileset": "golfoutside\/tile_wtg1", "coord": [ 1.0, 2.0 ], "autotile_index": 0.0, "autotile": 1.0 }, "864_64": { "flipX": 1.0, "flipY": 1.0, "tileset": "golfoutside\/tile_wtg1", "coord": [ 1.0, 2.0 ], "autotile_index": 0.0, "autotile": 1.0 }, "352_480": { "flipX": 1.0, "flipY": 1.0, "tileset": "golfoutside\/tile_wtg1", "coord": [ 2.0, 2.0 ], "autotile_index": 0.0, "autotile": 1.0 }, "832_128": { "flipX": 1.0, "flipY": 1.0, "tileset": "golfoutside\/tile_wtg1", "coord": [ 0.0, 2.0 ], "autotile_index": 0.0, "autotile": 1.0 }, "480_416": { "flipX": 1.0, "flipY": 1.0, "tileset": "golfoutside\/tile_wtg1", "coord": [ 2.0, 0.0 ], "autotile_index": 0.0, "autotile": 1.0 }, "896_128": { "flipX": 1.0, "flipY": 1.0, "tileset": "golfoutside\/tile_wtg1", "coord": [ 2.0, 2.0 ], "autotile_index": 0.0, "autotile": 1.0 }, "64_352": { "flipX": 1.0, "flipY": 1.0, "tileset": "golfoutside\/tile_wtg1", "coord": [ 3.0, 2.0 ], "autotile_index": 0.0, "autotile": 1.0 }, "64_416": { "flipX": 1.0, "flipY": 1.0, "tileset": "golfoutside\/tile_wtg1", "coord": [ 3.0, 2.0 ], "autotile_index": 0.0, "autotile": 1.0 }, "416_448": { "flipX": 1.0, "flipY": 1.0, "tileset": "golfoutside\/tile_wtg1", "coord": [ 2.0, 1.0 ], "autotile_index": 0.0, "autotile": 1.0 }, "928_32": { "flipX": 1.0, "flipY": 1.0, "tileset": "golfoutside\/tile_wtg1", "coord": [ 2.0, 2.0 ], "autotile_index": 0.0, "autotile": 1.0 }, "768_512": { "flipX": 1.0, "flipY": 1.0, "tileset": "golfoutside\/tile_wtg1", "coord": [ 2.0, 2.0 ], "autotile_index": 0.0, "autotile": 1.0 }, "64_32": { "flipX": 1.0, "flipY": 1.0, "tileset": "golfoutside\/tile_wtg1", "coord": [ 3.0, 2.0 ], "autotile_index": 0.0, "autotile": 1.0 }, "768_448": { "flipX": 1.0, "flipY": 1.0, "tileset": "golfoutside\/tile_wtg1", "coord": [ 2.0, 1.0 ], "autotile_index": 0.0, "autotile": 1.0 }, "192_480": { "flipX": 1.0, "flipY": 1.0, "tileset": "golfoutside\/tile_wtg1", "coord": [ 2.0, 2.0 ], "autotile_index": 0.0, "autotile": 1.0 }, "96_96": { "flipX": 1.0, "flipY": 1.0, "tileset": "golfoutside\/tile_wtg1", "coord": [ 4.0, 3.0 ], "autotile_index": 0.0, "autotile": 1.0 }, "32_256": { "flipX": 1.0, "flipY": 1.0, "tileset": "golfoutside\/tile_wtg1", "coord": [ 2.0, 2.0 ], "autotile_index": 0.0, "autotile": 1.0 }, "736_512": { "flipX": 1.0, "flipY": 1.0, "tileset": "golfoutside\/tile_wtg1", "coord": [ 2.0, 2.0 ], "autotile_index": 0.0, "autotile": 1.0 }, "96_64": { "flipX": 1.0, "flipY": 1.0, "tileset": "golfoutside\/tile_wtg1", "coord": [ 4.0, 1.0 ], "autotile_index": 0.0, "autotile": 1.0 }, "256_448": { "flipX": 1.0, "flipY": 1.0, "tileset": "golfoutside\/tile_wtg1", "coord": [ 2.0, 1.0 ], "autotile_index": 0.0, "autotile": 1.0 }, "864_0": { "flipX": 1.0, "flipY": 1.0, "tileset": "golfoutside\/tile_wtg1", "coord": [ 1.0, 2.0 ], "autotile_index": 0.0, "autotile": 1.0 }, "608_480": { "flipX": 1.0, "flipY": 1.0, "tileset": "golfoutside\/tile_wtg1", "coord": [ 2.0, 2.0 ], "autotile_index": 0.0, "autotile": 1.0 }, "800_480": { "flipX": 1.0, "flipY": 1.0, "tileset": "golfoutside\/tile_wtg1", "coord": [ 2.0, 2.0 ], "autotile_index": 0.0, "autotile": 1.0 }, "0_288": { "flipX": 1.0, "flipY": 1.0, "tileset": "golfoutside\/tile_wtg1", "coord": [ 2.0, 2.0 ], "autotile_index": 0.0, "autotile": 1.0 }, "864_256": { "flipX": 1.0, "flipY": 1.0, "tileset": "golfoutside\/tile_wtg1", "coord": [ 1.0, 2.0 ], "autotile_index": 0.0, "autotile": 1.0 }, "864_288": { "flipX": 1.0, "flipY": 1.0, "tileset": "golfoutside\/tile_wtg1", "coord": [ 1.0, 2.0 ], "autotile_index": 0.0, "autotile": 1.0 }, "800_416": { "flipX": 1.0, "flipY": 1.0, "tileset": "golfoutside\/tile_wtg1", "coord": [ 2.0, 0.0 ], "autotile_index": 0.0, "autotile": 1.0 }, "768_480": { "flipX": 1.0, "flipY": 1.0, "tileset": "golfoutside\/tile_wtg1", "coord": [ 2.0, 2.0 ], "autotile_index": 0.0, "autotile": 1.0 }, "928_256": { "flipX": 1.0, "flipY": 1.0, "tileset": "golfoutside\/tile_wtg1", "coord": [ 2.0, 2.0 ], "autotile_index": 0.0, "autotile": 1.0 }, "448_480": { "flipX": 1.0, "flipY": 1.0, "tileset": "golfoutside\/tile_wtg1", "coord": [ 2.0, 2.0 ], "autotile_index": 0.0, "autotile": 1.0 }, "64_160": { "flipX": 1.0, "flipY": 1.0, "tileset": "golfoutside\/tile_wtg1", "coord": [ 3.0, 2.0 ], "autotile_index": 0.0, "autotile": 1.0 }, "288_416": { "flipX": 1.0, "flipY": 1.0, "tileset": "golfoutside\/tile_wtg1", "coord": [ 3.0, 0.0 ], "autotile_index": 0.0, "autotile": 1.0 }, "416_480": { "flipX": 1.0, "flipY": 1.0, "tileset": "golfoutside\/tile_wtg1", "coord": [ 2.0, 2.0 ], "autotile_index": 0.0, "autotile": 1.0 }, "32_224": { "flipX": 1.0, "flipY": 1.0, "tileset": "golfoutside\/tile_wtg1", "coord": [ 2.0, 2.0 ], "autotile_index": 0.0, "autotile": 1.0 }, "0_384": { "flipX": 1.0, "flipY": 1.0, "tileset": "golfoutside\/tile_wtg1", "coord": [ 2.0, 2.0 ], "autotile_index": 0.0, "autotile": 1.0 }, "864_320": { "flipX": 1.0, "flipY": 1.0, "tileset": "golfoutside\/tile_wtg1", "coord": [ 1.0, 2.0 ], "autotile_index": 0.0, "autotile": 1.0 }, "896_480": { "flipX": 1.0, "flipY": 1.0, "tileset": "golfoutside\/tile_wtg1", "coord": [ 2.0, 2.0 ], "autotile_index": 0.0, "autotile": 1.0 }, "544_448": { "flipX": 1.0, "flipY": 1.0, "tileset": "golfoutside\/tile_wtg1", "coord": [ 2.0, 1.0 ], "autotile_index": 0.0, "autotile": 1.0 }, "928_224": { "flipX": 1.0, "flipY": 1.0, "tileset": "golfoutside\/tile_wtg1", "coord": [ 2.0, 2.0 ], "autotile_index": 0.0, "autotile": 1.0 }, "384_448": { "flipX": 1.0, "flipY": 1.0, "tileset": "golfoutside\/tile_wtg1", "coord": [ 2.0, 1.0 ], "autotile_index": 0.0, "autotile": 1.0 }, "896_64": { "flipX": 1.0, "flipY": 1.0, "tileset": "golfoutside\/tile_wtg1", "coord": [ 2.0, 2.0 ], "autotile_index": 0.0, "autotile": 1.0 }, "704_416": { "flipX": 1.0, "flipY": 1.0, "tileset": "golfoutside\/tile_wtg1", "coord": [ 3.0, 0.0 ], "autotile_index": 0.0, "autotile": 1.0 }, "64_96": { "flipX": 1.0, "flipY": 1.0, "tileset": "golfoutside\/tile_wtg1", "coord": [ 3.0, 2.0 ], "autotile_index": 0.0, "autotile": 1.0 }, "608_448": { "flipX": 1.0, "flipY": 1.0, "tileset": "golfoutside\/tile_wtg1", "coord": [ 2.0, 1.0 ], "autotile_index": 0.0, "autotile": 1.0 }, "864_384": { "flipX": 1.0, "flipY": 1.0, "tileset": "golfoutside\/tile_wtg1", "coord": [ 1.0, 2.0 ], "autotile_index": 0.0, "autotile": 1.0 }, "384_512": { "flipX": 1.0, "flipY": 1.0, "tileset": "golfoutside\/tile_wtg1", "coord": [ 2.0, 2.0 ], "autotile_index": 0.0, "autotile": 1.0 }, "288_384": { "flipX": 1.0, "flipY": 1.0, "tileset": "golfoutside\/tile_wtg1", "coord": [ 10.0, 21.0 ], "autotile_index": 0.0, "autotile": 0.0 }, "448_512": { "flipX": 1.0, "flipY": 1.0, "tileset": "golfoutside\/tile_wtg1", "coord": [ 2.0, 2.0 ], "autotile_index": 0.0, "autotile": 1.0 }, "576_448": { "flipX": 1.0, "flipY": 1.0, "tileset": "golfoutside\/tile_wtg1", "coord": [ 2.0, 1.0 ], "autotile_index": 0.0, "autotile": 1.0 }, "928_416": { "flipX": 1.0, "flipY": 1.0, "tileset": "golfoutside\/tile_wtg1", "coord": [ 2.0, 2.0 ], "autotile_index": 0.0, "autotile": 1.0 }, "96_480": { "flipX": 1.0, "flipY": 1.0, "tileset": "golfoutside\/tile_wtg1", "coord": [ 2.0, 2.0 ], "autotile_index": 0.0, "autotile": 1.0 }, "256_480": { "flipX": 1.0, "flipY": 1.0, "tileset": "golfoutside\/tile_wtg1", "coord": [ 2.0, 2.0 ], "autotile_index": 0.0, "autotile": 1.0 }, "480_448": { "flipX": 1.0, "flipY": 1.0, "tileset": "golfoutside\/tile_wtg1", "coord": [ 2.0, 1.0 ], "autotile_index": 0.0, "autotile": 1.0 }, "32_384": { "flipX": 1.0, "flipY": 1.0, "tileset": "golfoutside\/tile_wtg1", "coord": [ 2.0, 2.0 ], "autotile_index": 0.0, "autotile": 1.0 }, "832_192": { "flipX": 1.0, "flipY": 1.0, "tileset": "golfoutside\/tile_wtg1", "coord": [ 0.0, 2.0 ], "autotile_index": 0.0, "autotile": 1.0 }, "864_480": { "flipX": 1.0, "flipY": 1.0, "tileset": "golfoutside\/tile_wtg1", "coord": [ 2.0, 2.0 ], "autotile_index": 0.0, "autotile": 1.0 }, "192_512": { "flipX": 1.0, "flipY": 1.0, "tileset": "golfoutside\/tile_wtg1", "coord": [ 2.0, 2.0 ], "autotile_index": 0.0, "autotile": 1.0 }, "0_160": { "flipX": 1.0, "flipY": 1.0, "tileset": "golfoutside\/tile_wtg1", "coord": [ 0.0, 14.0 ], "autotile_index": 0.0, "autotile": 0.0 }, "640_480": { "flipX": 1.0, "flipY": 1.0, "tileset": "golfoutside\/tile_wtg1", "coord": [ 2.0, 2.0 ], "autotile_index": 0.0, "autotile": 1.0 }, "0_512": { "flipX": 1.0, "flipY": 1.0, "tileset": "golfoutside\/tile_wtg1", "coord": [ 2.0, 2.0 ], "autotile_index": 0.0, "autotile": 1.0 }, "480_512": { "flipX": 1.0, "flipY": 1.0, "tileset": "golfoutside\/tile_wtg1", "coord": [ 2.0, 2.0 ], "autotile_index": 0.0, "autotile": 1.0 }, "64_384": { "flipX": 1.0, "flipY": 1.0, "tileset": "golfoutside\/tile_wtg1", "coord": [ 3.0, 2.0 ], "autotile_index": 0.0, "autotile": 1.0 }, "128_512": { "flipX": 1.0, "flipY": 1.0, "tileset": "golfoutside\/tile_wtg1", "coord": [ 2.0, 2.0 ], "autotile_index": 0.0, "autotile": 1.0 }, "896_256": { "flipX": 1.0, "flipY": 1.0, "tileset": "golfoutside\/tile_wtg1", "coord": [ 2.0, 2.0 ], "autotile_index": 0.0, "autotile": 1.0 }, "0_32": { "flipX": 1.0, "flipY": 1.0, "tileset": "golfoutside\/tile_wtg1", "coord": [ 2.0, 2.0 ], "autotile_index": 0.0, "autotile": 1.0 }, "672_480": { "flipX": 1.0, "flipY": 1.0, "tileset": "golfoutside\/tile_wtg1", "coord": [ 2.0, 2.0 ], "autotile_index": 0.0, "autotile": 1.0 }, "768_416": { "flipX": 1.0, "flipY": 1.0, "tileset": "golfoutside\/tile_wtg1", "coord": [ 2.0, 0.0 ], "autotile_index": 0.0, "autotile": 1.0 }, "256_512": { "flipX": 1.0, "flipY": 1.0, "tileset": "golfoutside\/tile_wtg1", "coord": [ 2.0, 2.0 ], "autotile_index": 0.0, "autotile": 1.0 }, "896_416": { "flipX": 1.0, "flipY": 1.0, "tileset": "golfoutside\/tile_wtg1", "coord": [ 2.0, 2.0 ], "autotile_index": 0.0, "autotile": 1.0 }, "64_480": { "flipX": 1.0, "flipY": 1.0, "tileset": "golfoutside\/tile_wtg1", "coord": [ 2.0, 2.0 ], "autotile_index": 0.0, "autotile": 1.0 }, "96_224": { "flipX": 1.0, "flipY": 1.0, "tileset": "golfoutside\/tile_wtg1", "coord": [ 4.0, 3.0 ], "autotile_index": 0.0, "autotile": 1.0 }, "0_64": { "flipX": 1.0, "flipY": 1.0, "tileset": "golfoutside\/tile_wtg1", "coord": [ 2.0, 2.0 ], "autotile_index": 0.0, "autotile": 1.0 }, "928_384": { "flipX": 1.0, "flipY": 1.0, "tileset": "golfoutside\/tile_wtg1", "coord": [ 2.0, 2.0 ], "autotile_index": 0.0, "autotile": 1.0 }, "832_288": { "flipX": 1.0, "flipY": 1.0, "tileset": "golfoutside\/tile_wtg1", "coord": [ 0.0, 3.0 ], "autotile_index": 0.0, "autotile": 1.0 }, "640_416": { "flipX": 1.0, "flipY": 1.0, "tileset": "golfoutside\/tile_wtg1", "coord": [ 1.0, 0.0 ], "autotile_index": 0.0, "autotile": 1.0 }, "928_352": { "flipX": 1.0, "flipY": 1.0, "tileset": "golfoutside\/tile_wtg1", "coord": [ 2.0, 2.0 ], "autotile_index": 0.0, "autotile": 1.0 }, "928_96": { "flipX": 1.0, "flipY": 1.0, "tileset": "golfoutside\/tile_wtg1", "coord": [ 2.0, 2.0 ], "autotile_index": 0.0, "autotile": 1.0 }, "32_320": { "flipX": 1.0, "flipY": 1.0, "tileset": "golfoutside\/tile_wtg1", "coord": [ 2.0, 2.0 ], "autotile_index": 0.0, "autotile": 1.0 }, "832_224": { "flipX": 1.0, "flipY": 1.0, "tileset": "golfoutside\/tile_wtg1", "coord": [ 0.0, 2.0 ], "autotile_index": 0.0, "autotile": 1.0 }, "544_480": { "flipX": 1.0, "flipY": 1.0, "tileset": "golfoutside\/tile_wtg1", "coord": [ 2.0, 2.0 ], "autotile_index": 0.0, "autotile": 1.0 }, "576_512": { "flipX": 1.0, "flipY": 1.0, "tileset": "golfoutside\/tile_wtg1", "coord": [ 2.0, 2.0 ], "autotile_index": 0.0, "autotile": 1.0 }, "0_416": { "flipX": 1.0, "flipY": 1.0, "tileset": "golfoutside\/tile_wtg1", "coord": [ 2.0, 2.0 ], "autotile_index": 0.0, "autotile": 1.0 }, "256_320": { "flipX": 1.0, "flipY": 1.0, "tileset": "golfoutside\/tile_wtg1", "coord": [ 9.0, 19.0 ], "autotile_index": 0.0, "autotile": 0.0 }, "672_416": { "flipX": 1.0, "flipY": 1.0, "tileset": "golfoutside\/tile_wtg1", "coord": [ 2.0, 0.0 ], "autotile_index": 0.0, "autotile": 1.0 }, "704_512": { "flipX": 1.0, "flipY": 1.0, "tileset": "golfoutside\/tile_wtg1", "coord": [ 2.0, 2.0 ], "autotile_index": 0.0, "autotile": 1.0 }, "864_448": { "flipX": 1.0, "flipY": 1.0, "tileset": "golfoutside\/tile_wtg1", "coord": [ 9.0, 4.0 ], "autotile_index": 0.0, "autotile": 1.0 }, "928_128": { "flipX": 1.0, "flipY": 1.0, "tileset": "golfoutside\/tile_wtg1", "coord": [ 2.0, 2.0 ], "autotile_index": 0.0, "autotile": 1.0 }, "832_448": { "flipX": 1.0, "flipY": 1.0, "tileset": "golfoutside\/tile_wtg1", "coord": [ 2.0, 1.0 ], "autotile_index": 0.0, "autotile": 1.0 }, "96_0": { "flipX": 1.0, "flipY": 1.0, "tileset": "golfoutside\/tile_wtg1", "coord": [ 4.0, 3.0 ], "autotile_index": 0.0, "autotile": 1.0 }, "160_448": { "flipX": 1.0, "flipY": 1.0, "tileset": "golfoutside\/tile_wtg1", "coord": [ 2.0, 1.0 ], "autotile_index": 0.0, "autotile": 1.0 }, "352_448": { "flipX": 1.0, "flipY": 1.0, "tileset": "golfoutside\/tile_wtg1", "coord": [ 2.0, 1.0 ], "autotile_index": 0.0, "autotile": 1.0 }, "96_128": { "flipX": 1.0, "flipY": 1.0, "tileset": "golfoutside\/tile_wtg1", "coord": [ 4.0, 2.0 ], "autotile_index": 0.0, "autotile": 1.0 }, "352_416": { "flipX": 1.0, "flipY": 1.0, "tileset": "golfoutside\/tile_wtg1", "coord": [ 1.0, 0.0 ], "autotile_index": 0.0, "autotile": 1.0 }, "96_288": { "flipX": 1.0, "flipY": 1.0, "tileset": "golfoutside\/tile_wtg1", "coord": [ 4.0, 3.0 ], "autotile_index": 0.0, "autotile": 1.0 }, "32_0": { "flipX": 1.0, "flipY": 1.0, "tileset": "golfoutside\/tile_wtg1", "coord": [ 2.0, 2.0 ], "autotile_index": 0.0, "autotile": 1.0 }, "416_512": { "flipX": 1.0, "flipY": 1.0, "tileset": "golfoutside\/tile_wtg1", "coord": [ 2.0, 2.0 ], "autotile_index": 0.0, "autotile": 1.0 }, "672_512": { "flipX": 1.0, "flipY": 1.0, "tileset": "golfoutside\/tile_wtg1", "coord": [ 2.0, 2.0 ], "autotile_index": 0.0, "autotile": 1.0 }, "128_416": { "flipX": 1.0, "flipY": 1.0, "tileset": "golfoutside\/tile_wtg1", "coord": [ 2.0, 0.0 ], "autotile_index": 0.0, "autotile": 1.0 }, "32_512": { "flipX": 1.0, "flipY": 1.0, "tileset": "golfoutside\/tile_wtg1", "coord": [ 2.0, 2.0 ], "autotile_index": 0.0, "autotile": 1.0 }, "160_416": { "flipX": 1.0, "flipY": 1.0, "tileset": "golfoutside\/tile_wtg1", "coord": [ 2.0, 0.0 ], "autotile_index": 0.0, "autotile": 1.0 }, "544_416": { "flipX": 1.0, "flipY": 1.0, "tileset": "golfoutside\/tile_wtg1", "coord": [ 1.0, 0.0 ], "autotile_index": 0.0, "autotile": 1.0 }, "96_512": { "flipX": 1.0, "flipY": 1.0, "tileset": "golfoutside\/tile_wtg1", "coord": [ 2.0, 2.0 ], "autotile_index": 0.0, "autotile": 1.0 }, "832_416": { "flipX": 1.0, "flipY": 1.0, "tileset": "golfoutside\/tile_wtg1", "coord": [ 8.0, 3.0 ], "autotile_index": 0.0, "autotile": 1.0 }, "576_416": { "flipX": 1.0, "flipY": 1.0, "tileset": "golfoutside\/tile_wtg1", "coord": [ 3.0, 0.0 ], "autotile_index": 0.0, "autotile": 1.0 }, "192_448": { "flipX": 1.0, "flipY": 1.0, "tileset": "golfoutside\/tile_wtg1", "coord": [ 2.0, 1.0 ], "autotile_index": 0.0, "autotile": 1.0 }, "608_416": { "flipX": 1.0, "flipY": 1.0, "tileset": "golfoutside\/tile_wtg1", "coord": [ 2.0, 0.0 ], "autotile_index": 0.0, "autotile": 1.0 }, "704_480": { "flipX": 1.0, "flipY": 1.0, "tileset": "golfoutside\/tile_wtg1", "coord": [ 2.0, 2.0 ], "autotile_index": 0.0, "autotile": 1.0 }, "64_448": { "flipX": 1.0, "flipY": 1.0, "tileset": "golfoutside\/tile_wtg1", "coord": [ 5.0, 4.0 ], "autotile_index": 0.0, "autotile": 1.0 }, "288_480": { "flipX": 1.0, "flipY": 1.0, "tileset": "golfoutside\/tile_wtg1", "coord": [ 2.0, 2.0 ], "autotile_index": 0.0, "autotile": 1.0 }, "0_224": { "flipX": 1.0, "flipY": 1.0, "tileset": "golfoutside\/tile_wtg1", "coord": [ 1.0, 15.0 ], "autotile_index": 0.0, "autotile": 0.0 }, "32_480": { "flipX": 1.0, "flipY": 1.0, "tileset": "golfoutside\/tile_wtg1", "coord": [ 2.0, 2.0 ], "autotile_index": 0.0, "autotile": 1.0 }, "448_448": { "flipX": 1.0, "flipY": 1.0, "tileset": "golfoutside\/tile_wtg1", "coord": [ 2.0, 1.0 ], "autotile_index": 0.0, "autotile": 1.0 }, "0_256": { "flipX": 1.0, "flipY": 1.0, "tileset": "golfoutside\/tile_wtg1", "coord": [ 3.0, 13.0 ], "autotile_index": 0.0, "autotile": 0.0 }, "64_224": { "flipX": 1.0, "flipY": 1.0, "tileset": "golfoutside\/tile_wtg1", "coord": [ 3.0, 2.0 ], "autotile_index": 0.0, "autotile": 1.0 }, "832_32": { "flipX": 1.0, "flipY": 1.0, "tileset": "golfoutside\/tile_wtg1", "coord": [ 0.0, 3.0 ], "autotile_index": 0.0, "autotile": 1.0 }, "896_0": { "flipX": 1.0, "flipY": 1.0, "tileset": "golfoutside\/tile_wtg1", "coord": [ 2.0, 2.0 ], "autotile_index": 0.0, "autotile": 1.0 }, "832_96": { "flipX": 1.0, "flipY": 1.0, "tileset": "golfoutside\/tile_wtg1", "coord": [ 0.0, 1.0 ], "autotile_index": 0.0, "autotile": 1.0 }, "160_480": { "flipX": 1.0, "flipY": 1.0, "tileset": "golfoutside\/tile_wtg1", "coord": [ 2.0, 2.0 ], "autotile_index": 0.0, "autotile": 1.0 }, "0_480": { "flipX": 1.0, "flipY": 1.0, "tileset": "golfoutside\/tile_wtg1", "coord": [ 2.0, 2.0 ], "autotile_index": 0.0, "autotile": 1.0 }, "832_0": { "flipX": 1.0, "flipY": 1.0, "tileset": "golfoutside\/tile_wtg1", "coord": [ 0.0, 1.0 ], "autotile_index": 0.0, "autotile": 1.0 }, "640_512": { "flipX": 1.0, "flipY": 1.0, "tileset": "golfoutside\/tile_wtg1", "coord": [ 2.0, 2.0 ], "autotile_index": 0.0, "autotile": 1.0 }, "0_96": { "flipX": 1.0, "flipY": 1.0, "tileset": "golfoutside\/tile_wtg1", "coord": [ 2.0, 2.0 ], "autotile_index": 0.0, "autotile": 1.0 }, "608_512": { "flipX": 1.0, "flipY": 1.0, "tileset": "golfoutside\/tile_wtg1", "coord": [ 2.0, 2.0 ], "autotile_index": 0.0, "autotile": 1.0 }, "256_384": { "flipX": 1.0, "flipY": 1.0, "tileset": "golfoutside\/tile_wtg1", "coord": [ 9.0, 21.0 ], "autotile_index": 0.0, "autotile": 0.0 }, "64_64": { "flipX": 1.0, "flipY": 1.0, "tileset": "golfoutside\/tile_wtg1", "coord": [ 3.0, 2.0 ], "autotile_index": 0.0, "autotile": 1.0 }, "448_416": { "flipX": 1.0, "flipY": 1.0, "tileset": "golfoutside\/tile_wtg1", "coord": [ 2.0, 0.0 ], "autotile_index": 0.0, "autotile": 1.0 }, "96_320": { "flipX": 1.0, "flipY": 1.0, "tileset": "golfoutside\/tile_wtg1", "coord": [ 4.0, 2.0 ], "autotile_index": 0.0, "autotile": 1.0 }, "736_448": { "flipX": 1.0, "flipY": 1.0, "tileset": "golfoutside\/tile_wtg1", "coord": [ 2.0, 1.0 ], "autotile_index": 0.0, "autotile": 1.0 }, "896_192": { "flipX": 1.0, "flipY": 1.0, "tileset": "golfoutside\/tile_wtg1", "coord": [ 2.0, 2.0 ], "autotile_index": 0.0, "autotile": 1.0 }, "320_416": { "flipX": 1.0, "flipY": 1.0, "tileset": "golfoutside\/tile_wtg1", "coord": [ 1.0, 0.0 ], "autotile_index": 0.0, "autotile": 1.0 }, "832_512": { "flipX": 1.0, "flipY": 1.0, "tileset": "golfoutside\/tile_wtg1", "coord": [ 2.0, 2.0 ], "autotile_index": 0.0, "autotile": 1.0 }, "896_96": { "flipX": 1.0, "flipY": 1.0, "tileset": "golfoutside\/tile_wtg1", "coord": [ 2.0, 2.0 ], "autotile_index": 0.0, "autotile": 1.0 }, "512_448": { "flipX": 1.0, "flipY": 1.0, "tileset": "golfoutside\/tile_wtg1", "coord": [ 2.0, 1.0 ], "autotile_index": 0.0, "autotile": 1.0 }, "928_480": { "flipX": 1.0, "flipY": 1.0, "tileset": "golfoutside\/tile_wtg1", "coord": [ 2.0, 2.0 ], "autotile_index": 0.0, "autotile": 1.0 }, "288_448": { "flipX": 1.0, "flipY": 1.0, "tileset": "golfoutside\/tile_wtg1", "coord": [ 2.0, 1.0 ], "autotile_index": 0.0, "autotile": 1.0 }, "64_128": { "flipX": 1.0, "flipY": 1.0, "tileset": "golfoutside\/tile_wtg1", "coord": [ 3.0, 2.0 ], "autotile_index": 0.0, "autotile": 1.0 }, "832_320": { "flipX": 1.0, "flipY": 1.0, "tileset": "golfoutside\/tile_wtg1", "coord": [ 0.0, 2.0 ], "autotile_index": 0.0, "autotile": 1.0 }, "512_480": { "flipX": 1.0, "flipY": 1.0, "tileset": "golfoutside\/tile_wtg1", "coord": [ 2.0, 2.0 ], "autotile_index": 0.0, "autotile": 1.0 }, "864_512": { "flipX": 1.0, "flipY": 1.0, "tileset": "golfoutside\/tile_wtg1", "coord": [ 2.0, 2.0 ], "autotile_index": 0.0, "autotile": 1.0 }, "0_128": { "flipX": 1.0, "flipY": 1.0, "tileset": "golfoutside\/tile_wtg1", "coord": [ 2.0, 2.0 ], "autotile_index": 0.0, "autotile": 1.0 }, "896_512": { "flipX": 1.0, "flipY": 1.0, "tileset": "golfoutside\/tile_wtg1", "coord": [ 2.0, 2.0 ], "autotile_index": 0.0, "autotile": 1.0 }, "896_320": { "flipX": 1.0, "flipY": 1.0, "tileset": "golfoutside\/tile_wtg1", "coord": [ 2.0, 2.0 ], "autotile_index": 0.0, "autotile": 1.0 }, "928_448": { "flipX": 1.0, "flipY": 1.0, "tileset": "golfoutside\/tile_wtg1", "coord": [ 2.0, 2.0 ], "autotile_index": 0.0, "autotile": 1.0 }, "928_64": { "flipX": 1.0, "flipY": 1.0, "tileset": "golfoutside\/tile_wtg1", "coord": [ 2.0, 2.0 ], "autotile_index": 0.0, "autotile": 1.0 }, "480_480": { "flipX": 1.0, "flipY": 1.0, "tileset": "golfoutside\/tile_wtg1", "coord": [ 2.0, 2.0 ], "autotile_index": 0.0, "autotile": 1.0 }, "64_256": { "flipX": 1.0, "flipY": 1.0, "tileset": "golfoutside\/tile_wtg1", "coord": [ 3.0, 2.0 ], "autotile_index": 0.0, "autotile": 1.0 }, "224_416": { "flipX": 1.0, "flipY": 1.0, "tileset": "golfoutside\/tile_wtg1", "coord": [ 1.0, 0.0 ], "autotile_index": 0.0, "autotile": 1.0 }, "32_288": { "flipX": 1.0, "flipY": 1.0, "tileset": "golfoutside\/tile_wtg1", "coord": [ 2.0, 2.0 ], "autotile_index": 0.0, "autotile": 1.0 }, "704_448": { "flipX": 1.0, "flipY": 1.0, "tileset": "golfoutside\/tile_wtg1", "coord": [ 2.0, 1.0 ], "autotile_index": 0.0, "autotile": 1.0 }, "256_352": { "flipX": 1.0, "flipY": 1.0, "tileset": "golfoutside\/tile_wtg1", "coord": [ 9.0, 20.0 ], "autotile_index": 0.0, "autotile": 0.0 }, "0_448": { "flipX": 1.0, "flipY": 1.0, "tileset": "golfoutside\/tile_wtg1", "coord": [ 2.0, 2.0 ], "autotile_index": 0.0, "autotile": 1.0 }, "32_352": { "flipX": 1.0, "flipY": 1.0, "tileset": "golfoutside\/tile_wtg1", "coord": [ 2.0, 2.0 ], "autotile_index": 0.0, "autotile": 1.0 }, "640_448": { "flipX": 1.0, "flipY": 1.0, "tileset": "golfoutside\/tile_wtg1", "coord": [ 2.0, 1.0 ], "autotile_index": 0.0, "autotile": 1.0 }, "224_512": { "flipX": 1.0, "flipY": 1.0, "tileset": "golfoutside\/tile_wtg1", "coord": [ 2.0, 2.0 ], "autotile_index": 0.0, "autotile": 1.0 }, "928_0": { "flipX": 1.0, "flipY": 1.0, "tileset": "golfoutside\/tile_wtg1", "coord": [ 2.0, 2.0 ], "autotile_index": 0.0, "autotile": 1.0 }, "352_512": { "flipX": 1.0, "flipY": 1.0, "tileset": "golfoutside\/tile_wtg1", "coord": [ 2.0, 2.0 ], "autotile_index": 0.0, "autotile": 1.0 }, "0_0": { "flipX": 1.0, "flipY": 1.0, "tileset": "golfoutside\/tile_wtg1", "coord": [ 2.0, 2.0 ], "autotile_index": 0.0, "autotile": 1.0 }, "0_320": { "flipX": 1.0, "flipY": 1.0, "tileset": "golfoutside\/tile_wtg1", "coord": [ 2.0, 2.0 ], "autotile_index": 0.0, "autotile": 1.0 }, "384_480": { "flipX": 1.0, "flipY": 1.0, "tileset": "golfoutside\/tile_wtg1", "coord": [ 2.0, 2.0 ], "autotile_index": 0.0, "autotile": 1.0 }, "928_512": { "flipX": 1.0, "flipY": 1.0, "tileset": "golfoutside\/tile_wtg1", "coord": [ 2.0, 2.0 ], "autotile_index": 0.0, "autotile": 1.0 }, "864_96": { "flipX": 1.0, "flipY": 1.0, "tileset": "golfoutside\/tile_wtg1", "coord": [ 1.0, 2.0 ], "autotile_index": 0.0, "autotile": 1.0 }, "224_480": { "flipX": 1.0, "flipY": 1.0, "tileset": "golfoutside\/tile_wtg1", "coord": [ 2.0, 2.0 ], "autotile_index": 0.0, "autotile": 1.0 }, "96_352": { "flipX": 1.0, "flipY": 1.0, "tileset": "golfoutside\/tile_wtg1", "coord": [ 4.0, 2.0 ], "autotile_index": 0.0, "autotile": 1.0 }, "64_512": { "flipX": 1.0, "flipY": 1.0, "tileset": "golfoutside\/tile_wtg1", "coord": [ 2.0, 2.0 ], "autotile_index": 0.0, "autotile": 1.0 }, "864_224": { "flipX": 1.0, "flipY": 1.0, "tileset": "golfoutside\/tile_wtg1", "coord": [ 1.0, 2.0 ], "autotile_index": 0.0, "autotile": 1.0 }, "96_256": { "flipX": 1.0, "flipY": 1.0, "tileset": "golfoutside\/tile_wtg1", "coord": [ 4.0, 2.0 ], "autotile_index": 0.0, "autotile": 1.0 }, "800_512": { "flipX": 1.0, "flipY": 1.0, "tileset": "golfoutside\/tile_wtg1", "coord": [ 2.0, 2.0 ], "autotile_index": 0.0, "autotile": 1.0 } }, "6": { "480_416": { "flipX": 1.0, "flipY": 1.0, "tileset": "golfoutside\/tile_wtg1", "coord": [ 22.0, 27.0 ], "autotile_index": 0.0, "autotile": 0.0 }, "480_352": { "flipX": 1.0, "flipY": 1.0, "tileset": "golfoutside\/tile_wtg1", "coord": [ 22.0, 25.0 ], "autotile_index": 0.0, "autotile": 0.0 }, "448_288": { "flipX": 1.0, "flipY": 1.0, "tileset": "golfoutside\/tile_wtg1", "coord": [ 21.0, 23.0 ], "autotile_index": 0.0, "autotile": 0.0 }, "416_256": { "flipX": 1.0, "flipY": 1.0, "tileset": "golfoutside\/tile_wtg1", "coord": [ 20.0, 22.0 ], "autotile_index": 0.0, "autotile": 0.0 }, "448_416": { "flipX": 1.0, "flipY": 1.0, "tileset": "golfoutside\/tile_wtg1", "coord": [ 21.0, 27.0 ], "autotile_index": 0.0, "autotile": 0.0 }, "480_320": { "flipX": 1.0, "flipY": 1.0, "tileset": "golfoutside\/tile_wtg1", "coord": [ 22.0, 24.0 ], "autotile_index": 0.0, "autotile": 0.0 }, "640_288": { "flipX": 1.0, "flipY": 1.0, "tileset": "golfoutside\/tile_wtg1", "coord": [ 26.0, 22.0 ], "autotile_index": 0.0, "autotile": 0.0 }, "576_384": { "flipX": 1.0, "flipY": 1.0, "tileset": "golfoutside\/tile_wtg1", "coord": [ 24.0, 25.0 ], "autotile_index": 0.0, "autotile": 0.0 }, "608_352": { "flipX": 1.0, "flipY": 1.0, "tileset": "golfoutside\/tile_wtg1", "coord": [ 25.0, 24.0 ], "autotile_index": 0.0, "autotile": 0.0 }, "448_320": { "flipX": 1.0, "flipY": 1.0, "tileset": "golfoutside\/tile_wtg1", "coord": [ 21.0, 24.0 ], "autotile_index": 0.0, "autotile": 0.0 }, "416_384": { "flipX": 1.0, "flipY": 1.0, "tileset": "golfoutside\/tile_wtg1", "coord": [ 20.0, 26.0 ], "autotile_index": 0.0, "autotile": 0.0 }, "480_288": { "flipX": 1.0, "flipY": 1.0, "tileset": "golfoutside\/tile_wtg1", "coord": [ 22.0, 23.0 ], "autotile_index": 0.0, "autotile": 0.0 }, "640_416": { "flipX": 1.0, "flipY": 1.0, "tileset": "golfoutside\/tile_wtg1", "coord": [ 26.0, 26.0 ], "autotile_index": 0.0, "autotile": 0.0 }, "448_352": { "flipX": 1.0, "flipY": 1.0, "tileset": "golfoutside\/tile_wtg1", "coord": [ 21.0, 25.0 ], "autotile_index": 0.0, "autotile": 0.0 }, "544_288": { "flipX": 1.0, "flipY": 1.0, "tileset": "golfoutside\/tile_wtg1", "coord": [ 23.0, 22.0 ], "autotile_index": 0.0, "autotile": 0.0 }, "608_384": { "flipX": 1.0, "flipY": 1.0, "tileset": "golfoutside\/tile_wtg1", "coord": [ 25.0, 25.0 ], "autotile_index": 0.0, "autotile": 0.0 }, "416_288": { "flipX": 1.0, "flipY": 1.0, "tileset": "golfoutside\/tile_wtg1", "coord": [ 20.0, 23.0 ], "autotile_index": 0.0, "autotile": 0.0 }, "576_320": { "flipX": 1.0, "flipY": 1.0, "tileset": "golfoutside\/tile_wtg1", "coord": [ 24.0, 23.0 ], "autotile_index": 0.0, "autotile": 0.0 }, "576_352": { "flipX": 1.0, "flipY": 1.0, "tileset": "golfoutside\/tile_wtg1", "coord": [ 24.0, 24.0 ], "autotile_index": 0.0, "autotile": 0.0 }, "480_384": { "flipX": 1.0, "flipY": 1.0, "tileset": "golfoutside\/tile_wtg1", "coord": [ 22.0, 26.0 ], "autotile_index": 0.0, "autotile": 0.0 }, "576_288": { "flipX": 1.0, "flipY": 1.0, "tileset": "golfoutside\/tile_wtg1", "coord": [ 24.0, 22.0 ], "autotile_index": 0.0, "autotile": 0.0 }, "448_256": { "flipX": 1.0, "flipY": 1.0, "tileset": "golfoutside\/tile_wtg1", "coord": [ 21.0, 22.0 ], "autotile_index": 0.0, "autotile": 0.0 }, "448_384": { "flipX": 1.0, "flipY": 1.0, "tileset": "golfoutside\/tile_wtg1", "coord": [ 21.0, 26.0 ], "autotile_index": 0.0, "autotile": 0.0 }, "640_384": { "flipX": 1.0, "flipY": 1.0, "tileset": "golfoutside\/tile_wtg1", "coord": [ 26.0, 25.0 ], "autotile_index": 0.0, "autotile": 0.0 }, "416_352": { "flipX": 1.0, "flipY": 1.0, "tileset": "golfoutside\/tile_wtg1", "coord": [ 20.0, 25.0 ], "autotile_index": 0.0, "autotile": 0.0 }, "544_448": { "flipX": 1.0, "flipY": 1.0, "tileset": "golfoutside\/tile_wtg1", "coord": [ 23.0, 27.0 ], "autotile_index": 0.0, "autotile": 0.0 }, "608_288": { "flipX": 1.0, "flipY": 1.0, "tileset": "golfoutside\/tile_wtg1", "coord": [ 25.0, 22.0 ], "autotile_index": 0.0, "autotile": 0.0 }, "544_416": { "flipX": 1.0, "flipY": 1.0, "tileset": "golfoutside\/tile_wtg1", "coord": [ 23.0, 26.0 ], "autotile_index": 0.0, "autotile": 0.0 }, "640_448": { "flipX": 1.0, "flipY": 1.0, "tileset": "golfoutside\/tile_wtg1", "coord": [ 26.0, 27.0 ], "autotile_index": 0.0, "autotile": 0.0 }, "640_320": { "flipX": 1.0, "flipY": 1.0, "tileset": "golfoutside\/tile_wtg1", "coord": [ 26.0, 23.0 ], "autotile_index": 0.0, "autotile": 0.0 }, "576_416": { "flipX": 1.0, "flipY": 1.0, "tileset": "golfoutside\/tile_wtg1", "coord": [ 24.0, 26.0 ], "autotile_index": 0.0, "autotile": 0.0 }, "544_320": { "flipX": 1.0, "flipY": 1.0, "tileset": "golfoutside\/tile_wtg1", "coord": [ 23.0, 23.0 ], "autotile_index": 0.0, "autotile": 0.0 }, "416_416": { "flipX": 1.0, "flipY": 1.0, "tileset": "golfoutside\/tile_wtg1", "coord": [ 20.0, 27.0 ], "autotile_index": 0.0, "autotile": 0.0 }, "608_448": { "flipX": 1.0, "flipY": 1.0, "tileset": "golfoutside\/tile_wtg1", "coord": [ 25.0, 27.0 ], "autotile_index": 0.0, "autotile": 0.0 }, "608_416": { "flipX": 1.0, "flipY": 1.0, "tileset": "golfoutside\/tile_wtg1", "coord": [ 25.0, 26.0 ], "autotile_index": 0.0, "autotile": 0.0 }, "640_352": { "flipX": 1.0, "flipY": 1.0, "tileset": "golfoutside\/tile_wtg1", "coord": [ 26.0, 24.0 ], "autotile_index": 0.0, "autotile": 0.0 }, "576_448": { "flipX": 1.0, "flipY": 1.0, "tileset": "golfoutside\/tile_wtg1", "coord": [ 24.0, 27.0 ], "autotile_index": 0.0, "autotile": 0.0 }, "544_384": { "flipX": 1.0, "flipY": 1.0, "tileset": "golfoutside\/tile_wtg1", "coord": [ 23.0, 25.0 ], "autotile_index": 0.0, "autotile": 0.0 }, "608_320": { "flipX": 1.0, "flipY": 1.0, "tileset": "golfoutside\/tile_wtg1", "coord": [ 25.0, 23.0 ], "autotile_index": 0.0, "autotile": 0.0 }, "544_352": { "flipX": 1.0, "flipY": 1.0, "tileset": "golfoutside\/tile_wtg1", "coord": [ 23.0, 24.0 ], "autotile_index": 0.0, "autotile": 0.0 }, "416_320": { "flipX": 1.0, "flipY": 1.0, "tileset": "golfoutside\/tile_wtg1", "coord": [ 20.0, 24.0 ], "autotile_index": 0.0, "autotile": 0.0 }, "480_256": { "flipX": 1.0, "flipY": 1.0, "tileset": "golfoutside\/tile_wtg1", "coord": [ 22.0, 22.0 ], "autotile_index": 0.0, "autotile": 0.0 } } }, "backgrounds": { "6": { "x": 0.0, "scroll_y": 1.0, "panic_sprite": -1.0, "tile_y": 1.0, "hspeed": 1.0, "character": "None", "y": 0.0, "escape": "None", "tile_x": 1.0, "sprite": "golfoutside\/bg2_wtg1", "vspeed": 0.0, "image_speed": 15.0, "scroll_x": 1.0 }, "7": { "x": 96.0, "scroll_y": 1.0, "panic_sprite": -1.0, "hspeed": 0.0, "tile_y": 0.0, "character": "None", "y": 6.0, "escape": "None", "tile_x": 1.0, "sprite": "golfoutside\/bg3_wtg1", "vspeed": 0.0, "image_speed": 15.0, "scroll_x": 1.0 }, "8": { "x": 0.0, "scroll_y": 1.0, "panic_sprite": -1.0, "hspeed": 0.0, "tile_y": 0.0, "character": "None", "y": 0.0, "escape": "None", "tile_x": 1.0, "sprite": "golfoutside\/bg4_wtg1", "vspeed": 0.0, "image_speed": 15.0, "scroll_x": 1.0 }, "9": { "x": 0.0, "scroll_y": 1.0, "panic_sprite": -1.0, "hspeed": 0.0, "tile_y": 1.0, "character": "None", "y": 0.0, "escape": "None", "tile_x": 1.0, "sprite": "golfoutside\/bg1_wtg1", "vspeed": 0.0, "image_speed": 15.0, "scroll_x": 1.0 } } }