{ "properties": { "song": "", "songTransitionTime": 100.0, "pausecombo": 0.0, "roomX": 160.0, "levelWidth": 5120.0, "roomY": 0.0, "levelHeight": 540.0 }, "editorVersion": 6.0, "instances": [ { "layer": 0.0, "object": "obj_solid", "deleted": 0.0, "variables": { "x": 0.0, "flipX": 0.0, "y": 416.0, "flipY": 0.0, "image_xscale": 59.0, "image_yscale": 4.0 } }, { "layer": 0.0, "object": "obj_rattumble_big", "deleted": 0.0, "variables": { "x": 4128.0, "flipX": 0.0, "y": 224.0, "flipY": 0.0 } }, { "layer": 0.0, "object": "obj_playersprcontroller", "deleted": 0.0, "variables": { "spr_bodyslamland": "spr_pizzaball_roll", "x": -192.0, "spr_jump2": "spr_pizzaball_roll", "spr_crouchslide": "spr_pizzaball_roll", "spr_idle3": "spr_pizzaball_roll", "spr_move": "spr_pizzaball_roll", "spr_knightpepthrust": "spr_pizzaball_hitwall", "spr_clown": "spr_pizzaball_roll", "spr_breakdanceuppercutend": "spr_pizzaball_roll", "spr_superjumpright": "spr_pizzaball_roll", "spr_superjumpcancelland": "spr_pizzaball_roll", "spr_secondjump2": "spr_pizzaball_roll", "spr_crouchslip": "spr_pizzaball_roll", "spr_machclimbwall": "spr_pizzaball_roll", "spr_idle6": "spr_pizzaball_roll", "spr_uppunch": "spr_pizzaball_roll", "spr_stomp": "spr_pizzaball_roll", "spr_crouchfall": "spr_pizzaball_roll", "spr_crawl": "spr_pizzaball_roll", "spr_machslideend": "spr_pizzaball_roll", "spr_superjumpcancel": "spr_pizzaball_roll", "spr_longjump": "spr_pizzaball_roll", "spr_stunned": "spr_pizzaball_roll", "spr_walljumpstart": "spr_pizzaball_roll", "spr_hurtidle": "spr_pizzaball_roll", "image_yscale": 1.0, "spr_divedropland": "spr_pizzaball_hitwall", "spr_tumbleend": "spr_pizzaball_roll", "spr_breakdance": "spr_pizzaball_roll", "spr_taunt": "spr_pizzaball_roll", "spr_3hpwalk": "spr_pizzaball_roll", "spr_3hpmove": "spr_pizzaball_roll", "spr_mach3hit": "spr_pizzaball_roll", "spr_idle2": "spr_pizzaball_roll", "spr_crouchstart": "spr_pizzaball_roll", "spr_grind": "spr_pizzaball_roll", "spr_superjumppreplight": "spr_pizzaball_roll", "spr_jump": "spr_pizzaball_roll", "spr_longjumpend": "spr_pizzaball_roll", "spr_breakdanceuppercut": "spr_pizzaball_roll", "spr_suplexdashjump": "spr_pizzaball_roll", "spr_grab": "spr_pizzaball_roll", "spr_dashpadmach": "spr_pizzaball_roll", "spr_idle5": "spr_pizzaball_roll", "spr_fall": "spr_pizzaball_roll", "spr_mach3jump": "spr_pizzaball_roll", "spr_stompprep": "spr_pizzaball_roll", "spr_crouchjump": "spr_pizzaball_roll", "spr_superjumpprep": "spr_pizzaball_roll", "spr_machslide": "spr_pizzaball_roll", "spr_golfswing": "spr_pizzaball_roll", "spr_walljumpend": "spr_pizzaball_roll", "flipY": 0.0, "spr_machslide_end": "spr_pizzaball_roll", "spr_bump": "spr_pizzaball_roll", "spr_bodyslamfall": "spr_pizzaball_roll", "spr_couchstart": "spr_pizzaball_roll", "image_xscale": 1.0, "spr_superjumpcancelstart": "spr_pizzaball_roll", "spr_secondjump1": "spr_pizzaball_roll", "spr_jetpackstart2": "spr_pizzaball_idle1", "spr_machslideboost": "spr_pizzaball_roll", "spr_wallsplat": "spr_pizzaball_roll", "spr_3hpidle": "spr_pizzaball_roll", "spr_hurtwalk": "spr_pizzaball_roll", "spr_machfreefall": "spr_pizzaball_roll", "spr_crazyrun": "spr_pizzaball_roll", "spr_golfidle": "spr_pizzaball_roll", "spr_airdash2": "spr_pizzaball_roll", "spr_mach1": "spr_pizzaball_roll", "spr_rollgetup": "spr_pizzaball_roll", "spr_land2": "spr_pizzaball_roll", "spr_suplexcancel": "spr_pizzaball_roll", "spr_idle1": "spr_pizzaball_roll", "spr_mach3": "spr_pizzaball_roll", "spr_freefall": "spr_pizzaball_roll", "y": -160.0, "spr_suplexdash": "spr_pizzaball_roll", "spr_rageidle": "spr_pizzaball_roll", "spr_idle4": "spr_mainmenu_jumpscare", "spr_idle": "spr_pizzaball_roll", "spr_hitwall": "spr_pizzaball_roll", "spr_crouch": "spr_pizzaball_roll", "spr_machslidestart": "spr_pizzaball_roll", "spr_superjumpcancelslide": "spr_pizzaball_roll", "flipX": 0.0, "spr_machroll": "spr_pizzaball_roll", "spr_suplexdashjumpstart": "spr_pizzaball_roll", "spr_mach2jump": "spr_pizzaball_roll", "spr_mach": "spr_pizzaball_roll", "spr_bodyslamstart": "spr_pizzaball_roll", "spr_suplexland": "spr_pizzaball_roll", "spr_fightball": "spr_pizzaball_roll", "spr_longjump_end": "spr_pizzaball_roll", "spr_tumble": "spr_pizzaball_roll", "spr_dive": "spr_pizzaball_roll", "spr_facehurt": "spr_pizzaball_stun", "spr_mach4": "spr_pizzaball_roll", "spr_divedrop": "spr_pizzaball_roll", "spr_airdash1": "spr_pizzaball_roll", "spr_land": "spr_pizzaball_roll", "spr_mach3boost": "spr_pizzaball_roll", "spr_ragemove": "spr_pizzaball_roll", "spr_superjump": "spr_pizzaball_roll" } }, { "layer": 0.0, "object": "obj_solid", "deleted": 0.0, "variables": { "x": 3968.0, "flipX": 0.0, "y": 448.0, "flipY": 0.0, "image_xscale": 16.0, "image_yscale": 3.0 } }, { "layer": 0.0, "object": "obj_platform", "deleted": 0.0, "variables": { "x": 3968.0, "flipX": 0.0, "y": 288.0, "flipY": 0.0, "image_xscale": 7.0, "image_yscale": 1.0 } }, { "layer": 0.0, "object": "obj_solid", "deleted": 0.0, "variables": { "x": 3360.0, "flipX": 0.0, "y": 0.0, "flipY": 0.0, "image_xscale": 32.0, "image_yscale": 2.0 } }, { "layer": 0.0, "object": "obj_platform", "deleted": 0.0, "variables": { "x": 3584.0, "flipX": 0.0, "y": 192.0, "flipY": 0.0, "image_xscale": 9.0, "image_yscale": 1.0 } }, { "layer": 0.0, "object": "obj_rattumble", "deleted": 0.0, "variables": { "x": 3840.0, "flipX": 0.0, "y": 160.0, "flipY": 0.0 } }, { "layer": 0.0, "object": "obj_rattumble", "deleted": 0.0, "variables": { "x": 3712.0, "flipX": 0.0, "y": 160.0, "flipY": 0.0 } }, { "layer": 0.0, "object": "obj_rattumble", "deleted": 0.0, "variables": { "x": 3584.0, "flipX": 0.0, "y": 160.0, "flipY": 0.0 } }, { "layer": 0.0, "object": "obj_rattumble_big", "deleted": 0.0, "variables": { "x": 3488.0, "flipX": 0.0, "y": 384.0, "flipY": 0.0 } }, { "layer": 0.0, "object": "obj_rattumble_big", "deleted": 0.0, "variables": { "x": 3264.0, "flipX": 0.0, "y": 384.0, "flipY": 0.0 } }, { "layer": 0.0, "object": "obj_pizzaboy", "deleted": 0.0, "variables": { "x": 3200.0, "flipX": 1.0, "y": 402.5, "flipY": 0.0, "image_xscale": 1.0, "image_yscale": 1.0, "grav": 0.10000000000000000555111512312578 } }, { "layer": 0.0, "object": "obj_solid", "deleted": 0.0, "variables": { "x": 3616.0, "flipX": 0.0, "y": 288.0, "flipY": 0.0, "image_xscale": 11.0, "image_yscale": 8.0 } }, { "layer": 0.0, "object": "obj_solid", "deleted": 0.0, "variables": { "x": 3552.0, "flipX": 0.0, "y": 288.0, "flipY": 0.0, "image_xscale": 2.0, "image_yscale": 2.0 } }, { "layer": 0.0, "object": "obj_solid", "deleted": 0.0, "variables": { "x": 3104.0, "flipX": 0.0, "y": 448.0, "flipY": 0.0, "image_xscale": 16.0, "image_yscale": 3.0 } }, { "layer": 0.0, "object": "obj_ratblock", "deleted": 0.0, "variables": { "x": 3552.0, "flipX": 0.0, "y": 384.0, "flipY": 0.0, "image_xscale": 1.0, "image_yscale": 1.0 } }, { "layer": 0.0, "object": "obj_solid", "deleted": 0.0, "variables": { "x": 1824.0, "flipX": 0.0, "y": 320.0, "flipY": 0.0, "image_xscale": 2.0, "image_yscale": 3.0 } }, { "layer": 0.0, "object": "obj_ratblock", "deleted": 0.0, "variables": { "x": 1760.0, "flipX": 0.0, "y": 352.0, "flipY": 0.0, "image_xscale": 1.0, "image_yscale": 1.0 } }, { "layer": 0.0, "object": "obj_platform", "deleted": 0.0, "variables": { "x": 3104.0, "flipX": 0.0, "y": 256.0, "flipY": 0.0, "image_xscale": 6.0, "image_yscale": 1.0 } }, { "layer": 0.0, "object": "obj_platform", "deleted": 0.0, "variables": { "x": 2112.0, "flipX": 0.0, "y": 288.0, "flipY": 0.0, "image_xscale": 2.0, "image_yscale": 1.0 } }, { "layer": 0.0, "object": "obj_rattumble_big", "deleted": 0.0, "variables": { "x": 2688.0, "flipX": 0.0, "y": 352.0, "flipY": 0.0 } }, { "layer": 0.0, "object": "obj_solid", "deleted": 0.0, "variables": { "x": 2912.0, "flipX": 0.0, "y": 128.0, "flipY": 0.0, "image_xscale": 2.0, "image_yscale": 1.0 } }, { "layer": 0.0, "object": "obj_rattumble_big", "deleted": 0.0, "variables": { "x": 2912.0, "flipX": 0.0, "y": 192.0, "flipY": 0.0 } }, { "layer": 0.0, "object": "obj_rattumble_big", "deleted": 0.0, "variables": { "x": 2976.0, "flipX": 0.0, "y": 352.0, "flipY": 0.0 } }, { "layer": 0.0, "object": "obj_solid", "deleted": 0.0, "variables": { "x": 2976.0, "flipX": 0.0, "y": 256.0, "flipY": 0.0, "image_xscale": 2.0, "image_yscale": 2.0 } }, { "layer": 0.0, "object": "obj_destroyable3", "deleted": 0.0, "variables": { "x": 1888.0, "flipX": 0.0, "y": 256.0, "flipY": 0.0 } }, { "layer": 0.0, "object": "obj_onewaybigblock", "deleted": 0.0, "variables": { "x": 2848.0, "flipX": 0.0, "y": 352.0, "flipY": 0.0 } }, { "layer": 0.0, "object": "obj_solid", "deleted": 0.0, "variables": { "x": 3040.0, "flipX": 0.0, "y": 256.0, "flipY": 0.0, "image_xscale": 2.0, "image_yscale": 9.0 } }, { "layer": 0.0, "object": "obj_destroyable3", "deleted": 0.0, "variables": { "x": 1888.0, "flipX": 0.0, "y": 320.0, "flipY": 0.0 } }, { "layer": 0.0, "object": "obj_destroyable3", "deleted": 0.0, "variables": { "x": 1952.0, "flipX": 0.0, "y": 320.0, "flipY": 0.0 } }, { "layer": 0.0, "object": "obj_rattumble_big", "deleted": 0.0, "variables": { "x": 2432.0, "flipX": 0.0, "y": 352.0, "flipY": 0.0 } }, { "layer": 0.0, "object": "obj_platform", "deleted": 0.0, "variables": { "x": 2464.0, "flipX": 0.0, "y": 256.0, "flipY": 0.0, "image_xscale": 3.0, "image_yscale": 1.0 } }, { "layer": 0.0, "object": "obj_rattumble", "deleted": 0.0, "variables": { "x": 2496.0, "flipX": 0.0, "y": 224.0, "flipY": 0.0, "image_xscale": 1.0, "image_yscale": 1.0 } }, { "layer": 0.0, "object": "obj_rattumble", "deleted": 0.0, "variables": { "x": 2080.0, "flipX": 0.0, "y": 384.0, "flipY": 0.0 } }, { "layer": 0.0, "object": "obj_rattumble", "deleted": 0.0, "variables": { "x": 2080.0, "flipX": 0.0, "y": 416.0, "flipY": 0.0 } }, { "layer": 0.0, "object": "obj_rattumble", "deleted": 0.0, "variables": { "x": 2080.0, "flipX": 0.0, "y": 448.0, "flipY": 0.0 } }, { "layer": 0.0, "object": "obj_rattumble", "deleted": 0.0, "variables": { "x": 2016.0, "flipX": 0.0, "y": 384.0, "flipY": 0.0 } }, { "layer": 0.0, "object": "obj_rattumble", "deleted": 0.0, "variables": { "x": 2016.0, "flipX": 0.0, "y": 416.0, "flipY": 0.0 } }, { "layer": 0.0, "object": "obj_rattumble", "deleted": 0.0, "variables": { "x": 2016.0, "flipX": 0.0, "y": 448.0, "flipY": 0.0 } }, { "layer": 0.0, "object": "obj_rattumble_big", "deleted": 0.0, "variables": { "x": 2112.0, "flipX": 0.0, "y": 224.0, "flipY": 0.0 } }, { "layer": 0.0, "object": "obj_solid", "deleted": 0.0, "variables": { "x": 2336.0, "flipX": 0.0, "y": 416.0, "flipY": 0.0, "image_xscale": 22.0, "image_yscale": 4.0 } }, { "layer": 0.0, "object": "obj_slope", "deleted": 0.0, "variables": { "x": 2208.0, "flipX": 0.0, "y": 416.0, "flipY": 0.0, "image_xscale": 4.0, "image_yscale": 2.0 } }, { "layer": 0.0, "object": "obj_solid", "deleted": 0.0, "variables": { "x": 2112.0, "flipX": 0.0, "y": 0.0, "flipY": 0.0, "image_xscale": 39.0, "image_yscale": 4.0 } }, { "layer": 0.0, "object": "obj_solid", "deleted": 0.0, "variables": { "x": 1024.0, "flipX": 0.0, "y": 0.0, "flipY": 0.0, "image_xscale": 31.0, "image_yscale": 2.0 } }, { "layer": 0.0, "object": "obj_solid", "deleted": 0.0, "variables": { "x": 2016.0, "flipX": 0.0, "y": 0.0, "flipY": 0.0, "image_xscale": 3.0, "image_yscale": 12.0 } }, { "layer": 0.0, "object": "obj_transfotip", "deleted": 0.0, "variables": { "x": 32.0, "flipX": 0.0, "y": -96.0, "flipY": 0.0, "image_xscale": 1.0, "image_yscale": 1.0, "text": "You start to feel heavy..." } }, { "layer": 0.0, "object": "obj_rattumble", "deleted": 0.0, "variables": { "x": 1472.0, "flipX": 0.0, "y": 192.0, "flipY": 0.0 } }, { "layer": 0.0, "object": "obj_rattumble", "deleted": 0.0, "variables": { "x": 1344.0, "flipX": 0.0, "y": 192.0, "flipY": 0.0 } }, { "layer": 0.0, "object": "obj_rattumble", "deleted": 0.0, "variables": { "x": 1376.0, "flipX": 0.0, "y": 192.0, "flipY": 0.0 } }, { "layer": 0.0, "object": "obj_solid", "deleted": 0.0, "variables": { "x": 1760.0, "flipX": 0.0, "y": 224.0, "flipY": 0.0, "image_xscale": 4.0, "image_yscale": 3.0 } }, { "layer": 0.0, "object": "obj_solid", "deleted": 0.0, "variables": { "x": 1888.0, "flipX": 0.0, "y": 480.0, "flipY": 0.0, "image_xscale": 14.0, "image_yscale": 2.0 } }, { "layer": 0.0, "object": "obj_solid", "deleted": 0.0, "variables": { "x": 2848.0, "flipX": 0.0, "y": 256.0, "flipY": 0.0, "image_xscale": 2.0, "image_yscale": 3.0 } }, { "layer": 0.0, "object": "obj_destroyable3", "deleted": 0.0, "variables": { "x": 1952.0, "flipX": 0.0, "y": 256.0, "flipY": 0.0 } }, { "layer": 0.0, "object": "obj_rattumble", "deleted": 0.0, "variables": { "x": 1248.0, "flipX": 0.0, "y": 192.0, "flipY": 0.0 } }, { "layer": 0.0, "object": "obj_rattumble", "deleted": 0.0, "variables": { "x": 1472.0, "flipX": 0.0, "y": 384.0, "flipY": 0.0 } }, { "layer": 0.0, "object": "obj_rattumble", "deleted": 0.0, "variables": { "x": 1376.0, "flipX": 0.0, "y": 384.0, "flipY": 0.0 } }, { "layer": 0.0, "object": "obj_rattumble", "deleted": 0.0, "variables": { "x": 1280.0, "flipX": 0.0, "y": 384.0, "flipY": 0.0 } }, { "layer": 0.0, "object": "obj_platform", "deleted": 0.0, "variables": { "x": 1152.0, "flipX": 0.0, "y": 224.0, "flipY": 0.0, "image_xscale": 14.0, "image_yscale": 1.0 } }, { "layer": 0.0, "object": "obj_rattumble_big", "deleted": 0.0, "variables": { "x": 960.0, "flipX": 0.0, "y": 352.0, "flipY": 0.0 } }, { "layer": 0.0, "object": "obj_rattumble_big", "deleted": 0.0, "variables": { "x": 896.0, "flipX": 0.0, "y": 352.0, "flipY": 0.0 } }, { "layer": 0.0, "object": "obj_rattumble_big", "deleted": 0.0, "variables": { "x": 832.0, "flipX": 0.0, "y": 352.0, "flipY": 0.0 } }, { "layer": 0.0, "object": "obj_rattumble_big", "deleted": 0.0, "variables": { "x": 768.0, "flipX": 0.0, "y": 352.0, "flipY": 0.0 } }, { "layer": 0.0, "object": "obj_destroyable3", "deleted": 0.0, "variables": { "x": 2912.0, "flipX": 0.0, "y": 256.0, "flipY": 0.0 } }, { "layer": 0.0, "object": "obj_doorA", "deleted": 0.0, "variables": { "x": 384.0, "flipX": 0.0, "y": 384.0, "flipY": 0.0, "image_xscale": 1.0, "image_yscale": 1.0 } }, { "layer": 0.0, "object": "obj_tutorialbook", "deleted": 0.0, "variables": { "x": 672.0, "flipX": 0.0, "y": 362.5, "flipY": 0.0, "image_xscale": 1.0, "image_yscale": 1.0, "text": "... I think you should be more careful about this." } }, { "layer": 0.0, "object": "obj_solid", "deleted": 0.0, "variables": { "x": 160.0, "flipX": 0.0, "y": 96.0, "flipY": 0.0, "image_xscale": 4.0, "image_yscale": 10.0 } }, { "layer": 0.0, "object": "obj_solid", "deleted": 0.0, "variables": { "x": 768.0, "flipX": 0.0, "y": 0.0, "flipY": 0.0, "image_xscale": 8.0, "image_yscale": 10.0 } }, { "layer": 0.0, "object": "obj_solid", "deleted": 0.0, "variables": { "x": 0.0, "flipX": 1.0, "y": 0.0, "flipY": 0.0, "image_xscale": 24.0, "image_yscale": 3.0 } }, { "layer": 0.0, "object": "obj_rattumble", "deleted": 0.0, "variables": { "x": 4096.0, "flipX": 0.0, "y": 256.0, "flipY": 0.0 } }, { "layer": 0.0, "object": "obj_rattumble", "deleted": 0.0, "variables": { "x": 4061.0, "flipX": 0.0, "y": 256.0, "flipY": 0.0 } } ], "tile_data": { }, "backgrounds": { }, "isNoiseUpdate": 1.0 }