{ "properties": { "song": "", "songTransitionTime": 100.0, "pausecombo": 3489034890324890112.0, "roomX": 0.0, "levelWidth": 1280.0, "roomY": 0.0, "levelHeight": 540.0 }, "editorVersion": 6.0, "instances": [ { "layer": 0.0, "object": "obj_collisioncheck", "deleted": 0.0, "variables": { "x": 568.0, "flipX": 0.0, "y": 383.0, "flipY": 0.0, "image_xscale": 4.90625, "on_repeat": "true", "target_obj": "obj_pizzaball", "image_yscale": 2.5625, "enter_target_trigger_id": 4.0, "exit_target_trigger_id": 4.0 } }, { "layer": 0.0, "object": "obj_solid", "deleted": 0.0, "variables": { "x": 1152.0, "flipX": 0.0, "y": 0.0, "flipY": 0.0, "image_xscale": 4.0, "image_yscale": 17.0 } }, { "layer": 0.0, "object": "obj_solid", "deleted": 0.0, "variables": { "x": 0.0, "flipX": 0.0, "y": 0.0, "flipY": 0.0, "image_xscale": 4.0, "image_yscale": 17.0 } }, { "layer": 0.0, "object": "obj_solid", "deleted": 0.0, "variables": { "x": 128.0, "flipX": 0.0, "y": 448.0, "flipY": 0.0, "image_xscale": 32.0, "image_yscale": 3.0 } }, { "layer": 0.0, "object": "obj_variable", "deleted": 0.0, "variables": { "x": 640.0, "flipX": 0.0, "on_trigger": "true", "image_xscale": 1.0, "name": "golfhit", "on_touch": "false", "y": -128.0, "flipY": 0.0, "image_yscale": 1.0, "value": 3.0, "on_start": "false", "trigger_id": 4.0 } }, { "layer": 0.0, "object": "obj_createobject", "deleted": 0.0, "variables": { "x": 137.0, "flipX": 0.0, "on_trigger": "true", "image_xscale": 1.0, "multi": "true", "content": "obj_jumpscare", "on_touch": "false", "y": -444.0, "flipY": 0.0, "image_yscale": 1.0, "on_start": "false", "trigger_id": 4.0 } }, { "layer": 0.0, "object": "obj_solid", "deleted": 0.0, "variables": { "x": 96.0, "flipX": 0.0, "y": -32.0, "flipY": 0.0, "image_xscale": 37.0, "image_yscale": 1.0 } }, { "layer": 0.0, "object": "obj_collisioncheck", "deleted": 0.0, "variables": { "x": 706.0, "flipX": 0.0, "y": 339.0, "flipY": 0.0, "image_xscale": 3.625, "on_repeat": "true", "target_obj": "obj_pizzaball", "image_yscale": 2.84375, "enter_target_trigger_id": 4.0, "exit_target_trigger_id": 4.0 } }, { "layer": 0.0, "object": "obj_sprite", "deleted": 0.0, "variables": { "x": 754.0, "flipX": 0.0, "y": 359.5, "flipY": 0.0, "image_xscale": 1.15999996662139892578125, "image_yscale": 1.56333339214324951171875, "image_angle": 315.0, "depth": 100.0, "image_speed": 0.25, "sprite_index": "spotlight" } }, { "layer": 0.0, "object": "obj_sprite", "deleted": 0.0, "variables": { "x": 927.0, "flipX": 0.0, "y": 149.0, "flipY": 0.0, "image_xscale": 1.0, "image_yscale": 1.0, "image_angle": 685.0, "depth": "-2", "sprite_index": "seccam" } }, { "layer": 0.0, "object": "obj_collisioncheck", "deleted": 0.0, "variables": { "x": 647.0, "flipX": 0.0, "y": 341.0, "flipY": 0.0, "image_xscale": 3.875, "on_repeat": "true", "target_obj": "obj_pizzaball", "image_yscale": 2.59375, "enter_target_trigger_id": 4.0, "exit_target_trigger_id": 4.0 } }, { "layer": 0.0, "object": "obj_roomname", "deleted": 0.0, "variables": { "x": -128.0, "flipX": 0.0, "y": 0.0, "flipY": 0.0, "image_xscale": 1.0, "image_yscale": 1.0, "msg": "WALK IT OFF" } }, { "layer": 0.0, "object": "obj_pizzaball", "deleted": 0.0, "variables": { "x": 256.0, "flipX": 0.0, "y": 402.5, "flipY": 0.0, "image_xscale": 1.0, "image_yscale": 1.0, "hitsPrimoBurg": 1.0, "hitsHotDog": 1.0, "hitsNothing": 2.0 } }, { "layer": 0.0, "object": "obj_tutorialbook", "deleted": 0.0, "variables": { "x": 128.0, "flipX": 0.0, "y": -85.5, "flipY": 0.0 } }, { "layer": 0.0, "object": "obj_doorA", "deleted": 0.0, "variables": { "x": 160.0, "flipX": 0.0, "y": 416.0, "flipY": 0.0, "image_xscale": 1.0, "image_yscale": 1.0 } }, { "layer": 0.0, "object": "obj_collisioncheck", "deleted": 0.0, "variables": { "x": 520.0, "flipX": 0.0, "y": 430.0, "flipY": 0.0, "image_xscale": 8.46875, "on_repeat": "true", "target_obj": "obj_pizzaball", "image_yscale": 2.28125, "enter_target_trigger_id": 4.0, "exit_target_trigger_id": 4.0 } }, { "layer": 0.0, "object": "obj_collisioncheck", "deleted": 0.0, "variables": { "x": 815.0, "flipX": 0.0, "y": 244.0, "flipY": 0.0, "image_xscale": 2.5, "on_repeat": "true", "target_obj": "obj_pizzaball", "image_yscale": 1.90625, "enter_target_trigger_id": 4.0, "exit_target_trigger_id": 4.0 } }, { "layer": 0.0, "object": "obj_collisioncheck", "deleted": 0.0, "variables": { "x": 861.0, "flipX": 0.0, "y": 227.0, "flipY": 0.0, "image_xscale": 1.46875, "on_repeat": "true", "target_obj": "obj_pizzaball", "image_yscale": 1.40625, "enter_target_trigger_id": 4.0, "exit_target_trigger_id": 4.0 } }, { "layer": 0.0, "object": "obj_collisioncheck", "deleted": 0.0, "variables": { "x": 928.0, "flipX": 0.0, "y": -256.0, "flipY": 0.0, "image_xscale": 1.3125, "on_repeat": "true", "target_obj": "obj_pizzaball", "image_yscale": 1.21875, "enter_target_trigger_id": 4.0, "exit_target_trigger_id": 4.0 } }, { "layer": 0.0, "object": "obj_collisioncheck", "deleted": 0.0, "variables": { "x": 896.0, "flipX": 0.0, "y": -256.0, "flipY": 0.0, "image_xscale": 1.3125, "on_repeat": "true", "target_obj": "obj_pizzaball", "image_yscale": 1.21875, "enter_target_trigger_id": 4.0, "exit_target_trigger_id": 4.0 } }, { "layer": 0.0, "object": "obj_collisioncheck", "deleted": 0.0, "variables": { "x": 800.0, "flipX": 0.0, "y": -288.0, "flipY": 0.0, "image_xscale": 1.3125, "on_repeat": "true", "target_obj": "obj_pizzaball", "image_yscale": 1.21875, "enter_target_trigger_id": 4.0, "exit_target_trigger_id": 4.0 } }, { "layer": 0.0, "object": "obj_sprite", "deleted": 0.0, "variables": { "x": 896.0, "flipX": 0.0, "y": 192.0, "flipY": 0.0, "image_xscale": 1.0, "image_yscale": 9.0, "depth": 100.0, "sprite_index": "camstand" } }, { "layer": 0.0, "object": "obj_collisioncheck", "deleted": 0.0, "variables": { "x": 766.0, "flipX": 0.0, "y": 271.0, "flipY": 0.0, "image_xscale": 3.0, "on_repeat": "true", "target_obj": "obj_pizzaball", "image_yscale": 3.0, "enter_target_trigger_id": 4.0, "exit_target_trigger_id": 4.0 } }, { "layer": 0.0, "object": "obj_collisioncheck", "deleted": 0.0, "variables": { "x": -608.0, "flipX": 0.0, "on_trigger": "false", "image_xscale": 0.96875, "target_obj": "obj_pizzaball", "multi": "true", "enter_target_trigger_id": 2.0, "on_touch": "false", "y": -320.0, "flipY": 0.0, "on_repeat": "true", "image_yscale": 4.0625, "on_start": "false", "exit_target_trigger_id": 2.0 } }, { "layer": 0.0, "object": "obj_collisioncheck", "deleted": 0.0, "variables": { "x": 1029.0, "flipX": 0.0, "on_trigger": "false", "image_xscale": 0.96875, "target_obj": "obj_pizzaball", "multi": "true", "enter_target_trigger_id": 2.0, "on_touch": "false", "y": 330.0, "flipY": 0.0, "on_repeat": "true", "image_yscale": 4.0625, "on_start": "false", "exit_target_trigger_id": 2.0 } }, { "layer": 0.0, "object": "obj_createobject", "deleted": 0.0, "variables": { "x": 906.0, "flipX": 0.0, "on_trigger": "true", "image_xscale": 1.0, "content": "obj_teleporter", "on_touch": "false", "y": 246.0, "flipY": 0.0, "visible": "false", "image_yscale": 1.0, "on_start": "false", "trigger_id": 2.0 } }, { "layer": 0.0, "object": "obj_ballgoal", "deleted": 0.0, "variables": { "x": 1049.5, "flipX": 0.0, "y": 382.0, "flipY": 0.0, "image_xscale": 0.25, "visible": "false", "image_yscale": 1.4700000286102294921875 } }, { "layer": 0.0, "object": "obj_solid", "deleted": 0.0, "variables": { "x": -256.0, "flipX": 0.0, "y": -320.0, "flipY": 0.0, "image_xscale": 7.0, "image_yscale": 2.0 } }, { "layer": 0.0, "object": "obj_unclimbablewall", "deleted": 0.0, "variables": { "x": -256.0, "flipX": 0.0, "y": -256.0, "flipY": 0.0, "image_xscale": 1.0, "image_yscale": 24.0 } }, { "layer": 0.0, "object": "obj_solid", "deleted": 0.0, "variables": { "x": -256.0, "flipX": 0.0, "y": 128.0, "flipY": 0.0, "image_xscale": 7.0, "image_yscale": 3.0 } }, { "layer": 0.0, "object": "obj_verticalhallway", "deleted": 0.0, "variables": { "targetDoor": "B", "x": -224.0, "flipX": 0.0, "y": 96.0, "flipY": 0.0, "image_xscale": 2.484375, "image_yscale": 1.0, "targetRoom": "secretmain" } }, { "layer": 0.0, "object": "obj_teleporter", "deleted": 0.0, "variables": { "x": -140.0, "flipX": 0.0, "start": "false", "y": -193.0, "flipY": 0.0, "image_xscale": 1.0, "image_yscale": 1.0 } }, { "layer": 0.0, "object": "obj_unclimbablewall", "deleted": 0.0, "variables": { "x": -64.0, "flipX": 0.0, "y": -256.0, "flipY": 0.0, "image_xscale": 1.0, "image_yscale": 24.0 } }, { "layer": 0.0, "object": "obj_collisioncheck", "deleted": 0.0, "variables": { "x": 704.0, "flipX": 0.0, "y": 314.0, "flipY": 0.0, "image_xscale": 4.25, "on_repeat": "true", "target_obj": "obj_pizzaball", "image_yscale": 2.09375, "enter_target_trigger_id": 4.0, "exit_target_trigger_id": 4.0 } } ], "tile_data": { "5": { "736_480": { "flipX": 1.0, "flipY": 1.0, "tileset": "golfoutside\/tile_wtg2", "coord": [ 2.0, 1.0 ], "autotile_index": 0.0, "autotile": 1.0 }, "416_512": { "flipX": 1.0, "flipY": 1.0, "tileset": "golfoutside\/tile_wtg2", "coord": [ 2.0, 2.0 ], "autotile_index": 0.0, "autotile": 1.0 }, "1216_320": { "flipX": 1.0, "flipY": 1.0, "tileset": "golfoutside\/tile_wtg2", "coord": [ 2.0, 2.0 ], "autotile_index": 0.0, "autotile": 0.0 }, "1152_288": { "flipX": 1.0, "flipY": 1.0, "tileset": "golfoutside\/tile_wtg2", "coord": [ 0.0, 1.0 ], "autotile_index": 0.0, "autotile": 0.0 }, "1248_64": { "flipX": 1.0, "flipY": 1.0, "tileset": "golfoutside\/tile_wtg2", "coord": [ 2.0, 2.0 ], "autotile_index": 0.0, "autotile": 0.0 }, "480_448": { "flipX": 1.0, "flipY": 1.0, "tileset": "golfoutside\/tile_wtg2", "coord": [ 2.0, 0.0 ], "autotile_index": 0.0, "autotile": 1.0 }, "32_384": { "flipX": 1.0, "flipY": 1.0, "tileset": "golfoutside\/tile_wtg2", "coord": [ 2.0, 2.0 ], "autotile_index": 0.0, "autotile": 1.0 }, "1184_448": { "flipX": 1.0, "flipY": 1.0, "tileset": "golfoutside\/tile_wtg2", "coord": [ 7.0, 2.0 ], "autotile_index": 0.0, "autotile": 0.0 }, "32_448": { "flipX": 1.0, "flipY": 1.0, "tileset": "golfoutside\/tile_wtg2", "coord": [ 2.0, 2.0 ], "autotile_index": 0.0, "autotile": 1.0 }, "1248_416": { "flipX": 1.0, "flipY": 1.0, "tileset": "golfoutside\/tile_wtg2", "coord": [ 2.0, 3.0 ], "autotile_index": 0.0, "autotile": 0.0 }, "64_64": { "flipX": 1.0, "flipY": 1.0, "tileset": "golfoutside\/tile_wtg2", "coord": [ 3.0, 2.0 ], "autotile_index": 0.0, "autotile": 1.0 }, "1312_480": { "flipX": 1.0, "flipY": 1.0, "tileset": "golfoutside\/tile_wtg2", "coord": [ 0.0, 0.0 ], "autotile_index": 0.0, "autotile": 1.0 }, "1184_288": { "flipX": 1.0, "flipY": 1.0, "tileset": "golfoutside\/tile_wtg2", "coord": [ 1.0, 2.0 ], "autotile_index": 0.0, "autotile": 0.0 }, "736_512": { "flipX": 1.0, "flipY": 1.0, "tileset": "golfoutside\/tile_wtg2", "coord": [ 2.0, 2.0 ], "autotile_index": 0.0, "autotile": 1.0 }, "32_352": { "flipX": 1.0, "flipY": 1.0, "tileset": "golfoutside\/tile_wtg2", "coord": [ 2.0, 2.0 ], "autotile_index": 0.0, "autotile": 1.0 }, "0_512": { "flipX": 1.0, "flipY": 1.0, "tileset": "golfoutside\/tile_wtg2", "coord": [ 2.0, 2.0 ], "autotile_index": 0.0, "autotile": 1.0 }, "64_224": { "flipX": 1.0, "flipY": 1.0, "tileset": "golfoutside\/tile_wtg2", "coord": [ 3.0, 2.0 ], "autotile_index": 0.0, "autotile": 1.0 }, "96_448": { "flipX": 1.0, "flipY": 1.0, "tileset": "golfoutside\/tile_wtg2", "coord": [ 6.0, 3.0 ], "autotile_index": 0.0, "autotile": 1.0 }, "0_288": { "flipX": 1.0, "flipY": 1.0, "tileset": "golfoutside\/tile_wtg2", "coord": [ 2.0, 2.0 ], "autotile_index": 0.0, "autotile": 1.0 }, "96_128": { "flipX": 1.0, "flipY": 1.0, "tileset": "golfoutside\/tile_wtg2", "coord": [ 4.0, 3.0 ], "autotile_index": 0.0, "autotile": 1.0 }, "1152_224": { "flipX": 1.0, "flipY": 1.0, "tileset": "golfoutside\/tile_wtg2", "coord": [ 0.0, 1.0 ], "autotile_index": 0.0, "autotile": 0.0 }, "864_512": { "flipX": 1.0, "flipY": 1.0, "tileset": "golfoutside\/tile_wtg2", "coord": [ 2.0, 2.0 ], "autotile_index": 0.0, "autotile": 1.0 }, "96_288": { "flipX": 1.0, "flipY": 1.0, "tileset": "golfoutside\/tile_wtg2", "coord": [ 4.0, 3.0 ], "autotile_index": 0.0, "autotile": 1.0 }, "1184_32": { "flipX": 1.0, "flipY": 1.0, "tileset": "golfoutside\/tile_wtg2", "coord": [ 1.0, 2.0 ], "autotile_index": 0.0, "autotile": 0.0 }, "576_448": { "flipX": 1.0, "flipY": 1.0, "tileset": "golfoutside\/tile_wtg2", "coord": [ 1.0, 0.0 ], "autotile_index": 0.0, "autotile": 1.0 }, "1216_416": { "flipX": 1.0, "flipY": 1.0, "tileset": "golfoutside\/tile_wtg2", "coord": [ 2.0, 3.0 ], "autotile_index": 0.0, "autotile": 0.0 }, "1216_224": { "flipX": 1.0, "flipY": 1.0, "tileset": "golfoutside\/tile_wtg2", "coord": [ 2.0, 2.0 ], "autotile_index": 0.0, "autotile": 0.0 }, "992_512": { "flipX": 1.0, "flipY": 1.0, "tileset": "golfoutside\/tile_wtg2", "coord": [ 2.0, 2.0 ], "autotile_index": 0.0, "autotile": 1.0 }, "96_352": { "flipX": 1.0, "flipY": 1.0, "tileset": "golfoutside\/tile_wtg2", "coord": [ 4.0, 2.0 ], "autotile_index": 0.0, "autotile": 1.0 }, "1184_64": { "flipX": 1.0, "flipY": 1.0, "tileset": "golfoutside\/tile_wtg2", "coord": [ 1.0, 2.0 ], "autotile_index": 0.0, "autotile": 0.0 }, "1056_512": { "flipX": 1.0, "flipY": 1.0, "tileset": "golfoutside\/tile_wtg2", "coord": [ 2.0, 2.0 ], "autotile_index": 0.0, "autotile": 1.0 }, "128_480": { "flipX": 1.0, "flipY": 1.0, "tileset": "golfoutside\/tile_wtg2", "coord": [ 2.0, 1.0 ], "autotile_index": 0.0, "autotile": 1.0 }, "480_480": { "flipX": 1.0, "flipY": 1.0, "tileset": "golfoutside\/tile_wtg2", "coord": [ 2.0, 1.0 ], "autotile_index": 0.0, "autotile": 1.0 }, "832_448": { "flipX": 1.0, "flipY": 1.0, "tileset": "golfoutside\/tile_wtg2", "coord": [ 1.0, 0.0 ], "autotile_index": 0.0, "autotile": 1.0 }, "736_448": { "flipX": 1.0, "flipY": 1.0, "tileset": "golfoutside\/tile_wtg2", "coord": [ 1.0, 0.0 ], "autotile_index": 0.0, "autotile": 1.0 }, "544_512": { "flipX": 1.0, "flipY": 1.0, "tileset": "golfoutside\/tile_wtg2", "coord": [ 2.0, 2.0 ], "autotile_index": 0.0, "autotile": 1.0 }, "1056_416": { "flipX": 1.0, "flipY": 1.0, "tileset": "golfoutside\/tile_wtg2", "coord": [ 10.0, 21.0 ], "autotile_index": 0.0, "autotile": 0.0 }, "0_192": { "flipX": 1.0, "flipY": 1.0, "tileset": "golfoutside\/tile_wtg2", "coord": [ 2.0, 2.0 ], "autotile_index": 0.0, "autotile": 1.0 }, "1152_384": { "flipX": 1.0, "flipY": 1.0, "tileset": "golfoutside\/tile_wtg2", "coord": [ 0.0, 1.0 ], "autotile_index": 0.0, "autotile": 0.0 }, "1216_256": { "flipX": 1.0, "flipY": 1.0, "tileset": "golfoutside\/tile_wtg2", "coord": [ 2.0, 2.0 ], "autotile_index": 0.0, "autotile": 0.0 }, "0_-32": { "flipX": 1.0, "flipY": 1.0, "tileset": "golfoutside\/tile_wtg2", "coord": [ 0.0, 0.0 ], "autotile_index": 0.0, "autotile": 1.0 }, "64_320": { "flipX": 1.0, "flipY": 1.0, "tileset": "golfoutside\/tile_wtg2", "coord": [ 3.0, 2.0 ], "autotile_index": 0.0, "autotile": 1.0 }, "608_512": { "flipX": 1.0, "flipY": 1.0, "tileset": "golfoutside\/tile_wtg2", "coord": [ 2.0, 2.0 ], "autotile_index": 0.0, "autotile": 1.0 }, "1024_352": { "flipX": 1.0, "flipY": 1.0, "tileset": "golfoutside\/tile_wtg2", "coord": [ 9.0, 19.0 ], "autotile_index": 0.0, "autotile": 0.0 }, "1152_128": { "flipX": 1.0, "flipY": 1.0, "tileset": "golfoutside\/tile_wtg2", "coord": [ 0.0, 3.0 ], "autotile_index": 0.0, "autotile": 0.0 }, "32_480": { "flipX": 1.0, "flipY": 1.0, "tileset": "golfoutside\/tile_wtg2", "coord": [ 2.0, 2.0 ], "autotile_index": 0.0, "autotile": 1.0 }, "160_448": { "flipX": 1.0, "flipY": 1.0, "tileset": "golfoutside\/tile_wtg2", "coord": [ 3.0, 0.0 ], "autotile_index": 0.0, "autotile": 1.0 }, "1184_480": { "flipX": 1.0, "flipY": 1.0, "tileset": "golfoutside\/tile_wtg2", "coord": [ 9.0, 4.0 ], "autotile_index": 0.0, "autotile": 1.0 }, "0_32": { "flipX": 1.0, "flipY": 1.0, "tileset": "golfoutside\/tile_wtg2", "coord": [ 2.0, 2.0 ], "autotile_index": 0.0, "autotile": 1.0 }, "1120_480": { "flipX": 1.0, "flipY": 1.0, "tileset": "golfoutside\/tile_wtg2", "coord": [ 2.0, 1.0 ], "autotile_index": 0.0, "autotile": 1.0 }, "1184_320": { "flipX": 1.0, "flipY": 1.0, "tileset": "golfoutside\/tile_wtg2", "coord": [ 1.0, 2.0 ], "autotile_index": 0.0, "autotile": 0.0 }, "64_288": { "flipX": 1.0, "flipY": 1.0, "tileset": "golfoutside\/tile_wtg2", "coord": [ 3.0, 2.0 ], "autotile_index": 0.0, "autotile": 1.0 }, "32_96": { "flipX": 1.0, "flipY": 1.0, "tileset": "golfoutside\/tile_wtg2", "coord": [ 2.0, 2.0 ], "autotile_index": 0.0, "autotile": 1.0 }, "384_512": { "flipX": 1.0, "flipY": 1.0, "tileset": "golfoutside\/tile_wtg2", "coord": [ 2.0, 2.0 ], "autotile_index": 0.0, "autotile": 1.0 }, "-32_-32": { "flipX": 1.0, "flipY": 1.0, "tileset": "golfoutside\/tile_wtg2", "coord": [ 0.0, 0.0 ], "autotile_index": 0.0, "autotile": 1.0 }, "64_32": { "flipX": 1.0, "flipY": 1.0, "tileset": "golfoutside\/tile_wtg2", "coord": [ 3.0, 2.0 ], "autotile_index": 0.0, "autotile": 1.0 }, "352_448": { "flipX": 1.0, "flipY": 1.0, "tileset": "golfoutside\/tile_wtg2", "coord": [ 1.0, 0.0 ], "autotile_index": 0.0, "autotile": 1.0 }, "1184_256": { "flipX": 1.0, "flipY": 1.0, "tileset": "golfoutside\/tile_wtg2", "coord": [ 1.0, 2.0 ], "autotile_index": 0.0, "autotile": 0.0 }, "64_384": { "flipX": 1.0, "flipY": 1.0, "tileset": "golfoutside\/tile_wtg2", "coord": [ 3.0, 2.0 ], "autotile_index": 0.0, "autotile": 1.0 }, "992_480": { "flipX": 1.0, "flipY": 1.0, "tileset": "golfoutside\/tile_wtg2", "coord": [ 2.0, 1.0 ], "autotile_index": 0.0, "autotile": 1.0 }, "64_96": { "flipX": 1.0, "flipY": 1.0, "tileset": "golfoutside\/tile_wtg2", "coord": [ 3.0, 2.0 ], "autotile_index": 0.0, "autotile": 1.0 }, "1216_512": { "flipX": 1.0, "flipY": 1.0, "tileset": "golfoutside\/tile_wtg2", "coord": [ 2.0, 2.0 ], "autotile_index": 0.0, "autotile": 1.0 }, "1152_416": { "flipX": 1.0, "flipY": 1.0, "tileset": "golfoutside\/tile_wtg2", "coord": [ 0.0, 3.0 ], "autotile_index": 0.0, "autotile": 0.0 }, "1216_384": { "flipX": 1.0, "flipY": 1.0, "tileset": "golfoutside\/tile_wtg2", "coord": [ 2.0, 2.0 ], "autotile_index": 0.0, "autotile": 0.0 }, "640_448": { "flipX": 1.0, "flipY": 1.0, "tileset": "golfoutside\/tile_wtg2", "coord": [ 2.0, 0.0 ], "autotile_index": 0.0, "autotile": 1.0 }, "1024_448": { "flipX": 1.0, "flipY": 1.0, "tileset": "golfoutside\/tile_wtg2", "coord": [ 1.0, 0.0 ], "autotile_index": 0.0, "autotile": 0.0 }, "1024_416": { "flipX": 1.0, "flipY": 1.0, "tileset": "golfoutside\/tile_wtg2", "coord": [ 9.0, 21.0 ], "autotile_index": 0.0, "autotile": 0.0 }, "0_416": { "flipX": 1.0, "flipY": 1.0, "tileset": "golfoutside\/tile_wtg2", "coord": [ 2.0, 2.0 ], "autotile_index": 0.0, "autotile": 1.0 }, "288_480": { "flipX": 1.0, "flipY": 1.0, "tileset": "golfoutside\/tile_wtg2", "coord": [ 2.0, 1.0 ], "autotile_index": 0.0, "autotile": 1.0 }, "32_128": { "flipX": 1.0, "flipY": 1.0, "tileset": "golfoutside\/tile_wtg2", "coord": [ 2.0, 2.0 ], "autotile_index": 0.0, "autotile": 1.0 }, "1152_448": { "flipX": 1.0, "flipY": 1.0, "tileset": "golfoutside\/tile_wtg2", "coord": [ 8.0, 3.0 ], "autotile_index": 0.0, "autotile": 0.0 }, "1248_480": { "flipX": 1.0, "flipY": 1.0, "tileset": "golfoutside\/tile_wtg2", "coord": [ 2.0, 2.0 ], "autotile_index": 0.0, "autotile": 1.0 }, "448_480": { "flipX": 1.0, "flipY": 1.0, "tileset": "golfoutside\/tile_wtg2", "coord": [ 2.0, 1.0 ], "autotile_index": 0.0, "autotile": 1.0 }, "0_256": { "flipX": 1.0, "flipY": 1.0, "tileset": "golfoutside\/tile_wtg2", "coord": [ 2.0, 2.0 ], "autotile_index": 0.0, "autotile": 1.0 }, "1088_448": { "flipX": 1.0, "flipY": 1.0, "tileset": "golfoutside\/tile_wtg2", "coord": [ 3.0, 0.0 ], "autotile_index": 0.0, "autotile": 0.0 }, "1152_192": { "flipX": 1.0, "flipY": 1.0, "tileset": "golfoutside\/tile_wtg2", "coord": [ 0.0, 2.0 ], "autotile_index": 0.0, "autotile": 0.0 }, "96_256": { "flipX": 1.0, "flipY": 1.0, "tileset": "golfoutside\/tile_wtg2", "coord": [ 4.0, 3.0 ], "autotile_index": 0.0, "autotile": 1.0 }, "64_160": { "flipX": 1.0, "flipY": 1.0, "tileset": "golfoutside\/tile_wtg2", "coord": [ 3.0, 2.0 ], "autotile_index": 0.0, "autotile": 1.0 }, "1152_64": { "flipX": 1.0, "flipY": 1.0, "tileset": "golfoutside\/tile_wtg2", "coord": [ 0.0, 1.0 ], "autotile_index": 0.0, "autotile": 0.0 }, "864_480": { "flipX": 1.0, "flipY": 1.0, "tileset": "golfoutside\/tile_wtg2", "coord": [ 2.0, 1.0 ], "autotile_index": 0.0, "autotile": 1.0 }, "960_512": { "flipX": 1.0, "flipY": 1.0, "tileset": "golfoutside\/tile_wtg2", "coord": [ 2.0, 2.0 ], "autotile_index": 0.0, "autotile": 1.0 }, "0_0": { "flipX": 1.0, "flipY": 1.0, "tileset": "golfoutside\/tile_wtg2", "coord": [ 2.0, 2.0 ], "autotile_index": 0.0, "autotile": 1.0 }, "544_448": { "flipX": 1.0, "flipY": 1.0, "tileset": "golfoutside\/tile_wtg2", "coord": [ 2.0, 0.0 ], "autotile_index": 0.0, "autotile": 1.0 }, "0_128": { "flipX": 1.0, "flipY": 1.0, "tileset": "golfoutside\/tile_wtg2", "coord": [ 2.0, 2.0 ], "autotile_index": 0.0, "autotile": 1.0 }, "928_448": { "flipX": 1.0, "flipY": 1.0, "tileset": "golfoutside\/tile_wtg2", "coord": [ 2.0, 0.0 ], "autotile_index": 0.0, "autotile": 1.0 }, "32_224": { "flipX": 1.0, "flipY": 1.0, "tileset": "golfoutside\/tile_wtg2", "coord": [ 2.0, 2.0 ], "autotile_index": 0.0, "autotile": 1.0 }, "1280_480": { "flipX": 1.0, "flipY": 1.0, "tileset": "golfoutside\/tile_wtg2", "coord": [ 0.0, 0.0 ], "autotile_index": 0.0, "autotile": 1.0 }, "1312_512": { "flipX": 1.0, "flipY": 1.0, "tileset": "golfoutside\/tile_wtg2", "coord": [ 0.0, 0.0 ], "autotile_index": 0.0, "autotile": 1.0 }, "800_512": { "flipX": 1.0, "flipY": 1.0, "tileset": "golfoutside\/tile_wtg2", "coord": [ 2.0, 2.0 ], "autotile_index": 0.0, "autotile": 1.0 }, "64_512": { "flipX": 1.0, "flipY": 1.0, "tileset": "golfoutside\/tile_wtg2", "coord": [ 2.0, 2.0 ], "autotile_index": 0.0, "autotile": 1.0 }, "32_64": { "flipX": 1.0, "flipY": 1.0, "tileset": "golfoutside\/tile_wtg2", "coord": [ 2.0, 2.0 ], "autotile_index": 0.0, "autotile": 1.0 }, "32_32": { "flipX": 1.0, "flipY": 1.0, "tileset": "golfoutside\/tile_wtg2", "coord": [ 2.0, 2.0 ], "autotile_index": 0.0, "autotile": 1.0 }, "800_448": { "flipX": 1.0, "flipY": 1.0, "tileset": "golfoutside\/tile_wtg2", "coord": [ 2.0, 0.0 ], "autotile_index": 0.0, "autotile": 1.0 }, "1120_448": { "flipX": 1.0, "flipY": 1.0, "tileset": "golfoutside\/tile_wtg2", "coord": [ 2.0, 0.0 ], "autotile_index": 0.0, "autotile": 0.0 }, "192_512": { "flipX": 1.0, "flipY": 1.0, "tileset": "golfoutside\/tile_wtg2", "coord": [ 2.0, 2.0 ], "autotile_index": 0.0, "autotile": 1.0 }, "1248_320": { "flipX": 1.0, "flipY": 1.0, "tileset": "golfoutside\/tile_wtg2", "coord": [ 2.0, 2.0 ], "autotile_index": 0.0, "autotile": 0.0 }, "1216_32": { "flipX": 1.0, "flipY": 1.0, "tileset": "golfoutside\/tile_wtg2", "coord": [ 2.0, 2.0 ], "autotile_index": 0.0, "autotile": 0.0 }, "1216_352": { "flipX": 1.0, "flipY": 1.0, "tileset": "golfoutside\/tile_wtg2", "coord": [ 2.0, 2.0 ], "autotile_index": 0.0, "autotile": 0.0 }, "384_480": { "flipX": 1.0, "flipY": 1.0, "tileset": "golfoutside\/tile_wtg2", "coord": [ 2.0, 1.0 ], "autotile_index": 0.0, "autotile": 1.0 }, "1248_160": { "flipX": 1.0, "flipY": 1.0, "tileset": "golfoutside\/tile_wtg2", "coord": [ 2.0, 2.0 ], "autotile_index": 0.0, "autotile": 0.0 }, "64_448": { "flipX": 1.0, "flipY": 1.0, "tileset": "golfoutside\/tile_wtg2", "coord": [ 3.0, 2.0 ], "autotile_index": 0.0, "autotile": 1.0 }, "32_416": { "flipX": 1.0, "flipY": 1.0, "tileset": "golfoutside\/tile_wtg2", "coord": [ 2.0, 2.0 ], "autotile_index": 0.0, "autotile": 1.0 }, "288_448": { "flipX": 1.0, "flipY": 1.0, "tileset": "golfoutside\/tile_wtg2", "coord": [ 1.0, 0.0 ], "autotile_index": 0.0, "autotile": 1.0 }, "672_512": { "flipX": 1.0, "flipY": 1.0, "tileset": "golfoutside\/tile_wtg2", "coord": [ 2.0, 2.0 ], "autotile_index": 0.0, "autotile": 1.0 }, "1216_288": { "flipX": 1.0, "flipY": 1.0, "tileset": "golfoutside\/tile_wtg2", "coord": [ 2.0, 2.0 ], "autotile_index": 0.0, "autotile": 0.0 }, "96_192": { "flipX": 1.0, "flipY": 1.0, "tileset": "golfoutside\/tile_wtg2", "coord": [ 4.0, 1.0 ], "autotile_index": 0.0, "autotile": 1.0 }, "928_512": { "flipX": 1.0, "flipY": 1.0, "tileset": "golfoutside\/tile_wtg2", "coord": [ 2.0, 2.0 ], "autotile_index": 0.0, "autotile": 1.0 }, "128_512": { "flipX": 1.0, "flipY": 1.0, "tileset": "golfoutside\/tile_wtg2", "coord": [ 2.0, 2.0 ], "autotile_index": 0.0, "autotile": 1.0 }, "0_384": { "flipX": 1.0, "flipY": 1.0, "tileset": "golfoutside\/tile_wtg2", "coord": [ 2.0, 2.0 ], "autotile_index": 0.0, "autotile": 1.0 }, "1248_384": { "flipX": 1.0, "flipY": 1.0, "tileset": "golfoutside\/tile_wtg2", "coord": [ 2.0, 2.0 ], "autotile_index": 0.0, "autotile": 0.0 }, "256_512": { "flipX": 1.0, "flipY": 1.0, "tileset": "golfoutside\/tile_wtg2", "coord": [ 2.0, 2.0 ], "autotile_index": 0.0, "autotile": 1.0 }, "96_512": { "flipX": 1.0, "flipY": 1.0, "tileset": "golfoutside\/tile_wtg2", "coord": [ 2.0, 2.0 ], "autotile_index": 0.0, "autotile": 1.0 }, "-32_32": { "flipX": 1.0, "flipY": 1.0, "tileset": "golfoutside\/tile_wtg2", "coord": [ 0.0, 0.0 ], "autotile_index": 0.0, "autotile": 1.0 }, "832_512": { "flipX": 1.0, "flipY": 1.0, "tileset": "golfoutside\/tile_wtg2", "coord": [ 2.0, 2.0 ], "autotile_index": 0.0, "autotile": 1.0 }, "1216_128": { "flipX": 1.0, "flipY": 1.0, "tileset": "golfoutside\/tile_wtg2", "coord": [ 2.0, 2.0 ], "autotile_index": 0.0, "autotile": 0.0 }, "1152_256": { "flipX": 1.0, "flipY": 1.0, "tileset": "golfoutside\/tile_wtg2", "coord": [ 0.0, 2.0 ], "autotile_index": 0.0, "autotile": 0.0 }, "1184_384": { "flipX": 1.0, "flipY": 1.0, "tileset": "golfoutside\/tile_wtg2", "coord": [ 1.0, 2.0 ], "autotile_index": 0.0, "autotile": 0.0 }, "352_480": { "flipX": 1.0, "flipY": 1.0, "tileset": "golfoutside\/tile_wtg2", "coord": [ 2.0, 1.0 ], "autotile_index": 0.0, "autotile": 1.0 }, "288_512": { "flipX": 1.0, "flipY": 1.0, "tileset": "golfoutside\/tile_wtg2", "coord": [ 2.0, 2.0 ], "autotile_index": 0.0, "autotile": 1.0 }, "512_512": { "flipX": 1.0, "flipY": 1.0, "tileset": "golfoutside\/tile_wtg2", "coord": [ 2.0, 2.0 ], "autotile_index": 0.0, "autotile": 1.0 }, "64_416": { "flipX": 1.0, "flipY": 1.0, "tileset": "golfoutside\/tile_wtg2", "coord": [ 3.0, 2.0 ], "autotile_index": 0.0, "autotile": 1.0 }, "896_448": { "flipX": 1.0, "flipY": 1.0, "tileset": "golfoutside\/tile_wtg2", "coord": [ 3.0, 0.0 ], "autotile_index": 0.0, "autotile": 1.0 }, "1248_512": { "flipX": 1.0, "flipY": 1.0, "tileset": "golfoutside\/tile_wtg2", "coord": [ 2.0, 2.0 ], "autotile_index": 0.0, "autotile": 1.0 }, "32_512": { "flipX": 1.0, "flipY": 1.0, "tileset": "golfoutside\/tile_wtg2", "coord": [ 2.0, 2.0 ], "autotile_index": 0.0, "autotile": 1.0 }, "1248_192": { "flipX": 1.0, "flipY": 1.0, "tileset": "golfoutside\/tile_wtg2", "coord": [ 2.0, 2.0 ], "autotile_index": 0.0, "autotile": 0.0 }, "320_480": { "flipX": 1.0, "flipY": 1.0, "tileset": "golfoutside\/tile_wtg2", "coord": [ 2.0, 1.0 ], "autotile_index": 0.0, "autotile": 1.0 }, "-32_0": { "flipX": 1.0, "flipY": 1.0, "tileset": "golfoutside\/tile_wtg2", "coord": [ 0.0, 0.0 ], "autotile_index": 0.0, "autotile": 1.0 }, "224_480": { "flipX": 1.0, "flipY": 1.0, "tileset": "golfoutside\/tile_wtg2", "coord": [ 2.0, 1.0 ], "autotile_index": 0.0, "autotile": 1.0 }, "1248_448": { "flipX": 1.0, "flipY": 1.0, "tileset": "golfoutside\/tile_wtg2", "coord": [ 2.0, 2.0 ], "autotile_index": 0.0, "autotile": 1.0 }, "1024_384": { "flipX": 1.0, "flipY": 1.0, "tileset": "golfoutside\/tile_wtg2", "coord": [ 9.0, 20.0 ], "autotile_index": 0.0, "autotile": 0.0 }, "128_448": { "flipX": 1.0, "flipY": 1.0, "tileset": "golfoutside\/tile_wtg2", "coord": [ 2.0, 0.0 ], "autotile_index": 0.0, "autotile": 1.0 }, "64_192": { "flipX": 1.0, "flipY": 1.0, "tileset": "golfoutside\/tile_wtg2", "coord": [ 3.0, 2.0 ], "autotile_index": 0.0, "autotile": 1.0 }, "0_352": { "flipX": 1.0, "flipY": 1.0, "tileset": "golfoutside\/tile_wtg2", "coord": [ 2.0, 2.0 ], "autotile_index": 0.0, "autotile": 1.0 }, "32_160": { "flipX": 1.0, "flipY": 1.0, "tileset": "golfoutside\/tile_wtg2", "coord": [ 2.0, 2.0 ], "autotile_index": 0.0, "autotile": 1.0 }, "1248_224": { "flipX": 1.0, "flipY": 1.0, "tileset": "golfoutside\/tile_wtg2", "coord": [ 2.0, 2.0 ], "autotile_index": 0.0, "autotile": 0.0 }, "0_320": { "flipX": 1.0, "flipY": 1.0, "tileset": "golfoutside\/tile_wtg2", "coord": [ 2.0, 2.0 ], "autotile_index": 0.0, "autotile": 1.0 }, "384_448": { "flipX": 1.0, "flipY": 1.0, "tileset": "golfoutside\/tile_wtg2", "coord": [ 2.0, 0.0 ], "autotile_index": 0.0, "autotile": 1.0 }, "1088_512": { "flipX": 1.0, "flipY": 1.0, "tileset": "golfoutside\/tile_wtg2", "coord": [ 2.0, 2.0 ], "autotile_index": 0.0, "autotile": 1.0 }, "1216_160": { "flipX": 1.0, "flipY": 1.0, "tileset": "golfoutside\/tile_wtg2", "coord": [ 2.0, 2.0 ], "autotile_index": 0.0, "autotile": 0.0 }, "896_480": { "flipX": 1.0, "flipY": 1.0, "tileset": "golfoutside\/tile_wtg2", "coord": [ 2.0, 1.0 ], "autotile_index": 0.0, "autotile": 1.0 }, "448_448": { "flipX": 1.0, "flipY": 1.0, "tileset": "golfoutside\/tile_wtg2", "coord": [ 1.0, 0.0 ], "autotile_index": 0.0, "autotile": 1.0 }, "1152_32": { "flipX": 1.0, "flipY": 1.0, "tileset": "golfoutside\/tile_wtg2", "coord": [ 0.0, 1.0 ], "autotile_index": 0.0, "autotile": 0.0 }, "896_512": { "flipX": 1.0, "flipY": 1.0, "tileset": "golfoutside\/tile_wtg2", "coord": [ 2.0, 2.0 ], "autotile_index": 0.0, "autotile": 1.0 }, "320_512": { "flipX": 1.0, "flipY": 1.0, "tileset": "golfoutside\/tile_wtg2", "coord": [ 2.0, 2.0 ], "autotile_index": 0.0, "autotile": 1.0 }, "1248_128": { "flipX": 1.0, "flipY": 1.0, "tileset": "golfoutside\/tile_wtg2", "coord": [ 2.0, 2.0 ], "autotile_index": 0.0, "autotile": 0.0 }, "640_512": { "flipX": 1.0, "flipY": 1.0, "tileset": "golfoutside\/tile_wtg2", "coord": [ 2.0, 2.0 ], "autotile_index": 0.0, "autotile": 1.0 }, "608_480": { "flipX": 1.0, "flipY": 1.0, "tileset": "golfoutside\/tile_wtg2", "coord": [ 2.0, 1.0 ], "autotile_index": 0.0, "autotile": 1.0 }, "64_0": { "flipX": 1.0, "flipY": 1.0, "tileset": "golfoutside\/tile_wtg2", "coord": [ 3.0, 2.0 ], "autotile_index": 0.0, "autotile": 1.0 }, "192_448": { "flipX": 1.0, "flipY": 1.0, "tileset": "golfoutside\/tile_wtg2", "coord": [ 1.0, 0.0 ], "autotile_index": 0.0, "autotile": 1.0 }, "352_512": { "flipX": 1.0, "flipY": 1.0, "tileset": "golfoutside\/tile_wtg2", "coord": [ 2.0, 2.0 ], "autotile_index": 0.0, "autotile": 1.0 }, "768_512": { "flipX": 1.0, "flipY": 1.0, "tileset": "golfoutside\/tile_wtg2", "coord": [ 2.0, 2.0 ], "autotile_index": 0.0, "autotile": 1.0 }, "864_448": { "flipX": 1.0, "flipY": 1.0, "tileset": "golfoutside\/tile_wtg2", "coord": [ 2.0, 0.0 ], "autotile_index": 0.0, "autotile": 1.0 }, "32_256": { "flipX": 1.0, "flipY": 1.0, "tileset": "golfoutside\/tile_wtg2", "coord": [ 2.0, 2.0 ], "autotile_index": 0.0, "autotile": 1.0 }, "704_480": { "flipX": 1.0, "flipY": 1.0, "tileset": "golfoutside\/tile_wtg2", "coord": [ 2.0, 1.0 ], "autotile_index": 0.0, "autotile": 1.0 }, "96_480": { "flipX": 1.0, "flipY": 1.0, "tileset": "golfoutside\/tile_wtg2", "coord": [ 2.0, 1.0 ], "autotile_index": 0.0, "autotile": 1.0 }, "1152_0": { "flipX": 1.0, "flipY": 1.0, "tileset": "golfoutside\/tile_wtg2", "coord": [ 0.0, 1.0 ], "autotile_index": 0.0, "autotile": 0.0 }, "1280_448": { "flipX": 1.0, "flipY": 1.0, "tileset": "golfoutside\/tile_wtg2", "coord": [ 0.0, 0.0 ], "autotile_index": 0.0, "autotile": 1.0 }, "96_160": { "flipX": 1.0, "flipY": 1.0, "tileset": "golfoutside\/tile_wtg2", "coord": [ 4.0, 1.0 ], "autotile_index": 0.0, "autotile": 1.0 }, "64_128": { "flipX": 1.0, "flipY": 1.0, "tileset": "golfoutside\/tile_wtg2", "coord": [ 3.0, 2.0 ], "autotile_index": 0.0, "autotile": 1.0 }, "576_480": { "flipX": 1.0, "flipY": 1.0, "tileset": "golfoutside\/tile_wtg2", "coord": [ 2.0, 1.0 ], "autotile_index": 0.0, "autotile": 1.0 }, "512_448": { "flipX": 1.0, "flipY": 1.0, "tileset": "golfoutside\/tile_wtg2", "coord": [ 3.0, 0.0 ], "autotile_index": 0.0, "autotile": 1.0 }, "1184_416": { "flipX": 1.0, "flipY": 1.0, "tileset": "golfoutside\/tile_wtg2", "coord": [ 1.0, 3.0 ], "autotile_index": 0.0, "autotile": 0.0 }, "1184_96": { "flipX": 1.0, "flipY": 1.0, "tileset": "golfoutside\/tile_wtg2", "coord": [ 1.0, 2.0 ], "autotile_index": 0.0, "autotile": 0.0 }, "1152_352": { "flipX": 1.0, "flipY": 1.0, "tileset": "golfoutside\/tile_wtg2", "coord": [ 0.0, 3.0 ], "autotile_index": 0.0, "autotile": 0.0 }, "32_320": { "flipX": 1.0, "flipY": 1.0, "tileset": "golfoutside\/tile_wtg2", "coord": [ 2.0, 2.0 ], "autotile_index": 0.0, "autotile": 1.0 }, "800_480": { "flipX": 1.0, "flipY": 1.0, "tileset": "golfoutside\/tile_wtg2", "coord": [ 2.0, 1.0 ], "autotile_index": 0.0, "autotile": 1.0 }, "256_480": { "flipX": 1.0, "flipY": 1.0, "tileset": "golfoutside\/tile_wtg2", "coord": [ 2.0, 1.0 ], "autotile_index": 0.0, "autotile": 1.0 }, "1216_0": { "flipX": 1.0, "flipY": 1.0, "tileset": "golfoutside\/tile_wtg2", "coord": [ 2.0, 2.0 ], "autotile_index": 0.0, "autotile": 0.0 }, "1184_192": { "flipX": 1.0, "flipY": 1.0, "tileset": "golfoutside\/tile_wtg2", "coord": [ 1.0, 2.0 ], "autotile_index": 0.0, "autotile": 0.0 }, "416_448": { "flipX": 1.0, "flipY": 1.0, "tileset": "golfoutside\/tile_wtg2", "coord": [ 2.0, 0.0 ], "autotile_index": 0.0, "autotile": 1.0 }, "672_480": { "flipX": 1.0, "flipY": 1.0, "tileset": "golfoutside\/tile_wtg2", "coord": [ 2.0, 1.0 ], "autotile_index": 0.0, "autotile": 1.0 }, "1216_64": { "flipX": 1.0, "flipY": 1.0, "tileset": "golfoutside\/tile_wtg2", "coord": [ 2.0, 2.0 ], "autotile_index": 0.0, "autotile": 0.0 }, "1152_320": { "flipX": 1.0, "flipY": 1.0, "tileset": "golfoutside\/tile_wtg2", "coord": [ 0.0, 3.0 ], "autotile_index": 0.0, "autotile": 0.0 }, "0_480": { "flipX": 1.0, "flipY": 1.0, "tileset": "golfoutside\/tile_wtg2", "coord": [ 2.0, 2.0 ], "autotile_index": 0.0, "autotile": 1.0 }, "608_448": { "flipX": 1.0, "flipY": 1.0, "tileset": "golfoutside\/tile_wtg2", "coord": [ 1.0, 0.0 ], "autotile_index": 0.0, "autotile": 1.0 }, "96_64": { "flipX": 1.0, "flipY": 1.0, "tileset": "golfoutside\/tile_wtg2", "coord": [ 4.0, 1.0 ], "autotile_index": 0.0, "autotile": 1.0 }, "1184_512": { "flipX": 1.0, "flipY": 1.0, "tileset": "golfoutside\/tile_wtg2", "coord": [ 2.0, 2.0 ], "autotile_index": 0.0, "autotile": 1.0 }, "1152_512": { "flipX": 1.0, "flipY": 1.0, "tileset": "golfoutside\/tile_wtg2", "coord": [ 2.0, 2.0 ], "autotile_index": 0.0, "autotile": 1.0 }, "96_384": { "flipX": 1.0, "flipY": 1.0, "tileset": "golfoutside\/tile_wtg2", "coord": [ 4.0, 3.0 ], "autotile_index": 0.0, "autotile": 1.0 }, "1248_352": { "flipX": 1.0, "flipY": 1.0, "tileset": "golfoutside\/tile_wtg2", "coord": [ 2.0, 2.0 ], "autotile_index": 0.0, "autotile": 0.0 }, "1280_512": { "flipX": 1.0, "flipY": 1.0, "tileset": "golfoutside\/tile_wtg2", "coord": [ 0.0, 0.0 ], "autotile_index": 0.0, "autotile": 1.0 }, "96_320": { "flipX": 1.0, "flipY": 1.0, "tileset": "golfoutside\/tile_wtg2", "coord": [ 4.0, 3.0 ], "autotile_index": 0.0, "autotile": 1.0 }, "64_480": { "flipX": 1.0, "flipY": 1.0, "tileset": "golfoutside\/tile_wtg2", "coord": [ 5.0, 4.0 ], "autotile_index": 0.0, "autotile": 1.0 }, "960_480": { "flipX": 1.0, "flipY": 1.0, "tileset": "golfoutside\/tile_wtg2", "coord": [ 2.0, 1.0 ], "autotile_index": 0.0, "autotile": 1.0 }, "768_448": { "flipX": 1.0, "flipY": 1.0, "tileset": "golfoutside\/tile_wtg2", "coord": [ 3.0, 0.0 ], "autotile_index": 0.0, "autotile": 1.0 }, "160_512": { "flipX": 1.0, "flipY": 1.0, "tileset": "golfoutside\/tile_wtg2", "coord": [ 2.0, 2.0 ], "autotile_index": 0.0, "autotile": 1.0 }, "32_288": { "flipX": 1.0, "flipY": 1.0, "tileset": "golfoutside\/tile_wtg2", "coord": [ 2.0, 2.0 ], "autotile_index": 0.0, "autotile": 1.0 }, "960_448": { "flipX": 1.0, "flipY": 1.0, "tileset": "golfoutside\/tile_wtg2", "coord": [ 1.0, 0.0 ], "autotile_index": 0.0, "autotile": 1.0 }, "928_480": { "flipX": 1.0, "flipY": 1.0, "tileset": "golfoutside\/tile_wtg2", "coord": [ 2.0, 1.0 ], "autotile_index": 0.0, "autotile": 1.0 }, "0_448": { "flipX": 1.0, "flipY": 1.0, "tileset": "golfoutside\/tile_wtg2", "coord": [ 2.0, 2.0 ], "autotile_index": 0.0, "autotile": 1.0 }, "1248_288": { "flipX": 1.0, "flipY": 1.0, "tileset": "golfoutside\/tile_wtg2", "coord": [ 2.0, 2.0 ], "autotile_index": 0.0, "autotile": 0.0 }, "672_448": { "flipX": 1.0, "flipY": 1.0, "tileset": "golfoutside\/tile_wtg2", "coord": [ 1.0, 0.0 ], "autotile_index": 0.0, "autotile": 1.0 }, "1056_352": { "flipX": 1.0, "flipY": 1.0, "tileset": "golfoutside\/tile_wtg2", "coord": [ 10.0, 19.0 ], "autotile_index": 0.0, "autotile": 0.0 }, "832_480": { "flipX": 1.0, "flipY": 1.0, "tileset": "golfoutside\/tile_wtg2", "coord": [ 2.0, 1.0 ], "autotile_index": 0.0, "autotile": 1.0 }, "1184_0": { "flipX": 1.0, "flipY": 1.0, "tileset": "golfoutside\/tile_wtg2", "coord": [ 1.0, 2.0 ], "autotile_index": 0.0, "autotile": 0.0 }, "32_0": { "flipX": 1.0, "flipY": 1.0, "tileset": "golfoutside\/tile_wtg2", "coord": [ 2.0, 2.0 ], "autotile_index": 0.0, "autotile": 1.0 }, "224_512": { "flipX": 1.0, "flipY": 1.0, "tileset": "golfoutside\/tile_wtg2", "coord": [ 2.0, 2.0 ], "autotile_index": 0.0, "autotile": 1.0 }, "1216_448": { "flipX": 1.0, "flipY": 1.0, "tileset": "golfoutside\/tile_wtg2", "coord": [ 2.0, 2.0 ], "autotile_index": 0.0, "autotile": 1.0 }, "96_224": { "flipX": 1.0, "flipY": 1.0, "tileset": "golfoutside\/tile_wtg2", "coord": [ 4.0, 3.0 ], "autotile_index": 0.0, "autotile": 1.0 }, "64_256": { "flipX": 1.0, "flipY": 1.0, "tileset": "golfoutside\/tile_wtg2", "coord": [ 3.0, 2.0 ], "autotile_index": 0.0, "autotile": 1.0 }, "32_192": { "flipX": 1.0, "flipY": 1.0, "tileset": "golfoutside\/tile_wtg2", "coord": [ 2.0, 2.0 ], "autotile_index": 0.0, "autotile": 1.0 }, "160_480": { "flipX": 1.0, "flipY": 1.0, "tileset": "golfoutside\/tile_wtg2", "coord": [ 2.0, 1.0 ], "autotile_index": 0.0, "autotile": 1.0 }, "0_160": { "flipX": 1.0, "flipY": 1.0, "tileset": "golfoutside\/tile_wtg2", "coord": [ 2.0, 2.0 ], "autotile_index": 0.0, "autotile": 1.0 }, "704_448": { "flipX": 1.0, "flipY": 1.0, "tileset": "golfoutside\/tile_wtg2", "coord": [ 3.0, 0.0 ], "autotile_index": 0.0, "autotile": 1.0 }, "0_64": { "flipX": 1.0, "flipY": 1.0, "tileset": "golfoutside\/tile_wtg2", "coord": [ 2.0, 2.0 ], "autotile_index": 0.0, "autotile": 1.0 }, "1152_480": { "flipX": 1.0, "flipY": 1.0, "tileset": "golfoutside\/tile_wtg2", "coord": [ 2.0, 1.0 ], "autotile_index": 0.0, "autotile": 1.0 }, "1184_352": { "flipX": 1.0, "flipY": 1.0, "tileset": "golfoutside\/tile_wtg2", "coord": [ 1.0, 2.0 ], "autotile_index": 0.0, "autotile": 0.0 }, "1056_480": { "flipX": 1.0, "flipY": 1.0, "tileset": "golfoutside\/tile_wtg2", "coord": [ 2.0, 1.0 ], "autotile_index": 0.0, "autotile": 1.0 }, "992_448": { "flipX": 1.0, "flipY": 1.0, "tileset": "golfoutside\/tile_wtg2", "coord": [ 2.0, 0.0 ], "autotile_index": 0.0, "autotile": 0.0 }, "1024_480": { "flipX": 1.0, "flipY": 1.0, "tileset": "golfoutside\/tile_wtg2", "coord": [ 2.0, 1.0 ], "autotile_index": 0.0, "autotile": 1.0 }, "1152_160": { "flipX": 1.0, "flipY": 1.0, "tileset": "golfoutside\/tile_wtg2", "coord": [ 0.0, 3.0 ], "autotile_index": 0.0, "autotile": 0.0 }, "96_32": { "flipX": 1.0, "flipY": 1.0, "tileset": "golfoutside\/tile_wtg2", "coord": [ 4.0, 3.0 ], "autotile_index": 0.0, "autotile": 1.0 }, "1216_96": { "flipX": 1.0, "flipY": 1.0, "tileset": "golfoutside\/tile_wtg2", "coord": [ 2.0, 2.0 ], "autotile_index": 0.0, "autotile": 0.0 }, "224_448": { "flipX": 1.0, "flipY": 1.0, "tileset": "golfoutside\/tile_wtg2", "coord": [ 1.0, 0.0 ], "autotile_index": 0.0, "autotile": 1.0 }, "480_512": { "flipX": 1.0, "flipY": 1.0, "tileset": "golfoutside\/tile_wtg2", "coord": [ 2.0, 2.0 ], "autotile_index": 0.0, "autotile": 1.0 }, "1024_512": { "flipX": 1.0, "flipY": 1.0, "tileset": "golfoutside\/tile_wtg2", "coord": [ 2.0, 2.0 ], "autotile_index": 0.0, "autotile": 1.0 }, "1248_0": { "flipX": 1.0, "flipY": 1.0, "tileset": "golfoutside\/tile_wtg2", "coord": [ 2.0, 2.0 ], "autotile_index": 0.0, "autotile": 0.0 }, "1248_32": { "flipX": 1.0, "flipY": 1.0, "tileset": "golfoutside\/tile_wtg2", "coord": [ 2.0, 2.0 ], "autotile_index": 0.0, "autotile": 0.0 }, "512_480": { "flipX": 1.0, "flipY": 1.0, "tileset": "golfoutside\/tile_wtg2", "coord": [ 2.0, 1.0 ], "autotile_index": 0.0, "autotile": 1.0 }, "1088_480": { "flipX": 1.0, "flipY": 1.0, "tileset": "golfoutside\/tile_wtg2", "coord": [ 2.0, 1.0 ], "autotile_index": 0.0, "autotile": 1.0 }, "256_448": { "flipX": 1.0, "flipY": 1.0, "tileset": "golfoutside\/tile_wtg2", "coord": [ 3.0, 0.0 ], "autotile_index": 0.0, "autotile": 1.0 }, "576_512": { "flipX": 1.0, "flipY": 1.0, "tileset": "golfoutside\/tile_wtg2", "coord": [ 2.0, 2.0 ], "autotile_index": 0.0, "autotile": 1.0 }, "1184_128": { "flipX": 1.0, "flipY": 1.0, "tileset": "golfoutside\/tile_wtg2", "coord": [ 1.0, 2.0 ], "autotile_index": 0.0, "autotile": 0.0 }, "1056_384": { "flipX": 1.0, "flipY": 1.0, "tileset": "golfoutside\/tile_wtg2", "coord": [ 10.0, 20.0 ], "autotile_index": 0.0, "autotile": 0.0 }, "320_448": { "flipX": 1.0, "flipY": 1.0, "tileset": "golfoutside\/tile_wtg2", "coord": [ 1.0, 0.0 ], "autotile_index": 0.0, "autotile": 1.0 }, "448_512": { "flipX": 1.0, "flipY": 1.0, "tileset": "golfoutside\/tile_wtg2", "coord": [ 2.0, 2.0 ], "autotile_index": 0.0, "autotile": 1.0 }, "704_512": { "flipX": 1.0, "flipY": 1.0, "tileset": "golfoutside\/tile_wtg2", "coord": [ 2.0, 2.0 ], "autotile_index": 0.0, "autotile": 1.0 }, "96_416": { "flipX": 1.0, "flipY": 1.0, "tileset": "golfoutside\/tile_wtg2", "coord": [ 4.0, 2.0 ], "autotile_index": 0.0, "autotile": 1.0 }, "1184_160": { "flipX": 1.0, "flipY": 1.0, "tileset": "golfoutside\/tile_wtg2", "coord": [ 1.0, 2.0 ], "autotile_index": 0.0, "autotile": 0.0 }, "640_480": { "flipX": 1.0, "flipY": 1.0, "tileset": "golfoutside\/tile_wtg2", "coord": [ 2.0, 1.0 ], "autotile_index": 0.0, "autotile": 1.0 }, "1184_224": { "flipX": 1.0, "flipY": 1.0, "tileset": "golfoutside\/tile_wtg2", "coord": [ 1.0, 2.0 ], "autotile_index": 0.0, "autotile": 0.0 }, "1248_256": { "flipX": 1.0, "flipY": 1.0, "tileset": "golfoutside\/tile_wtg2", "coord": [ 2.0, 2.0 ], "autotile_index": 0.0, "autotile": 0.0 }, "64_352": { "flipX": 1.0, "flipY": 1.0, "tileset": "golfoutside\/tile_wtg2", "coord": [ 3.0, 2.0 ], "autotile_index": 0.0, "autotile": 1.0 }, "192_480": { "flipX": 1.0, "flipY": 1.0, "tileset": "golfoutside\/tile_wtg2", "coord": [ 2.0, 1.0 ], "autotile_index": 0.0, "autotile": 1.0 }, "1216_480": { "flipX": 1.0, "flipY": 1.0, "tileset": "golfoutside\/tile_wtg2", "coord": [ 2.0, 2.0 ], "autotile_index": 0.0, "autotile": 1.0 }, "1120_512": { "flipX": 1.0, "flipY": 1.0, "tileset": "golfoutside\/tile_wtg2", "coord": [ 2.0, 2.0 ], "autotile_index": 0.0, "autotile": 1.0 }, "1216_192": { "flipX": 1.0, "flipY": 1.0, "tileset": "golfoutside\/tile_wtg2", "coord": [ 2.0, 2.0 ], "autotile_index": 0.0, "autotile": 0.0 }, "768_480": { "flipX": 1.0, "flipY": 1.0, "tileset": "golfoutside\/tile_wtg2", "coord": [ 2.0, 1.0 ], "autotile_index": 0.0, "autotile": 1.0 }, "1248_96": { "flipX": 1.0, "flipY": 1.0, "tileset": "golfoutside\/tile_wtg2", "coord": [ 2.0, 2.0 ], "autotile_index": 0.0, "autotile": 0.0 }, "0_224": { "flipX": 1.0, "flipY": 1.0, "tileset": "golfoutside\/tile_wtg2", "coord": [ 2.0, 2.0 ], "autotile_index": 0.0, "autotile": 1.0 }, "0_96": { "flipX": 1.0, "flipY": 1.0, "tileset": "golfoutside\/tile_wtg2", "coord": [ 2.0, 2.0 ], "autotile_index": 0.0, "autotile": 1.0 }, "1056_448": { "flipX": 1.0, "flipY": 1.0, "tileset": "golfoutside\/tile_wtg2", "coord": [ 2.0, 0.0 ], "autotile_index": 0.0, "autotile": 0.0 }, "96_96": { "flipX": 1.0, "flipY": 1.0, "tileset": "golfoutside\/tile_wtg2", "coord": [ 4.0, 3.0 ], "autotile_index": 0.0, "autotile": 1.0 }, "416_480": { "flipX": 1.0, "flipY": 1.0, "tileset": "golfoutside\/tile_wtg2", "coord": [ 2.0, 1.0 ], "autotile_index": 0.0, "autotile": 1.0 }, "1152_96": { "flipX": 1.0, "flipY": 1.0, "tileset": "golfoutside\/tile_wtg2", "coord": [ 0.0, 1.0 ], "autotile_index": 0.0, "autotile": 0.0 }, "96_0": { "flipX": 1.0, "flipY": 1.0, "tileset": "golfoutside\/tile_wtg2", "coord": [ 4.0, 1.0 ], "autotile_index": 0.0, "autotile": 1.0 }, "544_480": { "flipX": 1.0, "flipY": 1.0, "tileset": "golfoutside\/tile_wtg2", "coord": [ 2.0, 1.0 ], "autotile_index": 0.0, "autotile": 1.0 } } }, "backgrounds": { "5": { "x": 240.0, "scroll_y": 1.0, "panic_sprite": -1.0, "hspeed": 0.0, "tile_y": 1.0, "character": "None", "y": -14.0, "escape": "None", "tile_x": 1.0, "sprite": "golfoutside\/bg3_wtg1 - Copy", "vspeed": 0.0, "image_speed": 15.0, "scroll_x": 1.0 }, "6": { "x": 14.0, "scroll_y": 1.0, "panic_sprite": -1.0, "hspeed": 1.0, "tile_y": 0.0, "character": "None", "y": -1.0, "escape": "None", "tile_x": 1.0, "sprite": "golfoutside\/bg2_wtg2", "vspeed": 0.0, "image_speed": 15.0, "scroll_x": 1.0 }, "7": { "x": 0.0, "scroll_y": 1.0, "panic_sprite": -1.0, "hspeed": 0.0, "tile_y": 1.0, "character": "None", "y": 0.0, "escape": "None", "tile_x": 1.0, "sprite": "golfoutside\/bg1_wtg2", "vspeed": 0.0, "image_speed": 15.0, "scroll_x": 1.0 } }, "isNoiseUpdate": 1.0 }