{ "isNoiseUpdate": 1.0, "properties": { "song": "", "songTransitionTime": 100.0, "pausecombo": 0.0, "roomX": 0.0, "levelWidth": 960.0, "roomY": 0.0, "levelHeight": 540.0 }, "editorVersion": 6.0, "instances": [ { "layer": 0.0, "object": "obj_solid", "deleted": 0.0, "variables": { "x": 0.0, "flipX": 0.0, "y": 416.0, "flipY": 0.0, "image_xscale": 30.0, "image_yscale": 4.0 } }, { "layer": 0.0, "object": "obj_rattumble_big", "deleted": 0.0, "variables": { "x": 640.0, "flipX": 0.0, "y": 352.0, "flipY": 0.0 } }, { "layer": 0.0, "object": "obj_doorA", "deleted": 0.0, "variables": { "x": 512.0, "flipX": 0.0, "y": 384.0, "flipY": 0.0 } }, { "layer": 0.0, "object": "obj_rattumble", "deleted": 0.0, "variables": { "x": 704.0, "flipX": 0.0, "y": 384.0, "flipY": 0.0 } }, { "layer": 0.0, "object": "obj_tutorialtargetblock", "deleted": 0.0, "variables": { "x": 321.0, "flipX": 0.0, "ID": "obj_rattumble_big", "y": 96.0, "flipY": 0.0, "image_xscale": 5.0, "image_yscale": 1.0625 } }, { "layer": 0.0, "object": "obj_tutorialtargetblock", "deleted": 0.0, "variables": { "x": 320.0, "flipX": 0.0, "ID": "obj_rattumble", "y": 21.0, "flipY": 0.0, "image_xscale": 5.0, "image_yscale": 1.203125 } } ], "backgrounds": { }, "tile_data": { } }