{ "isNoiseUpdate": 1.0, "properties": { "song": "sneakgolf", "songTransitionTime": 100.0, "pausecombo": 0.0, "roomX": 0.0, "levelWidth": 960.0, "roomY": 0.0, "levelHeight": 540.0 }, "editorVersion": 6.0, "instances": [ { "layer": 0.0, "object": "obj_solid", "deleted": 0.0, "variables": { "x": 0.0, "flipX": 0.0, "y": 416.0, "flipY": 0.0, "image_xscale": 23.0, "image_yscale": 4.0 } }, { "layer": 0.0, "object": "obj_tutorialbook", "deleted": 0.0, "variables": { "x": 32.0, "flipX": 0.0, "y": -53.0, "flipY": 0.0 } }, { "layer": 0.0, "object": "obj_solid", "deleted": 0.0, "variables": { "x": 0.0, "flipX": 0.0, "y": 0.0, "flipY": 0.0, "image_xscale": 3.0, "image_yscale": 13.0 } }, { "layer": 0.0, "object": "obj_solid", "deleted": 0.0, "variables": { "x": 832.0, "flipX": 0.0, "y": 0.0, "flipY": 0.0, "image_xscale": 4.0, "image_yscale": 17.0 } }, { "layer": 0.0, "object": "obj_doorA", "deleted": 0.0, "variables": { "x": 192.0, "flipX": 0.0, "y": 384.0, "flipY": 0.0, "image_xscale": 1.0, "image_yscale": 1.0 } }, { "layer": 0.0, "object": "obj_sprite", "deleted": 0.0, "variables": { "x": 320.0, "flipX": 0.0, "y": 224.0, "flipY": 0.0, "image_xscale": 1.0, "image_yscale": 9.0, "depth": 100.0, "sprite_index": "camstand" } }, { "layer": 0.0, "object": "obj_sprite", "deleted": 0.0, "variables": { "x": 309.0, "flipX": 0.0, "y": 183.0, "flipY": 0.0, "image_xscale": 1.0, "image_yscale": 1.0, "image_angle": 40.0, "depth": "-2", "sprite_index": "seccam" } }, { "layer": 0.0, "object": "obj_sprite", "deleted": 0.0, "variables": { "x": 419.0, "flipX": 0.0, "y": 327.5, "flipY": 0.0, "image_xscale": 0.88666665554046630859375, "image_yscale": 1.12999999523162841796875, "image_angle": 30.0, "depth": 100.0, "image_speed": 0.25, "sprite_index": "spotlight" } }, { "layer": 0.0, "object": "obj_sprite", "deleted": 0.0, "variables": { "x": 1088.0, "flipX": 0.0, "y": -107.0, "flipY": 0.0, "image_xscale": 1.0, "image_yscale": 1.0, "image_angle": 40.0, "depth": "-2", "sprite_index": "seccam" } }, { "layer": 0.0, "object": "obj_sprite", "deleted": 0.0, "variables": { "x": 1218.0, "flipX": 0.0, "y": 96.0, "flipY": 0.0, "image_xscale": 1.15999996662139892578125, "image_yscale": 1.14666664600372314453125, "image_angle": 25.0, "depth": 100.0, "image_speed": 0.25, "sprite_index": "spotlight" } }, { "layer": 0.0, "object": "obj_sprite", "deleted": 0.0, "variables": { "x": 1103.0, "flipX": 0.0, "y": -68.0, "flipY": 0.0, "image_xscale": 1.0, "image_yscale": 9.0, "depth": 100.0, "sprite_index": "camstand" } }, { "layer": 0.0, "object": "obj_pizzaball", "deleted": 0.0, "variables": { "x": 128.0, "flipX": 0.0, "y": 370.5, "flipY": 0.0, "image_xscale": 1.0, "image_yscale": 1.0, "hitsPrimoBurg": 1.0, "hitsHotDog": 1.0, "hitsNothing": 2.0 } }, { "layer": 0.0, "object": "obj_createobject", "deleted": 0.0, "variables": { "x": 768.0, "flipX": 0.0, "on_trigger": "true", "image_xscale": 1.0, "content": "obj_jumpscare", "on_touch": "false", "y": -448.0, "flipY": 0.0, "image_yscale": 1.0, "on_start": "false", "trigger_id": 4.0 } }, { "layer": 0.0, "object": "obj_collisioncheck", "deleted": 0.0, "variables": { "x": 371.0, "flipX": 0.0, "target_obj": "obj_pizzaball", "image_xscale": 2.53125, "multi": "true", "enter_target_trigger_id": 4.0, "y": 297.0, "flipY": 0.0, "on_repeat": "true", "image_yscale": 1.875, "exit_target_trigger_id": 4.0 } }, { "layer": 0.0, "object": "obj_variable", "deleted": 0.0, "variables": { "x": 1280.0, "flipX": 0.0, "on_trigger": "true", "image_xscale": 1.0, "name": "golfhit", "on_touch": "false", "y": -256.0, "flipY": 0.0, "image_yscale": 1.0, "value": 3.0, "on_start": "false", "trigger_id": 4.0 } }, { "layer": 0.0, "object": "obj_solid", "deleted": 0.0, "variables": { "x": 96.0, "flipX": 0.0, "y": -32.0, "flipY": 0.0, "image_xscale": 24.0, "image_yscale": 1.0 } }, { "layer": 0.0, "object": "obj_collisioncheck", "deleted": 0.0, "variables": { "x": 396.0, "flipX": 0.0, "target_obj": "obj_pizzaball", "image_xscale": 1.3125, "multi": "true", "enter_target_trigger_id": 4.0, "y": 252.0, "flipY": 0.0, "on_repeat": "true", "image_yscale": 1.21875, "exit_target_trigger_id": 4.0 } }, { "layer": 0.0, "object": "obj_collisioncheck", "deleted": 0.0, "variables": { "x": 372.0, "flipX": 0.0, "target_obj": "obj_pizzaball", "image_xscale": 5.5, "multi": "true", "enter_target_trigger_id": 4.0, "y": 352.0, "flipY": 0.0, "on_repeat": "true", "image_yscale": 2.0625, "exit_target_trigger_id": 4.0 } }, { "layer": 0.0, "object": "obj_collisioncheck", "deleted": 0.0, "variables": { "x": 425.0, "flipX": 0.0, "target_obj": "obj_pizzaball", "image_xscale": 3.0, "multi": "true", "enter_target_trigger_id": 4.0, "y": 305.0, "flipY": 0.0, "on_repeat": "true", "image_yscale": 1.71875, "exit_target_trigger_id": 4.0 } }, { "layer": 0.0, "object": "obj_collisioncheck", "deleted": 0.0, "variables": { "x": 444.0, "flipX": 0.0, "target_obj": "obj_pizzaball", "image_xscale": 1.21875, "multi": "true", "enter_target_trigger_id": 4.0, "y": 281.0, "flipY": 0.0, "on_repeat": "true", "image_yscale": 0.8125, "exit_target_trigger_id": 4.0 } }, { "layer": 0.0, "object": "obj_collisioncheck", "deleted": 0.0, "variables": { "x": 371.0, "flipX": 0.0, "target_obj": "obj_pizzaball", "image_xscale": 2.59375, "multi": "true", "enter_target_trigger_id": 4.0, "y": 270.0, "flipY": 0.0, "on_repeat": "true", "image_yscale": 1.21875, "exit_target_trigger_id": 4.0 } }, { "layer": 0.0, "object": "obj_collisioncheck", "deleted": 0.0, "variables": { "x": 373.0, "flipX": 0.0, "target_obj": "obj_pizzaball", "image_xscale": 1.5625, "multi": "true", "enter_target_trigger_id": 4.0, "y": 236.0, "flipY": 0.0, "on_repeat": "true", "image_yscale": 2.125, "exit_target_trigger_id": 4.0 } }, { "layer": 0.0, "object": "obj_collisioncheck", "deleted": 0.0, "variables": { "x": 1152.0, "flipX": 0.0, "image_xscale": 1.3125, "target_obj": "obj_pizzaball", "multi": "true", "enter_target_trigger_id": 4.0, "y": -416.0, "flipY": 0.0, "on_repeat": "true", "image_yscale": 1.21875, "exit_target_trigger_id": 4.0 } }, { "layer": 0.0, "object": "obj_roomname", "deleted": 0.0, "variables": { "x": 32.0, "flipX": 0.0, "y": -160.0, "flipY": 0.0, "image_xscale": 1.0, "image_yscale": 1.0, "msg": "SNEAKY GOLF" } }, { "layer": 0.0, "object": "obj_collisioncheck", "deleted": 0.0, "variables": { "x": -480.0, "flipX": 0.0, "on_trigger": "false", "target_obj": "obj_pizzaball", "image_xscale": 0.96875, "multi": "true", "enter_target_trigger_id": 2.0, "on_touch": "false", "y": -224.0, "flipY": 0.0, "on_repeat": "true", "image_yscale": 4.0625, "on_start": "false", "exit_target_trigger_id": 2.0 } }, { "layer": 0.0, "object": "obj_collisioncheck", "deleted": 0.0, "variables": { "x": 654.0, "flipX": 0.0, "on_trigger": "false", "target_obj": "obj_pizzaball", "image_xscale": 0.96875, "multi": "true", "enter_target_trigger_id": 2.0, "on_touch": "false", "y": 292.0, "flipY": 0.0, "on_repeat": "true", "image_yscale": 4.0625, "on_start": "false", "exit_target_trigger_id": 2.0 } }, { "layer": 0.0, "object": "obj_ballgoal", "deleted": 0.0, "variables": { "x": 671.0, "flipX": 0.0, "y": 355.5, "flipY": 0.0, "image_xscale": 0.180000007152557373046875, "visible": "false", "image_yscale": 1.269999980926513671875 } }, { "layer": 0.0, "object": "obj_solid", "deleted": 0.0, "variables": { "x": -288.0, "flipX": 0.0, "y": -320.0, "flipY": 0.0, "image_xscale": 7.0, "image_yscale": 2.0 } }, { "layer": 0.0, "object": "obj_unclimbablewall", "deleted": 0.0, "variables": { "x": -288.0, "flipX": 0.0, "y": -256.0, "flipY": 0.0, "image_xscale": 1.0, "image_yscale": 24.0 } }, { "layer": 0.0, "object": "obj_teleporter", "deleted": 0.0, "variables": { "x": -172.0, "flipX": 0.0, "start": "false", "y": -193.0, "flipY": 0.0, "image_xscale": 1.0, "image_yscale": 1.0 } }, { "layer": 0.0, "object": "obj_createobject", "deleted": 0.0, "variables": { "x": 741.0, "flipX": 0.0, "on_trigger": "true", "image_xscale": 1.0, "content": "obj_teleporter", "on_touch": "false", "y": 234.0, "flipY": 0.0, "visible": "false", "image_yscale": 1.0, "on_start": "false", "trigger_id": 2.0 } }, { "layer": 0.0, "object": "obj_verticalhallway", "deleted": 0.0, "variables": { "targetDoor": "A", "x": -256.0, "flipX": 0.0, "y": 96.0, "flipY": 0.0, "image_xscale": 2.484375, "image_yscale": 1.0, "targetRoom": "c4p1" } }, { "layer": 0.0, "object": "obj_unclimbablewall", "deleted": 0.0, "variables": { "x": -96.0, "flipX": 0.0, "y": -256.0, "flipY": 0.0, "image_xscale": 1.0, "image_yscale": 24.0 } }, { "layer": 0.0, "object": "obj_solid", "deleted": 0.0, "variables": { "x": -288.0, "flipX": 0.0, "y": 128.0, "flipY": 0.0, "image_xscale": 7.0, "image_yscale": 3.0 } }, { "layer": 0.0, "object": "obj_createobject", "deleted": 0.0, "variables": { "x": -425.0, "flipX": 0.0, "on_trigger": "true", "image_xscale": 1.0, "content": "obj_teleporter", "on_touch": "false", "y": -282.0, "flipY": 0.0, "visible": "false", "image_yscale": 1.0, "on_start": "false", "trigger_id": 2.0 } }, { "layer": 0.0, "object": "obj_collisioncheck", "deleted": 0.0, "variables": { "x": -640.0, "flipX": 0.0, "on_trigger": "false", "target_obj": "obj_pizzaball", "image_xscale": 0.96875, "multi": "true", "enter_target_trigger_id": 2.0, "on_touch": "false", "y": -320.0, "flipY": 0.0, "on_repeat": "true", "image_yscale": 4.0625, "on_start": "false", "exit_target_trigger_id": 2.0 } }, { "layer": 0.0, "object": "obj_ballgoal", "deleted": 0.0, "variables": { "x": -527.0, "flipX": 0.0, "y": -160.0, "flipY": 0.0, "image_xscale": 0.180000007152557373046875, "visible": "false", "image_yscale": 1.269999980926513671875 } }, { "layer": 0.0, "object": "obj_doorD", "deleted": 0.0, "variables": { "x": 192.0, "flipX": 0.0, "y": 384.0, "flipY": 0.0 } }, { "layer": 0.0, "object": "obj_doorF", "deleted": 0.0, "variables": { "x": 192.0, "flipX": 0.0, "y": 384.0, "flipY": 0.0 } }, { "layer": 0.0, "object": "obj_doorG", "deleted": 0.0, "variables": { "x": 192.0, "flipX": 0.0, "y": 384.0, "flipY": 0.0 } }, { "layer": 0.0, "object": "obj_doorB", "deleted": 0.0, "variables": { "x": 192.0, "flipX": 0.0, "y": 384.0, "flipY": 0.0 } }, { "layer": 0.0, "object": "obj_doorE", "deleted": 0.0, "variables": { "x": 192.0, "flipX": 0.0, "y": 384.0, "flipY": 0.0, "image_xscale": 1.0, "image_yscale": 1.0 } }, { "layer": 0.0, "object": "obj_doorE", "deleted": 0.0, "variables": { "x": 192.0, "flipX": 0.0, "y": 384.0, "flipY": 0.0 } }, { "layer": 0.0, "object": "obj_doorB", "deleted": 0.0, "variables": { "x": 192.0, "flipX": 0.0, "y": 384.0, "flipY": 0.0 } }, { "layer": 0.0, "object": "obj_doorC", "deleted": 0.0, "variables": { "x": 192.0, "flipX": 0.0, "y": 384.0, "flipY": 0.0 } }, { "layer": 0.0, "object": "obj_solid", "deleted": 0.0, "variables": { "x": 736.0, "flipX": 0.0, "y": 512.0, "flipY": 0.0, "image_xscale": 3.0, "image_yscale": 1.0 } }, { "layer": 0.0, "object": "obj_secretbigblock", "deleted": 0.0, "variables": { "x": 736.0, "flipX": 0.0, "y": 416.0, "flipY": 0.0, "image_xscale": 1.5, "image_yscale": 1.5, "particlespr": "spr_eyedebris" } }, { "layer": 0.0, "object": "obj_door", "deleted": 0.0, "variables": { "targetDoor": "B", "x": 736.0, "flipX": 0.0, "y": 416.0, "flipY": 0.0, "image_xscale": 1.0, "image_yscale": 1.0, "targetRoom": "secretmain", "old": "true" } } ], "tile_data": { "5": { "960_416": { "flipX": 1.0, "flipY": 1.0, "tileset": "golfoutside\/tile_wtg2", "coord": [ 0.0, 0.0 ], "autotile_index": 0.0, "autotile": 1.0 }, "928_320": { "flipX": 1.0, "flipY": 1.0, "tileset": "golfoutside\/tile_wtg2", "coord": [ 2.0, 2.0 ], "autotile_index": 0.0, "autotile": 1.0 }, "320_512": { "flipX": 1.0, "flipY": 1.0, "tileset": "golfoutside\/tile_wtg2", "coord": [ 2.0, 2.0 ], "autotile_index": 0.0, "autotile": 1.0 }, "-32_192": { "flipX": 1.0, "flipY": 1.0, "tileset": "golfoutside\/tile_wtg2", "coord": [ 0.0, 0.0 ], "autotile_index": 0.0, "autotile": 1.0 }, "64_288": { "flipX": 1.0, "flipY": 1.0, "tileset": "golfoutside\/tile_wtg2", "coord": [ 4.0, 1.0 ], "autotile_index": 0.0, "autotile": 1.0 }, "-32_288": { "flipX": 1.0, "flipY": 1.0, "tileset": "golfoutside\/tile_wtg2", "coord": [ 0.0, 0.0 ], "autotile_index": 0.0, "autotile": 1.0 }, "864_352": { "flipX": 1.0, "flipY": 1.0, "tileset": "golfoutside\/tile_wtg2", "coord": [ 0.0, 3.0 ], "autotile_index": 0.0, "autotile": 1.0 }, "32_160": { "flipX": 1.0, "flipY": 1.0, "tileset": "golfoutside\/tile_wtg2", "coord": [ 3.0, 2.0 ], "autotile_index": 0.0, "autotile": 1.0 }, "224_448": { "flipX": 1.0, "flipY": 1.0, "tileset": "golfoutside\/tile_wtg2", "coord": [ 2.0, 1.0 ], "autotile_index": 0.0, "autotile": 1.0 }, "896_288": { "flipX": 1.0, "flipY": 1.0, "tileset": "golfoutside\/tile_wtg2", "coord": [ 1.0, 2.0 ], "autotile_index": 0.0, "autotile": 1.0 }, "256_416": { "flipX": 1.0, "flipY": 1.0, "tileset": "golfoutside\/tile_wtg2", "coord": [ 1.0, 0.0 ], "autotile_index": 0.0, "autotile": 1.0 }, "96_416": { "flipX": 1.0, "flipY": 1.0, "tileset": "golfoutside\/tile_wtg2", "coord": [ 1.0, 0.0 ], "autotile_index": 0.0, "autotile": 1.0 }, "896_160": { "flipX": 1.0, "flipY": 1.0, "tileset": "golfoutside\/tile_wtg2", "coord": [ 1.0, 2.0 ], "autotile_index": 0.0, "autotile": 1.0 }, "320_480": { "flipX": 1.0, "flipY": 1.0, "tileset": "golfoutside\/tile_wtg2", "coord": [ 2.0, 2.0 ], "autotile_index": 0.0, "autotile": 1.0 }, "32_192": { "flipX": 1.0, "flipY": 1.0, "tileset": "golfoutside\/tile_wtg2", "coord": [ 3.0, 2.0 ], "autotile_index": 0.0, "autotile": 1.0 }, "160_512": { "flipX": 1.0, "flipY": 1.0, "tileset": "golfoutside\/tile_wtg2", "coord": [ 2.0, 2.0 ], "autotile_index": 0.0, "autotile": 1.0 }, "864_416": { "flipX": 1.0, "flipY": 1.0, "tileset": "golfoutside\/tile_wtg2", "coord": [ 8.0, 3.0 ], "autotile_index": 0.0, "autotile": 1.0 }, "512_416": { "flipX": 1.0, "flipY": 1.0, "tileset": "golfoutside\/tile_wtg2", "coord": [ 2.0, 0.0 ], "autotile_index": 0.0, "autotile": 1.0 }, "64_544": { "flipX": 1.0, "flipY": 1.0, "tileset": "golfoutside\/tile_wtg2", "coord": [ 0.0, 0.0 ], "autotile_index": 0.0, "autotile": 1.0 }, "800_448": { "flipX": 1.0, "flipY": 1.0, "tileset": "golfoutside\/tile_wtg2", "coord": [ 2.0, 1.0 ], "autotile_index": 0.0, "autotile": 1.0 }, "128_480": { "flipX": 1.0, "flipY": 1.0, "tileset": "golfoutside\/tile_wtg2", "coord": [ 2.0, 2.0 ], "autotile_index": 0.0, "autotile": 1.0 }, "32_64": { "flipX": 1.0, "flipY": 1.0, "tileset": "golfoutside\/tile_wtg2", "coord": [ 3.0, 2.0 ], "autotile_index": 0.0, "autotile": 1.0 }, "224_256": { "flipX": 1.0, "flipY": 1.0, "tileset": "golfoutside\/tile_wtg2", "coord": [ 17.0, 16.0 ], "autotile_index": 0.0, "autotile": 0.0 }, "896_384": { "flipX": 1.0, "flipY": 1.0, "tileset": "golfoutside\/tile_wtg2", "coord": [ 1.0, 2.0 ], "autotile_index": 0.0, "autotile": 1.0 }, "192_352": { "flipX": 1.0, "flipY": 1.0, "tileset": "golfoutside\/tile_wtg2", "coord": [ 16.0, 19.0 ], "autotile_index": 0.0, "autotile": 0.0 }, "896_448": { "flipX": 1.0, "flipY": 1.0, "tileset": "golfoutside\/tile_wtg2", "coord": [ 9.0, 4.0 ], "autotile_index": 0.0, "autotile": 1.0 }, "896_32": { "flipX": 1.0, "flipY": 1.0, "tileset": "golfoutside\/tile_wtg2", "coord": [ 1.0, 2.0 ], "autotile_index": 0.0, "autotile": 1.0 }, "32_96": { "flipX": 1.0, "flipY": 1.0, "tileset": "golfoutside\/tile_wtg2", "coord": [ 3.0, 2.0 ], "autotile_index": 0.0, "autotile": 1.0 }, "928_288": { "flipX": 1.0, "flipY": 1.0, "tileset": "golfoutside\/tile_wtg2", "coord": [ 2.0, 2.0 ], "autotile_index": 0.0, "autotile": 1.0 }, "736_416": { "flipX": 1.0, "flipY": 1.0, "tileset": "golfoutside\/tile_wtg2", "coord": [ 2.0, 0.0 ], "autotile_index": 0.0, "autotile": 1.0 }, "864_128": { "flipX": 1.0, "flipY": 1.0, "tileset": "golfoutside\/tile_wtg2", "coord": [ 0.0, 3.0 ], "autotile_index": 0.0, "autotile": 1.0 }, "896_352": { "flipX": 1.0, "flipY": 1.0, "tileset": "golfoutside\/tile_wtg2", "coord": [ 1.0, 2.0 ], "autotile_index": 0.0, "autotile": 1.0 }, "864_192": { "flipX": 1.0, "flipY": 1.0, "tileset": "golfoutside\/tile_wtg2", "coord": [ 0.0, 1.0 ], "autotile_index": 0.0, "autotile": 1.0 }, "672_320": { "flipX": 1.0, "flipY": 1.0, "tileset": "golfoutside\/tile_wtg2", "coord": [ 10.0, 19.0 ], "autotile_index": 0.0, "autotile": 0.0 }, "32_32": { "flipX": 1.0, "flipY": 1.0, "tileset": "golfoutside\/tile_wtg2", "coord": [ 3.0, 2.0 ], "autotile_index": 0.0, "autotile": 1.0 }, "64_0": { "flipX": 1.0, "flipY": 1.0, "tileset": "golfoutside\/tile_wtg2", "coord": [ 4.0, 2.0 ], "autotile_index": 0.0, "autotile": 1.0 }, "928_160": { "flipX": 1.0, "flipY": 1.0, "tileset": "golfoutside\/tile_wtg2", "coord": [ 2.0, 2.0 ], "autotile_index": 0.0, "autotile": 1.0 }, "832_480": { "flipX": 1.0, "flipY": 1.0, "tileset": "golfoutside\/tile_wtg2", "coord": [ 2.0, 2.0 ], "autotile_index": 0.0, "autotile": 1.0 }, "32_448": { "flipX": 1.0, "flipY": 1.0, "tileset": "golfoutside\/tile_wtg2", "coord": [ 5.0, 4.0 ], "autotile_index": 0.0, "autotile": 1.0 }, "640_384": { "flipX": 1.0, "flipY": 1.0, "tileset": "golfoutside\/tile_wtg2", "coord": [ 9.0, 21.0 ], "autotile_index": 0.0, "autotile": 0.0 }, "32_416": { "flipX": 1.0, "flipY": 1.0, "tileset": "golfoutside\/tile_wtg2", "coord": [ 3.0, 2.0 ], "autotile_index": 0.0, "autotile": 1.0 }, "864_32": { "flipX": 1.0, "flipY": 1.0, "tileset": "golfoutside\/tile_wtg2", "coord": [ 0.0, 1.0 ], "autotile_index": 0.0, "autotile": 1.0 }, "96_448": { "flipX": 1.0, "flipY": 1.0, "tileset": "golfoutside\/tile_wtg2", "coord": [ 2.0, 1.0 ], "autotile_index": 0.0, "autotile": 1.0 }, "736_480": { "flipX": 1.0, "flipY": 1.0, "tileset": "golfoutside\/tile_wtg2", "coord": [ 2.0, 2.0 ], "autotile_index": 0.0, "autotile": 1.0 }, "0_192": { "flipX": 1.0, "flipY": 1.0, "tileset": "golfoutside\/tile_wtg2", "coord": [ 2.0, 2.0 ], "autotile_index": 0.0, "autotile": 1.0 }, "224_288": { "flipX": 1.0, "flipY": 1.0, "tileset": "golfoutside\/tile_wtg2", "coord": [ 17.0, 17.0 ], "autotile_index": 0.0, "autotile": 0.0 }, "64_320": { "flipX": 1.0, "flipY": 1.0, "tileset": "golfoutside\/tile_wtg2", "coord": [ 4.0, 2.0 ], "autotile_index": 0.0, "autotile": 1.0 }, "896_224": { "flipX": 1.0, "flipY": 1.0, "tileset": "golfoutside\/tile_wtg2", "coord": [ 1.0, 2.0 ], "autotile_index": 0.0, "autotile": 1.0 }, "224_320": { "flipX": 1.0, "flipY": 1.0, "tileset": "golfoutside\/tile_wtg2", "coord": [ 17.0, 18.0 ], "autotile_index": 0.0, "autotile": 0.0 }, "928_192": { "flipX": 1.0, "flipY": 1.0, "tileset": "golfoutside\/tile_wtg2", "coord": [ 2.0, 2.0 ], "autotile_index": 0.0, "autotile": 1.0 }, "544_512": { "flipX": 1.0, "flipY": 1.0, "tileset": "golfoutside\/tile_wtg2", "coord": [ 2.0, 2.0 ], "autotile_index": 0.0, "autotile": 1.0 }, "672_448": { "flipX": 1.0, "flipY": 1.0, "tileset": "golfoutside\/tile_wtg2", "coord": [ 2.0, 1.0 ], "autotile_index": 0.0, "autotile": 1.0 }, "416_416": { "flipX": 1.0, "flipY": 1.0, "tileset": "golfoutside\/tile_wtg2", "coord": [ 1.0, 0.0 ], "autotile_index": 0.0, "autotile": 1.0 }, "64_192": { "flipX": 1.0, "flipY": 1.0, "tileset": "golfoutside\/tile_wtg2", "coord": [ 4.0, 3.0 ], "autotile_index": 0.0, "autotile": 1.0 }, "0_352": { "flipX": 1.0, "flipY": 1.0, "tileset": "golfoutside\/tile_wtg2", "coord": [ 2.0, 2.0 ], "autotile_index": 0.0, "autotile": 1.0 }, "192_416": { "flipX": 1.0, "flipY": 1.0, "tileset": "golfoutside\/tile_wtg2", "coord": [ 1.0, 0.0 ], "autotile_index": 0.0, "autotile": 1.0 }, "-32_480": { "flipX": 1.0, "flipY": 1.0, "tileset": "golfoutside\/tile_wtg2", "coord": [ 0.0, 0.0 ], "autotile_index": 0.0, "autotile": 1.0 }, "320_448": { "flipX": 1.0, "flipY": 1.0, "tileset": "golfoutside\/tile_wtg2", "coord": [ 2.0, 1.0 ], "autotile_index": 0.0, "autotile": 1.0 }, "128_448": { "flipX": 1.0, "flipY": 1.0, "tileset": "golfoutside\/tile_wtg2", "coord": [ 2.0, 1.0 ], "autotile_index": 0.0, "autotile": 1.0 }, "576_480": { "flipX": 1.0, "flipY": 1.0, "tileset": "golfoutside\/tile_wtg2", "coord": [ 2.0, 2.0 ], "autotile_index": 0.0, "autotile": 1.0 }, "288_512": { "flipX": 1.0, "flipY": 1.0, "tileset": "golfoutside\/tile_wtg2", "coord": [ 2.0, 2.0 ], "autotile_index": 0.0, "autotile": 1.0 }, "32_128": { "flipX": 1.0, "flipY": 1.0, "tileset": "golfoutside\/tile_wtg2", "coord": [ 3.0, 2.0 ], "autotile_index": 0.0, "autotile": 1.0 }, "512_512": { "flipX": 1.0, "flipY": 1.0, "tileset": "golfoutside\/tile_wtg2", "coord": [ 2.0, 2.0 ], "autotile_index": 0.0, "autotile": 1.0 }, "384_416": { "flipX": 1.0, "flipY": 1.0, "tileset": "golfoutside\/tile_wtg2", "coord": [ 2.0, 0.0 ], "autotile_index": 0.0, "autotile": 1.0 }, "864_160": { "flipX": 1.0, "flipY": 1.0, "tileset": "golfoutside\/tile_wtg2", "coord": [ 0.0, 2.0 ], "autotile_index": 0.0, "autotile": 1.0 }, "192_288": { "flipX": 1.0, "flipY": 1.0, "tileset": "golfoutside\/tile_wtg2", "coord": [ 16.0, 17.0 ], "autotile_index": 0.0, "autotile": 0.0 }, "864_64": { "flipX": 1.0, "flipY": 1.0, "tileset": "golfoutside\/tile_wtg2", "coord": [ 0.0, 1.0 ], "autotile_index": 0.0, "autotile": 1.0 }, "352_480": { "flipX": 1.0, "flipY": 1.0, "tileset": "golfoutside\/tile_wtg2", "coord": [ 2.0, 2.0 ], "autotile_index": 0.0, "autotile": 1.0 }, "-32_224": { "flipX": 1.0, "flipY": 1.0, "tileset": "golfoutside\/tile_wtg2", "coord": [ 0.0, 0.0 ], "autotile_index": 0.0, "autotile": 1.0 }, "480_416": { "flipX": 1.0, "flipY": 1.0, "tileset": "golfoutside\/tile_wtg2", "coord": [ 1.0, 0.0 ], "autotile_index": 0.0, "autotile": 1.0 }, "672_384": { "flipX": 1.0, "flipY": 1.0, "tileset": "golfoutside\/tile_wtg2", "coord": [ 10.0, 21.0 ], "autotile_index": 0.0, "autotile": 0.0 }, "64_352": { "flipX": 1.0, "flipY": 1.0, "tileset": "golfoutside\/tile_wtg2", "coord": [ 4.0, 3.0 ], "autotile_index": 0.0, "autotile": 1.0 }, "896_128": { "flipX": 1.0, "flipY": 1.0, "tileset": "golfoutside\/tile_wtg2", "coord": [ 1.0, 2.0 ], "autotile_index": 0.0, "autotile": 1.0 }, "64_416": { "flipX": 1.0, "flipY": 1.0, "tileset": "golfoutside\/tile_wtg2", "coord": [ 6.0, 3.0 ], "autotile_index": 0.0, "autotile": 1.0 }, "416_448": { "flipX": 1.0, "flipY": 1.0, "tileset": "golfoutside\/tile_wtg2", "coord": [ 2.0, 1.0 ], "autotile_index": 0.0, "autotile": 1.0 }, "928_32": { "flipX": 1.0, "flipY": 1.0, "tileset": "golfoutside\/tile_wtg2", "coord": [ 2.0, 2.0 ], "autotile_index": 0.0, "autotile": 1.0 }, "768_512": { "flipX": 1.0, "flipY": 1.0, "tileset": "golfoutside\/tile_wtg2", "coord": [ 2.0, 2.0 ], "autotile_index": 0.0, "autotile": 1.0 }, "64_32": { "flipX": 1.0, "flipY": 1.0, "tileset": "golfoutside\/tile_wtg2", "coord": [ 4.0, 2.0 ], "autotile_index": 0.0, "autotile": 1.0 }, "768_448": { "flipX": 1.0, "flipY": 1.0, "tileset": "golfoutside\/tile_wtg2", "coord": [ 2.0, 1.0 ], "autotile_index": 0.0, "autotile": 1.0 }, "192_480": { "flipX": 1.0, "flipY": 1.0, "tileset": "golfoutside\/tile_wtg2", "coord": [ 2.0, 2.0 ], "autotile_index": 0.0, "autotile": 1.0 }, "32_256": { "flipX": 1.0, "flipY": 1.0, "tileset": "golfoutside\/tile_wtg2", "coord": [ 3.0, 2.0 ], "autotile_index": 0.0, "autotile": 1.0 }, "736_512": { "flipX": 1.0, "flipY": 1.0, "tileset": "golfoutside\/tile_wtg2", "coord": [ 3.0, 13.0 ], "autotile_index": 0.0, "autotile": 0.0 }, "256_448": { "flipX": 1.0, "flipY": 1.0, "tileset": "golfoutside\/tile_wtg2", "coord": [ 2.0, 1.0 ], "autotile_index": 0.0, "autotile": 1.0 }, "864_0": { "flipX": 1.0, "flipY": 1.0, "tileset": "golfoutside\/tile_wtg2", "coord": [ 0.0, 3.0 ], "autotile_index": 0.0, "autotile": 1.0 }, "608_480": { "flipX": 1.0, "flipY": 1.0, "tileset": "golfoutside\/tile_wtg2", "coord": [ 2.0, 2.0 ], "autotile_index": 0.0, "autotile": 1.0 }, "192_320": { "flipX": 1.0, "flipY": 1.0, "tileset": "golfoutside\/tile_wtg2", "coord": [ 16.0, 18.0 ], "autotile_index": 0.0, "autotile": 0.0 }, "800_480": { "flipX": 1.0, "flipY": 1.0, "tileset": "golfoutside\/tile_wtg2", "coord": [ 2.0, 2.0 ], "autotile_index": 0.0, "autotile": 1.0 }, "0_288": { "flipX": 1.0, "flipY": 1.0, "tileset": "golfoutside\/tile_wtg2", "coord": [ 2.0, 2.0 ], "autotile_index": 0.0, "autotile": 1.0 }, "192_256": { "flipX": 1.0, "flipY": 1.0, "tileset": "golfoutside\/tile_wtg2", "coord": [ 16.0, 16.0 ], "autotile_index": 0.0, "autotile": 0.0 }, "864_256": { "flipX": 1.0, "flipY": 1.0, "tileset": "golfoutside\/tile_wtg2", "coord": [ 0.0, 1.0 ], "autotile_index": 0.0, "autotile": 1.0 }, "864_288": { "flipX": 1.0, "flipY": 1.0, "tileset": "golfoutside\/tile_wtg2", "coord": [ 0.0, 2.0 ], "autotile_index": 0.0, "autotile": 1.0 }, "800_416": { "flipX": 1.0, "flipY": 1.0, "tileset": "golfoutside\/tile_wtg2", "coord": [ 3.0, 0.0 ], "autotile_index": 0.0, "autotile": 1.0 }, "768_480": { "flipX": 1.0, "flipY": 1.0, "tileset": "golfoutside\/tile_wtg2", "coord": [ 2.0, 2.0 ], "autotile_index": 0.0, "autotile": 1.0 }, "928_256": { "flipX": 1.0, "flipY": 1.0, "tileset": "golfoutside\/tile_wtg2", "coord": [ 2.0, 2.0 ], "autotile_index": 0.0, "autotile": 1.0 }, "448_480": { "flipX": 1.0, "flipY": 1.0, "tileset": "golfoutside\/tile_wtg2", "coord": [ 2.0, 2.0 ], "autotile_index": 0.0, "autotile": 1.0 }, "64_160": { "flipX": 1.0, "flipY": 1.0, "tileset": "golfoutside\/tile_wtg2", "coord": [ 4.0, 2.0 ], "autotile_index": 0.0, "autotile": 1.0 }, "288_416": { "flipX": 1.0, "flipY": 1.0, "tileset": "golfoutside\/tile_wtg2", "coord": [ 2.0, 0.0 ], "autotile_index": 0.0, "autotile": 1.0 }, "416_480": { "flipX": 1.0, "flipY": 1.0, "tileset": "golfoutside\/tile_wtg2", "coord": [ 2.0, 2.0 ], "autotile_index": 0.0, "autotile": 1.0 }, "32_224": { "flipX": 1.0, "flipY": 1.0, "tileset": "golfoutside\/tile_wtg2", "coord": [ 3.0, 2.0 ], "autotile_index": 0.0, "autotile": 1.0 }, "0_384": { "flipX": 1.0, "flipY": 1.0, "tileset": "golfoutside\/tile_wtg2", "coord": [ 2.0, 2.0 ], "autotile_index": 0.0, "autotile": 1.0 }, "160_288": { "flipX": 1.0, "flipY": 1.0, "tileset": "golfoutside\/tile_wtg2", "coord": [ 15.0, 17.0 ], "autotile_index": 0.0, "autotile": 0.0 }, "864_320": { "flipX": 1.0, "flipY": 1.0, "tileset": "golfoutside\/tile_wtg2", "coord": [ 0.0, 1.0 ], "autotile_index": 0.0, "autotile": 1.0 }, "-32_512": { "flipX": 1.0, "flipY": 1.0, "tileset": "golfoutside\/tile_wtg2", "coord": [ 0.0, 0.0 ], "autotile_index": 0.0, "autotile": 1.0 }, "160_256": { "flipX": 1.0, "flipY": 1.0, "tileset": "golfoutside\/tile_wtg2", "coord": [ 15.0, 16.0 ], "autotile_index": 0.0, "autotile": 0.0 }, "896_480": { "flipX": 1.0, "flipY": 1.0, "tileset": "golfoutside\/tile_wtg2", "coord": [ 2.0, 2.0 ], "autotile_index": 0.0, "autotile": 1.0 }, "544_448": { "flipX": 1.0, "flipY": 1.0, "tileset": "golfoutside\/tile_wtg2", "coord": [ 2.0, 1.0 ], "autotile_index": 0.0, "autotile": 1.0 }, "928_224": { "flipX": 1.0, "flipY": 1.0, "tileset": "golfoutside\/tile_wtg2", "coord": [ 2.0, 2.0 ], "autotile_index": 0.0, "autotile": 1.0 }, "384_448": { "flipX": 1.0, "flipY": 1.0, "tileset": "golfoutside\/tile_wtg2", "coord": [ 2.0, 1.0 ], "autotile_index": 0.0, "autotile": 1.0 }, "896_64": { "flipX": 1.0, "flipY": 1.0, "tileset": "golfoutside\/tile_wtg2", "coord": [ 1.0, 2.0 ], "autotile_index": 0.0, "autotile": 1.0 }, "704_416": { "flipX": 1.0, "flipY": 1.0, "tileset": "golfoutside\/tile_wtg2", "coord": [ 2.0, 0.0 ], "autotile_index": 0.0, "autotile": 1.0 }, "64_96": { "flipX": 1.0, "flipY": 1.0, "tileset": "golfoutside\/tile_wtg2", "coord": [ 4.0, 3.0 ], "autotile_index": 0.0, "autotile": 1.0 }, "608_448": { "flipX": 1.0, "flipY": 1.0, "tileset": "golfoutside\/tile_wtg2", "coord": [ 2.0, 1.0 ], "autotile_index": 0.0, "autotile": 1.0 }, "640_352": { "flipX": 1.0, "flipY": 1.0, "tileset": "golfoutside\/tile_wtg2", "coord": [ 9.0, 20.0 ], "autotile_index": 0.0, "autotile": 0.0 }, "384_512": { "flipX": 1.0, "flipY": 1.0, "tileset": "golfoutside\/tile_wtg2", "coord": [ 2.0, 2.0 ], "autotile_index": 0.0, "autotile": 1.0 }, "864_384": { "flipX": 1.0, "flipY": 1.0, "tileset": "golfoutside\/tile_wtg2", "coord": [ 0.0, 2.0 ], "autotile_index": 0.0, "autotile": 1.0 }, "448_512": { "flipX": 1.0, "flipY": 1.0, "tileset": "golfoutside\/tile_wtg2", "coord": [ 2.0, 2.0 ], "autotile_index": 0.0, "autotile": 1.0 }, "576_448": { "flipX": 1.0, "flipY": 1.0, "tileset": "golfoutside\/tile_wtg2", "coord": [ 2.0, 1.0 ], "autotile_index": 0.0, "autotile": 1.0 }, "928_416": { "flipX": 1.0, "flipY": 1.0, "tileset": "golfoutside\/tile_wtg2", "coord": [ 2.0, 2.0 ], "autotile_index": 0.0, "autotile": 1.0 }, "256_480": { "flipX": 1.0, "flipY": 1.0, "tileset": "golfoutside\/tile_wtg2", "coord": [ 2.0, 2.0 ], "autotile_index": 0.0, "autotile": 1.0 }, "96_480": { "flipX": 1.0, "flipY": 1.0, "tileset": "golfoutside\/tile_wtg2", "coord": [ 2.0, 2.0 ], "autotile_index": 0.0, "autotile": 1.0 }, "160_384": { "flipX": 1.0, "flipY": 1.0, "tileset": "golfoutside\/tile_wtg2", "coord": [ 15.0, 20.0 ], "autotile_index": 0.0, "autotile": 0.0 }, "160_320": { "flipX": 1.0, "flipY": 1.0, "tileset": "golfoutside\/tile_wtg2", "coord": [ 15.0, 18.0 ], "autotile_index": 0.0, "autotile": 0.0 }, "480_448": { "flipX": 1.0, "flipY": 1.0, "tileset": "golfoutside\/tile_wtg2", "coord": [ 2.0, 1.0 ], "autotile_index": 0.0, "autotile": 1.0 }, "32_384": { "flipX": 1.0, "flipY": 1.0, "tileset": "golfoutside\/tile_wtg2", "coord": [ 3.0, 2.0 ], "autotile_index": 0.0, "autotile": 1.0 }, "224_384": { "flipX": 1.0, "flipY": 1.0, "tileset": "golfoutside\/tile_wtg2", "coord": [ 17.0, 20.0 ], "autotile_index": 0.0, "autotile": 0.0 }, "864_480": { "flipX": 1.0, "flipY": 1.0, "tileset": "golfoutside\/tile_wtg2", "coord": [ 2.0, 2.0 ], "autotile_index": 0.0, "autotile": 1.0 }, "192_512": { "flipX": 1.0, "flipY": 1.0, "tileset": "golfoutside\/tile_wtg2", "coord": [ 2.0, 2.0 ], "autotile_index": 0.0, "autotile": 1.0 }, "0_160": { "flipX": 1.0, "flipY": 1.0, "tileset": "golfoutside\/tile_wtg2", "coord": [ 2.0, 2.0 ], "autotile_index": 0.0, "autotile": 1.0 }, "640_480": { "flipX": 1.0, "flipY": 1.0, "tileset": "golfoutside\/tile_wtg2", "coord": [ 2.0, 2.0 ], "autotile_index": 0.0, "autotile": 1.0 }, "480_512": { "flipX": 1.0, "flipY": 1.0, "tileset": "golfoutside\/tile_wtg2", "coord": [ 2.0, 2.0 ], "autotile_index": 0.0, "autotile": 1.0 }, "0_512": { "flipX": 1.0, "flipY": 1.0, "tileset": "golfoutside\/tile_wtg2", "coord": [ 2.0, 2.0 ], "autotile_index": 0.0, "autotile": 1.0 }, "64_384": { "flipX": 1.0, "flipY": 1.0, "tileset": "golfoutside\/tile_wtg2", "coord": [ 4.0, 1.0 ], "autotile_index": 0.0, "autotile": 1.0 }, "960_480": { "flipX": 1.0, "flipY": 1.0, "tileset": "golfoutside\/tile_wtg2", "coord": [ 0.0, 0.0 ], "autotile_index": 0.0, "autotile": 1.0 }, "128_512": { "flipX": 1.0, "flipY": 1.0, "tileset": "golfoutside\/tile_wtg2", "coord": [ 2.0, 2.0 ], "autotile_index": 0.0, "autotile": 1.0 }, "896_256": { "flipX": 1.0, "flipY": 1.0, "tileset": "golfoutside\/tile_wtg2", "coord": [ 1.0, 2.0 ], "autotile_index": 0.0, "autotile": 1.0 }, "0_32": { "flipX": 1.0, "flipY": 1.0, "tileset": "golfoutside\/tile_wtg2", "coord": [ 2.0, 2.0 ], "autotile_index": 0.0, "autotile": 1.0 }, "672_480": { "flipX": 1.0, "flipY": 1.0, "tileset": "golfoutside\/tile_wtg2", "coord": [ 2.0, 2.0 ], "autotile_index": 0.0, "autotile": 1.0 }, "768_416": { "flipX": 1.0, "flipY": 1.0, "tileset": "golfoutside\/tile_wtg2", "coord": [ 3.0, 0.0 ], "autotile_index": 0.0, "autotile": 1.0 }, "256_512": { "flipX": 1.0, "flipY": 1.0, "tileset": "golfoutside\/tile_wtg2", "coord": [ 2.0, 2.0 ], "autotile_index": 0.0, "autotile": 1.0 }, "896_416": { "flipX": 1.0, "flipY": 1.0, "tileset": "golfoutside\/tile_wtg2", "coord": [ 1.0, 2.0 ], "autotile_index": 0.0, "autotile": 1.0 }, "64_480": { "flipX": 1.0, "flipY": 1.0, "tileset": "golfoutside\/tile_wtg2", "coord": [ 2.0, 2.0 ], "autotile_index": 0.0, "autotile": 1.0 }, "192_384": { "flipX": 1.0, "flipY": 1.0, "tileset": "golfoutside\/tile_wtg2", "coord": [ 16.0, 20.0 ], "autotile_index": 0.0, "autotile": 0.0 }, "0_64": { "flipX": 1.0, "flipY": 1.0, "tileset": "golfoutside\/tile_wtg2", "coord": [ 2.0, 2.0 ], "autotile_index": 0.0, "autotile": 1.0 }, "928_384": { "flipX": 1.0, "flipY": 1.0, "tileset": "golfoutside\/tile_wtg2", "coord": [ 2.0, 2.0 ], "autotile_index": 0.0, "autotile": 1.0 }, "160_544": { "flipX": 1.0, "flipY": 1.0, "tileset": "golfoutside\/tile_wtg2", "coord": [ 0.0, 0.0 ], "autotile_index": 0.0, "autotile": 1.0 }, "640_416": { "flipX": 1.0, "flipY": 1.0, "tileset": "golfoutside\/tile_wtg2", "coord": [ 3.0, 0.0 ], "autotile_index": 0.0, "autotile": 1.0 }, "928_352": { "flipX": 1.0, "flipY": 1.0, "tileset": "golfoutside\/tile_wtg2", "coord": [ 2.0, 2.0 ], "autotile_index": 0.0, "autotile": 1.0 }, "928_96": { "flipX": 1.0, "flipY": 1.0, "tileset": "golfoutside\/tile_wtg2", "coord": [ 2.0, 2.0 ], "autotile_index": 0.0, "autotile": 1.0 }, "32_320": { "flipX": 1.0, "flipY": 1.0, "tileset": "golfoutside\/tile_wtg2", "coord": [ 3.0, 2.0 ], "autotile_index": 0.0, "autotile": 1.0 }, "544_480": { "flipX": 1.0, "flipY": 1.0, "tileset": "golfoutside\/tile_wtg2", "coord": [ 2.0, 2.0 ], "autotile_index": 0.0, "autotile": 1.0 }, "576_512": { "flipX": 1.0, "flipY": 1.0, "tileset": "golfoutside\/tile_wtg2", "coord": [ 2.0, 2.0 ], "autotile_index": 0.0, "autotile": 1.0 }, "0_416": { "flipX": 1.0, "flipY": 1.0, "tileset": "golfoutside\/tile_wtg2", "coord": [ 2.0, 2.0 ], "autotile_index": 0.0, "autotile": 1.0 }, "672_416": { "flipX": 1.0, "flipY": 1.0, "tileset": "golfoutside\/tile_wtg2", "coord": [ 1.0, 0.0 ], "autotile_index": 0.0, "autotile": 1.0 }, "704_512": { "flipX": 1.0, "flipY": 1.0, "tileset": "golfoutside\/tile_wtg2", "coord": [ 1.0, 15.0 ], "autotile_index": 0.0, "autotile": 0.0 }, "-32_384": { "flipX": 1.0, "flipY": 1.0, "tileset": "golfoutside\/tile_wtg2", "coord": [ 0.0, 0.0 ], "autotile_index": 0.0, "autotile": 1.0 }, "864_448": { "flipX": 1.0, "flipY": 1.0, "tileset": "golfoutside\/tile_wtg2", "coord": [ 2.0, 1.0 ], "autotile_index": 0.0, "autotile": 1.0 }, "928_128": { "flipX": 1.0, "flipY": 1.0, "tileset": "golfoutside\/tile_wtg2", "coord": [ 2.0, 2.0 ], "autotile_index": 0.0, "autotile": 1.0 }, "160_352": { "flipX": 1.0, "flipY": 1.0, "tileset": "golfoutside\/tile_wtg2", "coord": [ 15.0, 19.0 ], "autotile_index": 0.0, "autotile": 0.0 }, "832_448": { "flipX": 1.0, "flipY": 1.0, "tileset": "golfoutside\/tile_wtg2", "coord": [ 2.0, 1.0 ], "autotile_index": 0.0, "autotile": 1.0 }, "160_448": { "flipX": 1.0, "flipY": 1.0, "tileset": "golfoutside\/tile_wtg2", "coord": [ 2.0, 1.0 ], "autotile_index": 0.0, "autotile": 1.0 }, "352_448": { "flipX": 1.0, "flipY": 1.0, "tileset": "golfoutside\/tile_wtg2", "coord": [ 2.0, 1.0 ], "autotile_index": 0.0, "autotile": 1.0 }, "352_416": { "flipX": 1.0, "flipY": 1.0, "tileset": "golfoutside\/tile_wtg2", "coord": [ 2.0, 0.0 ], "autotile_index": 0.0, "autotile": 1.0 }, "32_0": { "flipX": 1.0, "flipY": 1.0, "tileset": "golfoutside\/tile_wtg2", "coord": [ 3.0, 2.0 ], "autotile_index": 0.0, "autotile": 1.0 }, "416_512": { "flipX": 1.0, "flipY": 1.0, "tileset": "golfoutside\/tile_wtg2", "coord": [ 2.0, 2.0 ], "autotile_index": 0.0, "autotile": 1.0 }, "672_512": { "flipX": 1.0, "flipY": 1.0, "tileset": "golfoutside\/tile_wtg2", "coord": [ 2.0, 2.0 ], "autotile_index": 0.0, "autotile": 1.0 }, "128_416": { "flipX": 1.0, "flipY": 1.0, "tileset": "golfoutside\/tile_wtg2", "coord": [ 1.0, 0.0 ], "autotile_index": 0.0, "autotile": 1.0 }, "32_512": { "flipX": 1.0, "flipY": 1.0, "tileset": "golfoutside\/tile_wtg2", "coord": [ 2.0, 2.0 ], "autotile_index": 0.0, "autotile": 1.0 }, "544_416": { "flipX": 1.0, "flipY": 1.0, "tileset": "golfoutside\/tile_wtg2", "coord": [ 1.0, 0.0 ], "autotile_index": 0.0, "autotile": 1.0 }, "96_512": { "flipX": 1.0, "flipY": 1.0, "tileset": "golfoutside\/tile_wtg2", "coord": [ 2.0, 2.0 ], "autotile_index": 0.0, "autotile": 1.0 }, "160_416": { "flipX": 1.0, "flipY": 1.0, "tileset": "golfoutside\/tile_wtg2", "coord": [ 2.0, 0.0 ], "autotile_index": 0.0, "autotile": 1.0 }, "640_320": { "flipX": 1.0, "flipY": 1.0, "tileset": "golfoutside\/tile_wtg2", "coord": [ 9.0, 19.0 ], "autotile_index": 0.0, "autotile": 0.0 }, "832_416": { "flipX": 1.0, "flipY": 1.0, "tileset": "golfoutside\/tile_wtg2", "coord": [ 1.0, 0.0 ], "autotile_index": 0.0, "autotile": 1.0 }, "576_416": { "flipX": 1.0, "flipY": 1.0, "tileset": "golfoutside\/tile_wtg2", "coord": [ 2.0, 0.0 ], "autotile_index": 0.0, "autotile": 1.0 }, "192_448": { "flipX": 1.0, "flipY": 1.0, "tileset": "golfoutside\/tile_wtg2", "coord": [ 2.0, 1.0 ], "autotile_index": 0.0, "autotile": 1.0 }, "608_416": { "flipX": 1.0, "flipY": 1.0, "tileset": "golfoutside\/tile_wtg2", "coord": [ 1.0, 0.0 ], "autotile_index": 0.0, "autotile": 1.0 }, "704_480": { "flipX": 1.0, "flipY": 1.0, "tileset": "golfoutside\/tile_wtg2", "coord": [ 0.0, 18.0 ], "autotile_index": 0.0, "autotile": 0.0 }, "64_448": { "flipX": 1.0, "flipY": 1.0, "tileset": "golfoutside\/tile_wtg2", "coord": [ 2.0, 1.0 ], "autotile_index": 0.0, "autotile": 1.0 }, "-32_448": { "flipX": 1.0, "flipY": 1.0, "tileset": "golfoutside\/tile_wtg2", "coord": [ 0.0, 0.0 ], "autotile_index": 0.0, "autotile": 1.0 }, "288_480": { "flipX": 1.0, "flipY": 1.0, "tileset": "golfoutside\/tile_wtg2", "coord": [ 2.0, 2.0 ], "autotile_index": 0.0, "autotile": 1.0 }, "0_224": { "flipX": 1.0, "flipY": 1.0, "tileset": "golfoutside\/tile_wtg2", "coord": [ 2.0, 2.0 ], "autotile_index": 0.0, "autotile": 1.0 }, "32_480": { "flipX": 1.0, "flipY": 1.0, "tileset": "golfoutside\/tile_wtg2", "coord": [ 2.0, 2.0 ], "autotile_index": 0.0, "autotile": 1.0 }, "-32_320": { "flipX": 1.0, "flipY": 1.0, "tileset": "golfoutside\/tile_wtg2", "coord": [ 0.0, 0.0 ], "autotile_index": 0.0, "autotile": 1.0 }, "448_448": { "flipX": 1.0, "flipY": 1.0, "tileset": "golfoutside\/tile_wtg2", "coord": [ 2.0, 1.0 ], "autotile_index": 0.0, "autotile": 1.0 }, "0_256": { "flipX": 1.0, "flipY": 1.0, "tileset": "golfoutside\/tile_wtg2", "coord": [ 2.0, 2.0 ], "autotile_index": 0.0, "autotile": 1.0 }, "128_544": { "flipX": 1.0, "flipY": 1.0, "tileset": "golfoutside\/tile_wtg2", "coord": [ 0.0, 0.0 ], "autotile_index": 0.0, "autotile": 1.0 }, "64_224": { "flipX": 1.0, "flipY": 1.0, "tileset": "golfoutside\/tile_wtg2", "coord": [ 4.0, 3.0 ], "autotile_index": 0.0, "autotile": 1.0 }, "896_0": { "flipX": 1.0, "flipY": 1.0, "tileset": "golfoutside\/tile_wtg2", "coord": [ 1.0, 2.0 ], "autotile_index": 0.0, "autotile": 1.0 }, "160_480": { "flipX": 1.0, "flipY": 1.0, "tileset": "golfoutside\/tile_wtg2", "coord": [ 2.0, 2.0 ], "autotile_index": 0.0, "autotile": 1.0 }, "0_480": { "flipX": 1.0, "flipY": 1.0, "tileset": "golfoutside\/tile_wtg2", "coord": [ 2.0, 2.0 ], "autotile_index": 0.0, "autotile": 1.0 }, "672_352": { "flipX": 1.0, "flipY": 1.0, "tileset": "golfoutside\/tile_wtg2", "coord": [ 10.0, 20.0 ], "autotile_index": 0.0, "autotile": 0.0 }, "640_512": { "flipX": 1.0, "flipY": 1.0, "tileset": "golfoutside\/tile_wtg2", "coord": [ 2.0, 2.0 ], "autotile_index": 0.0, "autotile": 1.0 }, "0_96": { "flipX": 1.0, "flipY": 1.0, "tileset": "golfoutside\/tile_wtg2", "coord": [ 2.0, 2.0 ], "autotile_index": 0.0, "autotile": 1.0 }, "608_512": { "flipX": 1.0, "flipY": 1.0, "tileset": "golfoutside\/tile_wtg2", "coord": [ 2.0, 2.0 ], "autotile_index": 0.0, "autotile": 1.0 }, "64_64": { "flipX": 1.0, "flipY": 1.0, "tileset": "golfoutside\/tile_wtg2", "coord": [ 4.0, 2.0 ], "autotile_index": 0.0, "autotile": 1.0 }, "448_416": { "flipX": 1.0, "flipY": 1.0, "tileset": "golfoutside\/tile_wtg2", "coord": [ 2.0, 0.0 ], "autotile_index": 0.0, "autotile": 1.0 }, "192_544": { "flipX": 1.0, "flipY": 1.0, "tileset": "golfoutside\/tile_wtg2", "coord": [ 0.0, 0.0 ], "autotile_index": 0.0, "autotile": 1.0 }, "224_352": { "flipX": 1.0, "flipY": 1.0, "tileset": "golfoutside\/tile_wtg2", "coord": [ 17.0, 19.0 ], "autotile_index": 0.0, "autotile": 0.0 }, "736_448": { "flipX": 1.0, "flipY": 1.0, "tileset": "golfoutside\/tile_wtg2", "coord": [ 2.0, 1.0 ], "autotile_index": 0.0, "autotile": 1.0 }, "896_192": { "flipX": 1.0, "flipY": 1.0, "tileset": "golfoutside\/tile_wtg2", "coord": [ 1.0, 2.0 ], "autotile_index": 0.0, "autotile": 1.0 }, "320_416": { "flipX": 1.0, "flipY": 1.0, "tileset": "golfoutside\/tile_wtg2", "coord": [ 3.0, 0.0 ], "autotile_index": 0.0, "autotile": 1.0 }, "832_512": { "flipX": 1.0, "flipY": 1.0, "tileset": "golfoutside\/tile_wtg2", "coord": [ 2.0, 2.0 ], "autotile_index": 0.0, "autotile": 1.0 }, "896_96": { "flipX": 1.0, "flipY": 1.0, "tileset": "golfoutside\/tile_wtg2", "coord": [ 1.0, 2.0 ], "autotile_index": 0.0, "autotile": 1.0 }, "512_448": { "flipX": 1.0, "flipY": 1.0, "tileset": "golfoutside\/tile_wtg2", "coord": [ 2.0, 1.0 ], "autotile_index": 0.0, "autotile": 1.0 }, "928_480": { "flipX": 1.0, "flipY": 1.0, "tileset": "golfoutside\/tile_wtg2", "coord": [ 2.0, 2.0 ], "autotile_index": 0.0, "autotile": 1.0 }, "288_448": { "flipX": 1.0, "flipY": 1.0, "tileset": "golfoutside\/tile_wtg2", "coord": [ 2.0, 1.0 ], "autotile_index": 0.0, "autotile": 1.0 }, "64_128": { "flipX": 1.0, "flipY": 1.0, "tileset": "golfoutside\/tile_wtg2", "coord": [ 4.0, 2.0 ], "autotile_index": 0.0, "autotile": 1.0 }, "-32_160": { "flipX": 1.0, "flipY": 1.0, "tileset": "golfoutside\/tile_wtg2", "coord": [ 0.0, 0.0 ], "autotile_index": 0.0, "autotile": 1.0 }, "-32_256": { "flipX": 1.0, "flipY": 1.0, "tileset": "golfoutside\/tile_wtg2", "coord": [ 0.0, 0.0 ], "autotile_index": 0.0, "autotile": 1.0 }, "512_480": { "flipX": 1.0, "flipY": 1.0, "tileset": "golfoutside\/tile_wtg2", "coord": [ 2.0, 2.0 ], "autotile_index": 0.0, "autotile": 1.0 }, "864_512": { "flipX": 1.0, "flipY": 1.0, "tileset": "golfoutside\/tile_wtg2", "coord": [ 2.0, 2.0 ], "autotile_index": 0.0, "autotile": 1.0 }, "0_128": { "flipX": 1.0, "flipY": 1.0, "tileset": "golfoutside\/tile_wtg2", "coord": [ 2.0, 2.0 ], "autotile_index": 0.0, "autotile": 1.0 }, "896_512": { "flipX": 1.0, "flipY": 1.0, "tileset": "golfoutside\/tile_wtg2", "coord": [ 2.0, 2.0 ], "autotile_index": 0.0, "autotile": 1.0 }, "896_320": { "flipX": 1.0, "flipY": 1.0, "tileset": "golfoutside\/tile_wtg2", "coord": [ 1.0, 2.0 ], "autotile_index": 0.0, "autotile": 1.0 }, "928_448": { "flipX": 1.0, "flipY": 1.0, "tileset": "golfoutside\/tile_wtg2", "coord": [ 2.0, 2.0 ], "autotile_index": 0.0, "autotile": 1.0 }, "928_64": { "flipX": 1.0, "flipY": 1.0, "tileset": "golfoutside\/tile_wtg2", "coord": [ 2.0, 2.0 ], "autotile_index": 0.0, "autotile": 1.0 }, "480_480": { "flipX": 1.0, "flipY": 1.0, "tileset": "golfoutside\/tile_wtg2", "coord": [ 2.0, 2.0 ], "autotile_index": 0.0, "autotile": 1.0 }, "64_256": { "flipX": 1.0, "flipY": 1.0, "tileset": "golfoutside\/tile_wtg2", "coord": [ 4.0, 1.0 ], "autotile_index": 0.0, "autotile": 1.0 }, "32_288": { "flipX": 1.0, "flipY": 1.0, "tileset": "golfoutside\/tile_wtg2", "coord": [ 3.0, 2.0 ], "autotile_index": 0.0, "autotile": 1.0 }, "224_416": { "flipX": 1.0, "flipY": 1.0, "tileset": "golfoutside\/tile_wtg2", "coord": [ 2.0, 0.0 ], "autotile_index": 0.0, "autotile": 1.0 }, "704_448": { "flipX": 1.0, "flipY": 1.0, "tileset": "golfoutside\/tile_wtg2", "coord": [ 0.0, 14.0 ], "autotile_index": 0.0, "autotile": 0.0 }, "32_544": { "flipX": 1.0, "flipY": 1.0, "tileset": "golfoutside\/tile_wtg2", "coord": [ 0.0, 0.0 ], "autotile_index": 0.0, "autotile": 1.0 }, "32_352": { "flipX": 1.0, "flipY": 1.0, "tileset": "golfoutside\/tile_wtg2", "coord": [ 3.0, 2.0 ], "autotile_index": 0.0, "autotile": 1.0 }, "0_448": { "flipX": 1.0, "flipY": 1.0, "tileset": "golfoutside\/tile_wtg2", "coord": [ 2.0, 2.0 ], "autotile_index": 0.0, "autotile": 1.0 }, "640_448": { "flipX": 1.0, "flipY": 1.0, "tileset": "golfoutside\/tile_wtg2", "coord": [ 2.0, 1.0 ], "autotile_index": 0.0, "autotile": 1.0 }, "224_512": { "flipX": 1.0, "flipY": 1.0, "tileset": "golfoutside\/tile_wtg2", "coord": [ 2.0, 2.0 ], "autotile_index": 0.0, "autotile": 1.0 }, "96_544": { "flipX": 1.0, "flipY": 1.0, "tileset": "golfoutside\/tile_wtg2", "coord": [ 0.0, 0.0 ], "autotile_index": 0.0, "autotile": 1.0 }, "928_0": { "flipX": 1.0, "flipY": 1.0, "tileset": "golfoutside\/tile_wtg2", "coord": [ 2.0, 2.0 ], "autotile_index": 0.0, "autotile": 1.0 }, "352_512": { "flipX": 1.0, "flipY": 1.0, "tileset": "golfoutside\/tile_wtg2", "coord": [ 2.0, 2.0 ], "autotile_index": 0.0, "autotile": 1.0 }, "-32_352": { "flipX": 1.0, "flipY": 1.0, "tileset": "golfoutside\/tile_wtg2", "coord": [ 0.0, 0.0 ], "autotile_index": 0.0, "autotile": 1.0 }, "0_0": { "flipX": 1.0, "flipY": 1.0, "tileset": "golfoutside\/tile_wtg2", "coord": [ 2.0, 2.0 ], "autotile_index": 0.0, "autotile": 1.0 }, "0_320": { "flipX": 1.0, "flipY": 1.0, "tileset": "golfoutside\/tile_wtg2", "coord": [ 2.0, 2.0 ], "autotile_index": 0.0, "autotile": 1.0 }, "928_512": { "flipX": 1.0, "flipY": 1.0, "tileset": "golfoutside\/tile_wtg2", "coord": [ 2.0, 2.0 ], "autotile_index": 0.0, "autotile": 1.0 }, "384_480": { "flipX": 1.0, "flipY": 1.0, "tileset": "golfoutside\/tile_wtg2", "coord": [ 2.0, 2.0 ], "autotile_index": 0.0, "autotile": 1.0 }, "960_448": { "flipX": 1.0, "flipY": 1.0, "tileset": "golfoutside\/tile_wtg2", "coord": [ 0.0, 0.0 ], "autotile_index": 0.0, "autotile": 1.0 }, "864_96": { "flipX": 1.0, "flipY": 1.0, "tileset": "golfoutside\/tile_wtg2", "coord": [ 0.0, 1.0 ], "autotile_index": 0.0, "autotile": 1.0 }, "224_480": { "flipX": 1.0, "flipY": 1.0, "tileset": "golfoutside\/tile_wtg2", "coord": [ 2.0, 2.0 ], "autotile_index": 0.0, "autotile": 1.0 }, "64_512": { "flipX": 1.0, "flipY": 1.0, "tileset": "golfoutside\/tile_wtg2", "coord": [ 2.0, 2.0 ], "autotile_index": 0.0, "autotile": 1.0 }, "864_224": { "flipX": 1.0, "flipY": 1.0, "tileset": "golfoutside\/tile_wtg2", "coord": [ 0.0, 1.0 ], "autotile_index": 0.0, "autotile": 1.0 }, "800_512": { "flipX": 1.0, "flipY": 1.0, "tileset": "golfoutside\/tile_wtg2", "coord": [ 2.0, 2.0 ], "autotile_index": 0.0, "autotile": 1.0 } } }, "backgrounds": { "5": { "x": 240.0, "scroll_y": 1.0, "panic_sprite": -1.0, "hspeed": 0.0, "tile_y": 1.0, "character": "None", "y": -14.0, "escape": "None", "tile_x": 1.0, "sprite": "golfoutside\/bg3_wtg1 - Copy", "vspeed": 0.0, "image_speed": 15.0, "scroll_x": 1.0 }, "6": { "x": 14.0, "scroll_y": 1.0, "panic_sprite": -1.0, "hspeed": 1.0, "tile_y": 0.0, "character": "None", "y": -1.0, "escape": "None", "tile_x": 1.0, "sprite": "golfoutside\/bg2_wtg2", "vspeed": 0.0, "image_speed": 15.0, "scroll_x": 1.0 }, "7": { "x": 0.0, "scroll_y": 1.0, "panic_sprite": -1.0, "hspeed": 0.0, "tile_y": 1.0, "character": "None", "y": 0.0, "escape": "None", "tile_x": 1.0, "sprite": "golfoutside\/bg1_wtg2", "vspeed": 0.0, "image_speed": 15.0, "scroll_x": 1.0 } } }