{ "properties": { "song": "", "songTransitionTime": 100.0, "pausecombo": 0.0, "roomX": 0.0, "levelWidth": 960.0, "roomY": 0.0, "levelHeight": 540.0 }, "editorVersion": 6.0, "instances": [ { "layer": 0.0, "object": "obj_solid", "deleted": 0.0, "variables": { "x": 0.0, "flipX": 0.0, "y": 0.0, "flipY": 0.0, "image_xscale": 4.0, "image_yscale": 17.0 } }, { "layer": 0.0, "object": "obj_solid", "deleted": 0.0, "variables": { "x": 128.0, "flipX": 0.0, "y": -96.0, "flipY": 0.0, "image_xscale": 26.0, "image_yscale": 3.0 } }, { "layer": 0.0, "object": "obj_solid", "deleted": 0.0, "variables": { "x": 864.0, "flipX": 0.0, "y": 0.0, "flipY": 0.0, "image_xscale": 3.0, "image_yscale": 17.0 } }, { "layer": 0.0, "object": "obj_solid", "deleted": 0.0, "variables": { "x": 128.0, "flipX": 0.0, "y": 416.0, "flipY": 0.0, "image_xscale": 23.0, "image_yscale": 4.0 } }, { "layer": 0.0, "object": "obj_doorA", "deleted": 0.0, "variables": { "x": 160.0, "flipX": 0.0, "y": 384.0, "flipY": 0.0 } }, { "layer": 0.0, "object": "obj_tutorialbook", "deleted": 0.0, "variables": { "x": 128.0, "flipX": 0.0, "y": -53.5, "flipY": 0.0 } }, { "layer": 0.0, "object": "obj_sprite", "deleted": 0.0, "variables": { "x": 565.0, "flipX": 0.0, "y": 305.0, "flipY": 0.0, "image_xscale": 1.0, "image_yscale": 1.0, "image_angle": 180.0, "depth": "-2", "sprite_index": "seccam" } }, { "layer": 0.0, "object": "obj_sprite", "deleted": 0.0, "variables": { "x": 551.5, "flipX": 0.0, "y": 102.5, "flipY": 0.0, "image_xscale": 1.0099999904632568359375, "image_yscale": 0.87000000476837158203125, "image_angle": 180.0, "depth": 100.0, "image_speed": 0.25, "sprite_index": "spotlight" } }, { "layer": 0.0, "object": "obj_sprite", "deleted": 0.0, "variables": { "x": 507.0, "flipX": 0.0, "y": 255.0, "flipY": 0.0, "image_xscale": 1.0, "image_yscale": 9.0, "depth": 100.0, "sprite_index": "camstand" } }, { "layer": 0.0, "object": "obj_createobject", "deleted": 0.0, "variables": { "x": 96.0, "flipX": 0.0, "on_trigger": "true", "image_xscale": 1.0, "multi": "true", "content": "obj_jumpscare", "on_touch": "false", "y": -544.0, "flipY": 0.0, "image_yscale": 1.0, "on_start": "false", "trigger_id": 4.0 } }, { "layer": 0.0, "object": "obj_collisioncheck", "deleted": 0.0, "variables": { "x": 519.0, "flipX": 0.0, "image_xscale": 1.25, "target_obj": "obj_pizzaball", "multi": "true", "enter_target_trigger_id": 4.0, "y": -75.0, "flipY": 0.0, "on_repeat": "true", "image_yscale": 9.09375, "exit_target_trigger_id": 4.0 } }, { "layer": 0.0, "object": "obj_collisioncheck", "deleted": 0.0, "variables": { "x": 608.0, "flipX": 0.0, "y": -512.0, "flipY": 0.0, "image_xscale": 1.3125, "on_repeat": "true", "target_obj": "obj_pizzaball", "image_yscale": 1.21875, "enter_target_trigger_id": 4.0, "exit_target_trigger_id": 4.0 } }, { "layer": 0.0, "object": "obj_variable", "deleted": 0.0, "variables": { "x": 608.0, "flipX": 0.0, "on_trigger": "true", "image_xscale": 1.0, "name": "golfhit", "on_touch": "false", "y": -352.0, "flipY": 0.0, "image_yscale": 1.0, "value": 4.0, "on_start": "false", "trigger_id": 4.0 } }, { "layer": 0.0, "object": "obj_pizzaball", "deleted": 0.0, "variables": { "x": 256.0, "flipX": 0.0, "y": 370.5, "flipY": 0.0, "image_xscale": 1.0, "image_yscale": 1.0, "hitsPrimoBurg": 2.0, "hitsHotDog": 2.0, "hitsNothing": 3.0 } }, { "layer": 0.0, "object": "obj_platform", "deleted": 0.0, "variables": { "x": 640.0, "flipX": 0.0, "y": 192.0, "flipY": 0.0, "image_xscale": 5.0, "image_yscale": 1.0 } }, { "layer": 0.0, "object": "obj_giantcollect", "deleted": 1.0, "variables": { "x": 256.0, "flipX": 0.0, "y": 256.0, "flipY": 0.0 } }, { "layer": 0.0, "object": "obj_collisioncheck", "deleted": 0.0, "variables": { "x": 446.0, "flipX": 0.0, "image_xscale": 5.875, "target_obj": "obj_pizzaball", "multi": "true", "enter_target_trigger_id": 4.0, "y": 38.0, "flipY": 0.0, "on_repeat": "true", "image_yscale": 1.75, "exit_target_trigger_id": 4.0 } }, { "layer": 0.0, "object": "obj_collisioncheck", "deleted": 0.0, "variables": { "x": 436.0, "flipX": 0.0, "target_obj": "obj_pizzaball", "image_xscale": 6.96875, "multi": "true", "enter_target_trigger_id": 4.0, "y": -14.0, "flipY": 0.0, "on_repeat": "true", "image_yscale": 1.75, "exit_target_trigger_id": 4.0 } }, { "layer": 0.0, "object": "obj_collisioncheck", "deleted": 0.0, "variables": { "x": 448.0, "flipX": 0.0, "image_xscale": 4.5, "target_obj": "obj_pizzaball", "multi": "true", "enter_target_trigger_id": 4.0, "y": 64.0, "flipY": 0.0, "on_repeat": "true", "image_yscale": 1.34375, "exit_target_trigger_id": 4.0 } }, { "layer": 0.0, "object": "obj_collisioncheck", "deleted": 0.0, "variables": { "x": 500.0, "flipX": 0.0, "image_xscale": 2.3125, "target_obj": "obj_pizzaball", "multi": "true", "enter_target_trigger_id": 4.0, "y": 61.0, "flipY": 0.0, "on_repeat": "true", "image_yscale": 3.8125, "exit_target_trigger_id": 4.0 } }, { "layer": 0.0, "object": "obj_createobject", "deleted": 0.0, "variables": { "x": 715.0, "flipX": 0.0, "on_trigger": "true", "image_xscale": 1.0, "content": "obj_teleporter", "on_touch": "false", "y": 312.0, "flipY": 0.0, "visible": "false", "image_yscale": 1.0, "on_start": "false", "trigger_id": 2.0 } }, { "layer": 0.0, "object": "obj_collisioncheck", "deleted": 0.0, "variables": { "x": 703.0, "flipX": 0.0, "on_trigger": "false", "target_obj": "obj_pizzaball", "image_xscale": 0.96875, "multi": "true", "enter_target_trigger_id": 2.0, "on_touch": "false", "y": 70.0, "flipY": 0.0, "on_repeat": "true", "image_yscale": 4.0625, "on_start": "false", "exit_target_trigger_id": 2.0 } }, { "layer": 0.0, "object": "obj_ballgoal", "deleted": 0.0, "variables": { "x": 719.0, "flipX": 0.0, "y": 129.0, "flipY": 0.0, "image_xscale": 0.180000007152557373046875, "visible": "false", "image_yscale": 1.269999980926513671875 } }, { "layer": 0.0, "object": "obj_solid", "deleted": 0.0, "variables": { "x": 1135.0, "flipX": 0.0, "y": -352.0, "flipY": 0.0, "image_xscale": 7.0, "image_yscale": 2.0 } }, { "layer": 0.0, "object": "obj_unclimbablewall", "deleted": 0.0, "variables": { "x": 1135.0, "flipX": 0.0, "y": -288.0, "flipY": 0.0, "image_xscale": 1.0, "image_yscale": 24.0 } }, { "layer": 0.0, "object": "obj_solid", "deleted": 0.0, "variables": { "x": 1135.0, "flipX": 0.0, "y": 96.0, "flipY": 0.0, "image_xscale": 7.0, "image_yscale": 3.0 } }, { "layer": 0.0, "object": "obj_verticalhallway", "deleted": 0.0, "variables": { "targetDoor": "A", "x": 1167.0, "flipX": 0.0, "y": 64.0, "flipY": 0.0, "image_xscale": 2.484375, "image_yscale": 1.0, "targetRoom": "c4p2" } }, { "layer": 0.0, "object": "obj_teleporter", "deleted": 0.0, "variables": { "x": 1251.0, "flipX": 0.0, "start": "false", "y": -225.0, "flipY": 0.0, "image_xscale": 1.0, "image_yscale": 1.0 } }, { "layer": 0.0, "object": "obj_unclimbablewall", "deleted": 0.0, "variables": { "x": 1327.0, "flipX": 0.0, "y": -288.0, "flipY": 0.0, "image_xscale": 1.0, "image_yscale": 24.0 } }, { "layer": 0.0, "object": "obj_roomname", "deleted": 0.0, "variables": { "x": 128.0, "flipX": 0.0, "y": -192.0, "flipY": 0.0, "image_xscale": 1.0, "image_yscale": 1.0, "msg": "WORK SMARTER" } } ], "tile_data": { "5": { "192_512": { "flipX": 1.0, "flipY": 1.0, "tileset": "golfoutside\/tile_wtg2", "coord": [ 2.0, 2.0 ], "autotile_index": 0.0, "autotile": 1.0 }, "928_64": { "flipX": 1.0, "flipY": 1.0, "tileset": "golfoutside\/tile_wtg2", "coord": [ 2.0, 2.0 ], "autotile_index": 0.0, "autotile": 1.0 }, "896_256": { "flipX": 1.0, "flipY": 1.0, "tileset": "golfoutside\/tile_wtg2", "coord": [ 1.0, 2.0 ], "autotile_index": 0.0, "autotile": 1.0 }, "0_384": { "flipX": 1.0, "flipY": 1.0, "tileset": "golfoutside\/tile_wtg2", "coord": [ 2.0, 2.0 ], "autotile_index": 0.0, "autotile": 1.0 }, "928_448": { "flipX": 1.0, "flipY": 1.0, "tileset": "golfoutside\/tile_wtg2", "coord": [ 2.0, 2.0 ], "autotile_index": 0.0, "autotile": 1.0 }, "864_64": { "flipX": 1.0, "flipY": 1.0, "tileset": "golfoutside\/tile_wtg2", "coord": [ 0.0, 2.0 ], "autotile_index": 0.0, "autotile": 1.0 }, "256_448": { "flipX": 1.0, "flipY": 1.0, "tileset": "golfoutside\/tile_wtg2", "coord": [ 2.0, 1.0 ], "autotile_index": 0.0, "autotile": 1.0 }, "96_96": { "flipX": 1.0, "flipY": 1.0, "tileset": "golfoutside\/tile_wtg2", "coord": [ 4.0, 1.0 ], "autotile_index": 0.0, "autotile": 1.0 }, "704_128": { "flipX": 1.0, "flipY": 1.0, "tileset": "golfoutside\/tile_wtg2", "coord": [ 8.0, 24.0 ], "autotile_index": 0.0, "autotile": 0.0 }, "320_416": { "flipX": 1.0, "flipY": 1.0, "tileset": "golfoutside\/tile_wtg2", "coord": [ 2.0, 0.0 ], "autotile_index": 0.0, "autotile": 1.0 }, "0_0": { "flipX": 1.0, "flipY": 1.0, "tileset": "golfoutside\/tile_wtg2", "coord": [ 2.0, 2.0 ], "autotile_index": 0.0, "autotile": 1.0 }, "704_224": { "flipX": 1.0, "flipY": 1.0, "tileset": "golfoutside\/tile_wtg2", "coord": [ 10.0, 6.0 ], "autotile_index": 0.0, "autotile": 0.0 }, "0_288": { "flipX": 1.0, "flipY": 1.0, "tileset": "golfoutside\/tile_wtg2", "coord": [ 2.0, 2.0 ], "autotile_index": 0.0, "autotile": 1.0 }, "768_512": { "flipX": 1.0, "flipY": 1.0, "tileset": "golfoutside\/tile_wtg2", "coord": [ 2.0, 2.0 ], "autotile_index": 0.0, "autotile": 1.0 }, "896_352": { "flipX": 1.0, "flipY": 1.0, "tileset": "golfoutside\/tile_wtg2", "coord": [ 1.0, 2.0 ], "autotile_index": 0.0, "autotile": 1.0 }, "448_416": { "flipX": 1.0, "flipY": 1.0, "tileset": "golfoutside\/tile_wtg2", "coord": [ 3.0, 0.0 ], "autotile_index": 0.0, "autotile": 1.0 }, "704_512": { "flipX": 1.0, "flipY": 1.0, "tileset": "golfoutside\/tile_wtg2", "coord": [ 2.0, 2.0 ], "autotile_index": 0.0, "autotile": 1.0 }, "352_416": { "flipX": 1.0, "flipY": 1.0, "tileset": "golfoutside\/tile_wtg2", "coord": [ 2.0, 0.0 ], "autotile_index": 0.0, "autotile": 1.0 }, "896_0": { "flipX": 1.0, "flipY": 1.0, "tileset": "golfoutside\/tile_wtg2", "coord": [ 1.0, 2.0 ], "autotile_index": 0.0, "autotile": 1.0 }, "32_160": { "flipX": 1.0, "flipY": 1.0, "tileset": "golfoutside\/tile_wtg2", "coord": [ 2.0, 2.0 ], "autotile_index": 0.0, "autotile": 1.0 }, "64_512": { "flipX": 1.0, "flipY": 1.0, "tileset": "golfoutside\/tile_wtg2", "coord": [ 2.0, 2.0 ], "autotile_index": 0.0, "autotile": 1.0 }, "928_320": { "flipX": 1.0, "flipY": 1.0, "tileset": "golfoutside\/tile_wtg2", "coord": [ 2.0, 2.0 ], "autotile_index": 0.0, "autotile": 1.0 }, "448_512": { "flipX": 1.0, "flipY": 1.0, "tileset": "golfoutside\/tile_wtg2", "coord": [ 2.0, 2.0 ], "autotile_index": 0.0, "autotile": 1.0 }, "864_160": { "flipX": 1.0, "flipY": 1.0, "tileset": "golfoutside\/tile_wtg2", "coord": [ 0.0, 3.0 ], "autotile_index": 0.0, "autotile": 1.0 }, "640_448": { "flipX": 1.0, "flipY": 1.0, "tileset": "golfoutside\/tile_wtg2", "coord": [ 2.0, 1.0 ], "autotile_index": 0.0, "autotile": 1.0 }, "288_416": { "flipX": 1.0, "flipY": 1.0, "tileset": "golfoutside\/tile_wtg2", "coord": [ 2.0, 0.0 ], "autotile_index": 0.0, "autotile": 1.0 }, "0_192": { "flipX": 1.0, "flipY": 1.0, "tileset": "golfoutside\/tile_wtg2", "coord": [ 2.0, 2.0 ], "autotile_index": 0.0, "autotile": 1.0 }, "128_416": { "flipX": 1.0, "flipY": 1.0, "tileset": "golfoutside\/tile_wtg2", "coord": [ 3.0, 0.0 ], "autotile_index": 0.0, "autotile": 1.0 }, "640_480": { "flipX": 1.0, "flipY": 1.0, "tileset": "golfoutside\/tile_wtg2", "coord": [ 2.0, 2.0 ], "autotile_index": 0.0, "autotile": 1.0 }, "32_96": { "flipX": 1.0, "flipY": 1.0, "tileset": "golfoutside\/tile_wtg2", "coord": [ 2.0, 2.0 ], "autotile_index": 0.0, "autotile": 1.0 }, "480_512": { "flipX": 1.0, "flipY": 1.0, "tileset": "golfoutside\/tile_wtg2", "coord": [ 2.0, 2.0 ], "autotile_index": 0.0, "autotile": 1.0 }, "224_480": { "flipX": 1.0, "flipY": 1.0, "tileset": "golfoutside\/tile_wtg2", "coord": [ 2.0, 2.0 ], "autotile_index": 0.0, "autotile": 1.0 }, "544_416": { "flipX": 1.0, "flipY": 1.0, "tileset": "golfoutside\/tile_wtg2", "coord": [ 3.0, 0.0 ], "autotile_index": 0.0, "autotile": 1.0 }, "672_96": { "flipX": 1.0, "flipY": 1.0, "tileset": "golfoutside\/tile_wtg2", "coord": [ 7.0, 23.0 ], "autotile_index": 0.0, "autotile": 0.0 }, "608_448": { "flipX": 1.0, "flipY": 1.0, "tileset": "golfoutside\/tile_wtg2", "coord": [ 2.0, 1.0 ], "autotile_index": 0.0, "autotile": 1.0 }, "672_448": { "flipX": 1.0, "flipY": 1.0, "tileset": "golfoutside\/tile_wtg2", "coord": [ 2.0, 1.0 ], "autotile_index": 0.0, "autotile": 1.0 }, "576_512": { "flipX": 1.0, "flipY": 1.0, "tileset": "golfoutside\/tile_wtg2", "coord": [ 2.0, 2.0 ], "autotile_index": 0.0, "autotile": 1.0 }, "256_512": { "flipX": 1.0, "flipY": 1.0, "tileset": "golfoutside\/tile_wtg2", "coord": [ 2.0, 2.0 ], "autotile_index": 0.0, "autotile": 1.0 }, "32_352": { "flipX": 1.0, "flipY": 1.0, "tileset": "golfoutside\/tile_wtg2", "coord": [ 2.0, 2.0 ], "autotile_index": 0.0, "autotile": 1.0 }, "416_448": { "flipX": 1.0, "flipY": 1.0, "tileset": "golfoutside\/tile_wtg2", "coord": [ 2.0, 1.0 ], "autotile_index": 0.0, "autotile": 1.0 }, "384_480": { "flipX": 1.0, "flipY": 1.0, "tileset": "golfoutside\/tile_wtg2", "coord": [ 2.0, 2.0 ], "autotile_index": 0.0, "autotile": 1.0 }, "544_480": { "flipX": 1.0, "flipY": 1.0, "tileset": "golfoutside\/tile_wtg2", "coord": [ 2.0, 2.0 ], "autotile_index": 0.0, "autotile": 1.0 }, "928_96": { "flipX": 1.0, "flipY": 1.0, "tileset": "golfoutside\/tile_wtg2", "coord": [ 2.0, 2.0 ], "autotile_index": 0.0, "autotile": 1.0 }, "864_256": { "flipX": 1.0, "flipY": 1.0, "tileset": "golfoutside\/tile_wtg2", "coord": [ 0.0, 1.0 ], "autotile_index": 0.0, "autotile": 1.0 }, "800_480": { "flipX": 1.0, "flipY": 1.0, "tileset": "golfoutside\/tile_wtg2", "coord": [ 2.0, 2.0 ], "autotile_index": 0.0, "autotile": 1.0 }, "672_160": { "flipX": 1.0, "flipY": 1.0, "tileset": "golfoutside\/tile_wtg2", "coord": [ 7.0, 25.0 ], "autotile_index": 0.0, "autotile": 0.0 }, "0_32": { "flipX": 1.0, "flipY": 1.0, "tileset": "golfoutside\/tile_wtg2", "coord": [ 2.0, 2.0 ], "autotile_index": 0.0, "autotile": 1.0 }, "704_192": { "flipX": 1.0, "flipY": 1.0, "tileset": "golfoutside\/tile_wtg2", "coord": [ 10.0, 5.0 ], "autotile_index": 0.0, "autotile": 0.0 }, "864_512": { "flipX": 1.0, "flipY": 1.0, "tileset": "golfoutside\/tile_wtg2", "coord": [ 2.0, 2.0 ], "autotile_index": 0.0, "autotile": 1.0 }, "448_448": { "flipX": 1.0, "flipY": 1.0, "tileset": "golfoutside\/tile_wtg2", "coord": [ 2.0, 1.0 ], "autotile_index": 0.0, "autotile": 1.0 }, "768_480": { "flipX": 1.0, "flipY": 1.0, "tileset": "golfoutside\/tile_wtg2", "coord": [ 2.0, 2.0 ], "autotile_index": 0.0, "autotile": 1.0 }, "160_416": { "flipX": 1.0, "flipY": 1.0, "tileset": "golfoutside\/tile_wtg2", "coord": [ 2.0, 0.0 ], "autotile_index": 0.0, "autotile": 1.0 }, "64_0": { "flipX": 1.0, "flipY": 1.0, "tileset": "golfoutside\/tile_wtg2", "coord": [ 3.0, 2.0 ], "autotile_index": 0.0, "autotile": 1.0 }, "576_448": { "flipX": 1.0, "flipY": 1.0, "tileset": "golfoutside\/tile_wtg2", "coord": [ 2.0, 1.0 ], "autotile_index": 0.0, "autotile": 1.0 }, "96_128": { "flipX": 1.0, "flipY": 1.0, "tileset": "golfoutside\/tile_wtg2", "coord": [ 4.0, 3.0 ], "autotile_index": 0.0, "autotile": 1.0 }, "512_448": { "flipX": 1.0, "flipY": 1.0, "tileset": "golfoutside\/tile_wtg2", "coord": [ 2.0, 1.0 ], "autotile_index": 0.0, "autotile": 1.0 }, "736_416": { "flipX": 1.0, "flipY": 1.0, "tileset": "golfoutside\/tile_wtg2", "coord": [ 2.0, 0.0 ], "autotile_index": 0.0, "autotile": 1.0 }, "96_224": { "flipX": 1.0, "flipY": 1.0, "tileset": "golfoutside\/tile_wtg2", "coord": [ 4.0, 1.0 ], "autotile_index": 0.0, "autotile": 1.0 }, "64_416": { "flipX": 1.0, "flipY": 1.0, "tileset": "golfoutside\/tile_wtg2", "coord": [ 3.0, 2.0 ], "autotile_index": 0.0, "autotile": 1.0 }, "0_480": { "flipX": 1.0, "flipY": 1.0, "tileset": "golfoutside\/tile_wtg2", "coord": [ 2.0, 2.0 ], "autotile_index": 0.0, "autotile": 1.0 }, "896_320": { "flipX": 1.0, "flipY": 1.0, "tileset": "golfoutside\/tile_wtg2", "coord": [ 1.0, 2.0 ], "autotile_index": 0.0, "autotile": 1.0 }, "32_128": { "flipX": 1.0, "flipY": 1.0, "tileset": "golfoutside\/tile_wtg2", "coord": [ 2.0, 2.0 ], "autotile_index": 0.0, "autotile": 1.0 }, "576_416": { "flipX": 1.0, "flipY": 1.0, "tileset": "golfoutside\/tile_wtg2", "coord": [ 2.0, 0.0 ], "autotile_index": 0.0, "autotile": 1.0 }, "896_128": { "flipX": 1.0, "flipY": 1.0, "tileset": "golfoutside\/tile_wtg2", "coord": [ 1.0, 2.0 ], "autotile_index": 0.0, "autotile": 1.0 }, "96_160": { "flipX": 1.0, "flipY": 1.0, "tileset": "golfoutside\/tile_wtg2", "coord": [ 4.0, 1.0 ], "autotile_index": 0.0, "autotile": 1.0 }, "64_256": { "flipX": 1.0, "flipY": 1.0, "tileset": "golfoutside\/tile_wtg2", "coord": [ 3.0, 2.0 ], "autotile_index": 0.0, "autotile": 1.0 }, "864_32": { "flipX": 1.0, "flipY": 1.0, "tileset": "golfoutside\/tile_wtg2", "coord": [ 0.0, 2.0 ], "autotile_index": 0.0, "autotile": 1.0 }, "0_448": { "flipX": 1.0, "flipY": 1.0, "tileset": "golfoutside\/tile_wtg2", "coord": [ 2.0, 2.0 ], "autotile_index": 0.0, "autotile": 1.0 }, "384_416": { "flipX": 1.0, "flipY": 1.0, "tileset": "golfoutside\/tile_wtg2", "coord": [ 1.0, 0.0 ], "autotile_index": 0.0, "autotile": 1.0 }, "672_512": { "flipX": 1.0, "flipY": 1.0, "tileset": "golfoutside\/tile_wtg2", "coord": [ 2.0, 2.0 ], "autotile_index": 0.0, "autotile": 1.0 }, "96_480": { "flipX": 1.0, "flipY": 1.0, "tileset": "golfoutside\/tile_wtg2", "coord": [ 2.0, 2.0 ], "autotile_index": 0.0, "autotile": 1.0 }, "96_32": { "flipX": 1.0, "flipY": 1.0, "tileset": "golfoutside\/tile_wtg2", "coord": [ 4.0, 3.0 ], "autotile_index": 0.0, "autotile": 1.0 }, "32_64": { "flipX": 1.0, "flipY": 1.0, "tileset": "golfoutside\/tile_wtg2", "coord": [ 2.0, 2.0 ], "autotile_index": 0.0, "autotile": 1.0 }, "32_288": { "flipX": 1.0, "flipY": 1.0, "tileset": "golfoutside\/tile_wtg2", "coord": [ 2.0, 2.0 ], "autotile_index": 0.0, "autotile": 1.0 }, "192_448": { "flipX": 1.0, "flipY": 1.0, "tileset": "golfoutside\/tile_wtg2", "coord": [ 2.0, 1.0 ], "autotile_index": 0.0, "autotile": 1.0 }, "416_480": { "flipX": 1.0, "flipY": 1.0, "tileset": "golfoutside\/tile_wtg2", "coord": [ 2.0, 2.0 ], "autotile_index": 0.0, "autotile": 1.0 }, "352_512": { "flipX": 1.0, "flipY": 1.0, "tileset": "golfoutside\/tile_wtg2", "coord": [ 2.0, 2.0 ], "autotile_index": 0.0, "autotile": 1.0 }, "96_192": { "flipX": 1.0, "flipY": 1.0, "tileset": "golfoutside\/tile_wtg2", "coord": [ 4.0, 3.0 ], "autotile_index": 0.0, "autotile": 1.0 }, "416_512": { "flipX": 1.0, "flipY": 1.0, "tileset": "golfoutside\/tile_wtg2", "coord": [ 2.0, 2.0 ], "autotile_index": 0.0, "autotile": 1.0 }, "128_480": { "flipX": 1.0, "flipY": 1.0, "tileset": "golfoutside\/tile_wtg2", "coord": [ 2.0, 2.0 ], "autotile_index": 0.0, "autotile": 1.0 }, "928_128": { "flipX": 1.0, "flipY": 1.0, "tileset": "golfoutside\/tile_wtg2", "coord": [ 2.0, 2.0 ], "autotile_index": 0.0, "autotile": 1.0 }, "96_512": { "flipX": 1.0, "flipY": 1.0, "tileset": "golfoutside\/tile_wtg2", "coord": [ 2.0, 2.0 ], "autotile_index": 0.0, "autotile": 1.0 }, "896_224": { "flipX": 1.0, "flipY": 1.0, "tileset": "golfoutside\/tile_wtg2", "coord": [ 1.0, 2.0 ], "autotile_index": 0.0, "autotile": 1.0 }, "320_480": { "flipX": 1.0, "flipY": 1.0, "tileset": "golfoutside\/tile_wtg2", "coord": [ 2.0, 2.0 ], "autotile_index": 0.0, "autotile": 1.0 }, "832_512": { "flipX": 1.0, "flipY": 1.0, "tileset": "golfoutside\/tile_wtg2", "coord": [ 2.0, 2.0 ], "autotile_index": 0.0, "autotile": 1.0 }, "672_128": { "flipX": 1.0, "flipY": 1.0, "tileset": "golfoutside\/tile_wtg2", "coord": [ 7.0, 24.0 ], "autotile_index": 0.0, "autotile": 0.0 }, "0_64": { "flipX": 1.0, "flipY": 1.0, "tileset": "golfoutside\/tile_wtg2", "coord": [ 2.0, 2.0 ], "autotile_index": 0.0, "autotile": 1.0 }, "672_224": { "flipX": 1.0, "flipY": 1.0, "tileset": "golfoutside\/tile_wtg2", "coord": [ 9.0, 6.0 ], "autotile_index": 0.0, "autotile": 0.0 }, "480_416": { "flipX": 1.0, "flipY": 1.0, "tileset": "golfoutside\/tile_wtg2", "coord": [ 3.0, 0.0 ], "autotile_index": 0.0, "autotile": 1.0 }, "0_320": { "flipX": 1.0, "flipY": 1.0, "tileset": "golfoutside\/tile_wtg2", "coord": [ 2.0, 2.0 ], "autotile_index": 0.0, "autotile": 1.0 }, "448_480": { "flipX": 1.0, "flipY": 1.0, "tileset": "golfoutside\/tile_wtg2", "coord": [ 2.0, 2.0 ], "autotile_index": 0.0, "autotile": 1.0 }, "800_448": { "flipX": 1.0, "flipY": 1.0, "tileset": "golfoutside\/tile_wtg2", "coord": [ 2.0, 1.0 ], "autotile_index": 0.0, "autotile": 1.0 }, "96_416": { "flipX": 1.0, "flipY": 1.0, "tileset": "golfoutside\/tile_wtg2", "coord": [ 6.0, 3.0 ], "autotile_index": 0.0, "autotile": 1.0 }, "224_448": { "flipX": 1.0, "flipY": 1.0, "tileset": "golfoutside\/tile_wtg2", "coord": [ 2.0, 1.0 ], "autotile_index": 0.0, "autotile": 1.0 }, "896_512": { "flipX": 1.0, "flipY": 1.0, "tileset": "golfoutside\/tile_wtg2", "coord": [ 2.0, 2.0 ], "autotile_index": 0.0, "autotile": 1.0 }, "864_352": { "flipX": 1.0, "flipY": 1.0, "tileset": "golfoutside\/tile_wtg2", "coord": [ 0.0, 1.0 ], "autotile_index": 0.0, "autotile": 1.0 }, "192_416": { "flipX": 1.0, "flipY": 1.0, "tileset": "golfoutside\/tile_wtg2", "coord": [ 2.0, 0.0 ], "autotile_index": 0.0, "autotile": 1.0 }, "32_320": { "flipX": 1.0, "flipY": 1.0, "tileset": "golfoutside\/tile_wtg2", "coord": [ 2.0, 2.0 ], "autotile_index": 0.0, "autotile": 1.0 }, "32_512": { "flipX": 1.0, "flipY": 1.0, "tileset": "golfoutside\/tile_wtg2", "coord": [ 2.0, 2.0 ], "autotile_index": 0.0, "autotile": 1.0 }, "64_160": { "flipX": 1.0, "flipY": 1.0, "tileset": "golfoutside\/tile_wtg2", "coord": [ 3.0, 2.0 ], "autotile_index": 0.0, "autotile": 1.0 }, "64_192": { "flipX": 1.0, "flipY": 1.0, "tileset": "golfoutside\/tile_wtg2", "coord": [ 3.0, 2.0 ], "autotile_index": 0.0, "autotile": 1.0 }, "288_480": { "flipX": 1.0, "flipY": 1.0, "tileset": "golfoutside\/tile_wtg2", "coord": [ 2.0, 2.0 ], "autotile_index": 0.0, "autotile": 1.0 }, "928_288": { "flipX": 1.0, "flipY": 1.0, "tileset": "golfoutside\/tile_wtg2", "coord": [ 2.0, 2.0 ], "autotile_index": 0.0, "autotile": 1.0 }, "288_448": { "flipX": 1.0, "flipY": 1.0, "tileset": "golfoutside\/tile_wtg2", "coord": [ 2.0, 1.0 ], "autotile_index": 0.0, "autotile": 1.0 }, "896_448": { "flipX": 1.0, "flipY": 1.0, "tileset": "golfoutside\/tile_wtg2", "coord": [ 9.0, 4.0 ], "autotile_index": 0.0, "autotile": 1.0 }, "864_128": { "flipX": 1.0, "flipY": 1.0, "tileset": "golfoutside\/tile_wtg2", "coord": [ 0.0, 2.0 ], "autotile_index": 0.0, "autotile": 1.0 }, "768_224": { "flipX": 1.0, "flipY": 1.0, "tileset": "golfoutside\/tile_wtg2", "coord": [ 12.0, 6.0 ], "autotile_index": 0.0, "autotile": 0.0 }, "0_224": { "flipX": 1.0, "flipY": 1.0, "tileset": "golfoutside\/tile_wtg2", "coord": [ 2.0, 2.0 ], "autotile_index": 0.0, "autotile": 1.0 }, "928_0": { "flipX": 1.0, "flipY": 1.0, "tileset": "golfoutside\/tile_wtg2", "coord": [ 2.0, 2.0 ], "autotile_index": 0.0, "autotile": 1.0 }, "32_480": { "flipX": 1.0, "flipY": 1.0, "tileset": "golfoutside\/tile_wtg2", "coord": [ 2.0, 2.0 ], "autotile_index": 0.0, "autotile": 1.0 }, "512_512": { "flipX": 1.0, "flipY": 1.0, "tileset": "golfoutside\/tile_wtg2", "coord": [ 2.0, 2.0 ], "autotile_index": 0.0, "autotile": 1.0 }, "896_32": { "flipX": 1.0, "flipY": 1.0, "tileset": "golfoutside\/tile_wtg2", "coord": [ 1.0, 2.0 ], "autotile_index": 0.0, "autotile": 1.0 }, "96_352": { "flipX": 1.0, "flipY": 1.0, "tileset": "golfoutside\/tile_wtg2", "coord": [ 4.0, 2.0 ], "autotile_index": 0.0, "autotile": 1.0 }, "32_0": { "flipX": 1.0, "flipY": 1.0, "tileset": "golfoutside\/tile_wtg2", "coord": [ 2.0, 2.0 ], "autotile_index": 0.0, "autotile": 1.0 }, "928_512": { "flipX": 1.0, "flipY": 1.0, "tileset": "golfoutside\/tile_wtg2", "coord": [ 2.0, 2.0 ], "autotile_index": 0.0, "autotile": 1.0 }, "256_480": { "flipX": 1.0, "flipY": 1.0, "tileset": "golfoutside\/tile_wtg2", "coord": [ 2.0, 2.0 ], "autotile_index": 0.0, "autotile": 1.0 }, "32_224": { "flipX": 1.0, "flipY": 1.0, "tileset": "golfoutside\/tile_wtg2", "coord": [ 2.0, 2.0 ], "autotile_index": 0.0, "autotile": 1.0 }, "928_160": { "flipX": 1.0, "flipY": 1.0, "tileset": "golfoutside\/tile_wtg2", "coord": [ 2.0, 2.0 ], "autotile_index": 0.0, "autotile": 1.0 }, "864_224": { "flipX": 1.0, "flipY": 1.0, "tileset": "golfoutside\/tile_wtg2", "coord": [ 0.0, 3.0 ], "autotile_index": 0.0, "autotile": 1.0 }, "768_448": { "flipX": 1.0, "flipY": 1.0, "tileset": "golfoutside\/tile_wtg2", "coord": [ 2.0, 1.0 ], "autotile_index": 0.0, "autotile": 1.0 }, "512_416": { "flipX": 1.0, "flipY": 1.0, "tileset": "golfoutside\/tile_wtg2", "coord": [ 2.0, 0.0 ], "autotile_index": 0.0, "autotile": 1.0 }, "0_96": { "flipX": 1.0, "flipY": 1.0, "tileset": "golfoutside\/tile_wtg2", "coord": [ 2.0, 2.0 ], "autotile_index": 0.0, "autotile": 1.0 }, "608_480": { "flipX": 1.0, "flipY": 1.0, "tileset": "golfoutside\/tile_wtg2", "coord": [ 2.0, 2.0 ], "autotile_index": 0.0, "autotile": 1.0 }, "672_192": { "flipX": 1.0, "flipY": 1.0, "tileset": "golfoutside\/tile_wtg2", "coord": [ 9.0, 5.0 ], "autotile_index": 0.0, "autotile": 0.0 }, "64_352": { "flipX": 1.0, "flipY": 1.0, "tileset": "golfoutside\/tile_wtg2", "coord": [ 3.0, 2.0 ], "autotile_index": 0.0, "autotile": 1.0 }, "0_512": { "flipX": 1.0, "flipY": 1.0, "tileset": "golfoutside\/tile_wtg2", "coord": [ 2.0, 2.0 ], "autotile_index": 0.0, "autotile": 1.0 }, "736_480": { "flipX": 1.0, "flipY": 1.0, "tileset": "golfoutside\/tile_wtg2", "coord": [ 2.0, 2.0 ], "autotile_index": 0.0, "autotile": 1.0 }, "96_320": { "flipX": 1.0, "flipY": 1.0, "tileset": "golfoutside\/tile_wtg2", "coord": [ 4.0, 3.0 ], "autotile_index": 0.0, "autotile": 1.0 }, "608_512": { "flipX": 1.0, "flipY": 1.0, "tileset": "golfoutside\/tile_wtg2", "coord": [ 2.0, 2.0 ], "autotile_index": 0.0, "autotile": 1.0 }, "928_480": { "flipX": 1.0, "flipY": 1.0, "tileset": "golfoutside\/tile_wtg2", "coord": [ 2.0, 2.0 ], "autotile_index": 0.0, "autotile": 1.0 }, "928_256": { "flipX": 1.0, "flipY": 1.0, "tileset": "golfoutside\/tile_wtg2", "coord": [ 2.0, 2.0 ], "autotile_index": 0.0, "autotile": 1.0 }, "96_384": { "flipX": 1.0, "flipY": 1.0, "tileset": "golfoutside\/tile_wtg2", "coord": [ 4.0, 1.0 ], "autotile_index": 0.0, "autotile": 1.0 }, "896_96": { "flipX": 1.0, "flipY": 1.0, "tileset": "golfoutside\/tile_wtg2", "coord": [ 1.0, 2.0 ], "autotile_index": 0.0, "autotile": 1.0 }, "32_416": { "flipX": 1.0, "flipY": 1.0, "tileset": "golfoutside\/tile_wtg2", "coord": [ 2.0, 2.0 ], "autotile_index": 0.0, "autotile": 1.0 }, "128_512": { "flipX": 1.0, "flipY": 1.0, "tileset": "golfoutside\/tile_wtg2", "coord": [ 2.0, 2.0 ], "autotile_index": 0.0, "autotile": 1.0 }, "320_512": { "flipX": 1.0, "flipY": 1.0, "tileset": "golfoutside\/tile_wtg2", "coord": [ 2.0, 2.0 ], "autotile_index": 0.0, "autotile": 1.0 }, "768_192": { "flipX": 1.0, "flipY": 1.0, "tileset": "golfoutside\/tile_wtg2", "coord": [ 12.0, 5.0 ], "autotile_index": 0.0, "autotile": 0.0 }, "928_352": { "flipX": 1.0, "flipY": 1.0, "tileset": "golfoutside\/tile_wtg2", "coord": [ 2.0, 2.0 ], "autotile_index": 0.0, "autotile": 1.0 }, "32_192": { "flipX": 1.0, "flipY": 1.0, "tileset": "golfoutside\/tile_wtg2", "coord": [ 2.0, 2.0 ], "autotile_index": 0.0, "autotile": 1.0 }, "64_32": { "flipX": 1.0, "flipY": 1.0, "tileset": "golfoutside\/tile_wtg2", "coord": [ 3.0, 2.0 ], "autotile_index": 0.0, "autotile": 1.0 }, "64_448": { "flipX": 1.0, "flipY": 1.0, "tileset": "golfoutside\/tile_wtg2", "coord": [ 5.0, 4.0 ], "autotile_index": 0.0, "autotile": 1.0 }, "224_512": { "flipX": 1.0, "flipY": 1.0, "tileset": "golfoutside\/tile_wtg2", "coord": [ 2.0, 2.0 ], "autotile_index": 0.0, "autotile": 1.0 }, "480_448": { "flipX": 1.0, "flipY": 1.0, "tileset": "golfoutside\/tile_wtg2", "coord": [ 2.0, 1.0 ], "autotile_index": 0.0, "autotile": 1.0 }, "768_416": { "flipX": 1.0, "flipY": 1.0, "tileset": "golfoutside\/tile_wtg2", "coord": [ 2.0, 0.0 ], "autotile_index": 0.0, "autotile": 1.0 }, "128_448": { "flipX": 1.0, "flipY": 1.0, "tileset": "golfoutside\/tile_wtg2", "coord": [ 2.0, 1.0 ], "autotile_index": 0.0, "autotile": 1.0 }, "544_448": { "flipX": 1.0, "flipY": 1.0, "tileset": "golfoutside\/tile_wtg2", "coord": [ 2.0, 1.0 ], "autotile_index": 0.0, "autotile": 1.0 }, "64_320": { "flipX": 1.0, "flipY": 1.0, "tileset": "golfoutside\/tile_wtg2", "coord": [ 3.0, 2.0 ], "autotile_index": 0.0, "autotile": 1.0 }, "160_512": { "flipX": 1.0, "flipY": 1.0, "tileset": "golfoutside\/tile_wtg2", "coord": [ 2.0, 2.0 ], "autotile_index": 0.0, "autotile": 1.0 }, "928_192": { "flipX": 1.0, "flipY": 1.0, "tileset": "golfoutside\/tile_wtg2", "coord": [ 2.0, 2.0 ], "autotile_index": 0.0, "autotile": 1.0 }, "64_480": { "flipX": 1.0, "flipY": 1.0, "tileset": "golfoutside\/tile_wtg2", "coord": [ 2.0, 2.0 ], "autotile_index": 0.0, "autotile": 1.0 }, "896_192": { "flipX": 1.0, "flipY": 1.0, "tileset": "golfoutside\/tile_wtg2", "coord": [ 1.0, 2.0 ], "autotile_index": 0.0, "autotile": 1.0 }, "704_480": { "flipX": 1.0, "flipY": 1.0, "tileset": "golfoutside\/tile_wtg2", "coord": [ 2.0, 2.0 ], "autotile_index": 0.0, "autotile": 1.0 }, "736_448": { "flipX": 1.0, "flipY": 1.0, "tileset": "golfoutside\/tile_wtg2", "coord": [ 2.0, 1.0 ], "autotile_index": 0.0, "autotile": 1.0 }, "0_128": { "flipX": 1.0, "flipY": 1.0, "tileset": "golfoutside\/tile_wtg2", "coord": [ 2.0, 2.0 ], "autotile_index": 0.0, "autotile": 1.0 }, "640_224": { "flipX": 1.0, "flipY": 1.0, "tileset": "golfoutside\/tile_wtg2", "coord": [ 8.0, 6.0 ], "autotile_index": 0.0, "autotile": 0.0 }, "736_512": { "flipX": 1.0, "flipY": 1.0, "tileset": "golfoutside\/tile_wtg2", "coord": [ 2.0, 2.0 ], "autotile_index": 0.0, "autotile": 1.0 }, "64_288": { "flipX": 1.0, "flipY": 1.0, "tileset": "golfoutside\/tile_wtg2", "coord": [ 3.0, 2.0 ], "autotile_index": 0.0, "autotile": 1.0 }, "160_480": { "flipX": 1.0, "flipY": 1.0, "tileset": "golfoutside\/tile_wtg2", "coord": [ 2.0, 2.0 ], "autotile_index": 0.0, "autotile": 1.0 }, "224_416": { "flipX": 1.0, "flipY": 1.0, "tileset": "golfoutside\/tile_wtg2", "coord": [ 2.0, 0.0 ], "autotile_index": 0.0, "autotile": 1.0 }, "64_128": { "flipX": 1.0, "flipY": 1.0, "tileset": "golfoutside\/tile_wtg2", "coord": [ 3.0, 2.0 ], "autotile_index": 0.0, "autotile": 1.0 }, "0_352": { "flipX": 1.0, "flipY": 1.0, "tileset": "golfoutside\/tile_wtg2", "coord": [ 2.0, 2.0 ], "autotile_index": 0.0, "autotile": 1.0 }, "640_416": { "flipX": 1.0, "flipY": 1.0, "tileset": "golfoutside\/tile_wtg2", "coord": [ 3.0, 0.0 ], "autotile_index": 0.0, "autotile": 1.0 }, "800_512": { "flipX": 1.0, "flipY": 1.0, "tileset": "golfoutside\/tile_wtg2", "coord": [ 2.0, 2.0 ], "autotile_index": 0.0, "autotile": 1.0 }, "896_384": { "flipX": 1.0, "flipY": 1.0, "tileset": "golfoutside\/tile_wtg2", "coord": [ 1.0, 2.0 ], "autotile_index": 0.0, "autotile": 1.0 }, "608_416": { "flipX": 1.0, "flipY": 1.0, "tileset": "golfoutside\/tile_wtg2", "coord": [ 1.0, 0.0 ], "autotile_index": 0.0, "autotile": 1.0 }, "896_288": { "flipX": 1.0, "flipY": 1.0, "tileset": "golfoutside\/tile_wtg2", "coord": [ 1.0, 2.0 ], "autotile_index": 0.0, "autotile": 1.0 }, "64_384": { "flipX": 1.0, "flipY": 1.0, "tileset": "golfoutside\/tile_wtg2", "coord": [ 3.0, 2.0 ], "autotile_index": 0.0, "autotile": 1.0 }, "352_480": { "flipX": 1.0, "flipY": 1.0, "tileset": "golfoutside\/tile_wtg2", "coord": [ 2.0, 2.0 ], "autotile_index": 0.0, "autotile": 1.0 }, "896_480": { "flipX": 1.0, "flipY": 1.0, "tileset": "golfoutside\/tile_wtg2", "coord": [ 2.0, 2.0 ], "autotile_index": 0.0, "autotile": 1.0 }, "864_96": { "flipX": 1.0, "flipY": 1.0, "tileset": "golfoutside\/tile_wtg2", "coord": [ 0.0, 2.0 ], "autotile_index": 0.0, "autotile": 1.0 }, "0_416": { "flipX": 1.0, "flipY": 1.0, "tileset": "golfoutside\/tile_wtg2", "coord": [ 2.0, 2.0 ], "autotile_index": 0.0, "autotile": 1.0 }, "736_224": { "flipX": 1.0, "flipY": 1.0, "tileset": "golfoutside\/tile_wtg2", "coord": [ 11.0, 6.0 ], "autotile_index": 0.0, "autotile": 0.0 }, "0_256": { "flipX": 1.0, "flipY": 1.0, "tileset": "golfoutside\/tile_wtg2", "coord": [ 2.0, 2.0 ], "autotile_index": 0.0, "autotile": 1.0 }, "96_64": { "flipX": 1.0, "flipY": 1.0, "tileset": "golfoutside\/tile_wtg2", "coord": [ 4.0, 1.0 ], "autotile_index": 0.0, "autotile": 1.0 }, "96_448": { "flipX": 1.0, "flipY": 1.0, "tileset": "golfoutside\/tile_wtg2", "coord": [ 2.0, 1.0 ], "autotile_index": 0.0, "autotile": 1.0 }, "320_448": { "flipX": 1.0, "flipY": 1.0, "tileset": "golfoutside\/tile_wtg2", "coord": [ 2.0, 1.0 ], "autotile_index": 0.0, "autotile": 1.0 }, "96_256": { "flipX": 1.0, "flipY": 1.0, "tileset": "golfoutside\/tile_wtg2", "coord": [ 4.0, 2.0 ], "autotile_index": 0.0, "autotile": 1.0 }, "64_224": { "flipX": 1.0, "flipY": 1.0, "tileset": "golfoutside\/tile_wtg2", "coord": [ 3.0, 2.0 ], "autotile_index": 0.0, "autotile": 1.0 }, "32_448": { "flipX": 1.0, "flipY": 1.0, "tileset": "golfoutside\/tile_wtg2", "coord": [ 2.0, 2.0 ], "autotile_index": 0.0, "autotile": 1.0 }, "704_96": { "flipX": 1.0, "flipY": 1.0, "tileset": "golfoutside\/tile_wtg2", "coord": [ 8.0, 23.0 ], "autotile_index": 0.0, "autotile": 0.0 }, "896_416": { "flipX": 1.0, "flipY": 1.0, "tileset": "golfoutside\/tile_wtg2", "coord": [ 1.0, 2.0 ], "autotile_index": 0.0, "autotile": 1.0 }, "704_448": { "flipX": 1.0, "flipY": 1.0, "tileset": "golfoutside\/tile_wtg2", "coord": [ 2.0, 1.0 ], "autotile_index": 0.0, "autotile": 1.0 }, "864_448": { "flipX": 1.0, "flipY": 1.0, "tileset": "golfoutside\/tile_wtg2", "coord": [ 2.0, 1.0 ], "autotile_index": 0.0, "autotile": 1.0 }, "864_480": { "flipX": 1.0, "flipY": 1.0, "tileset": "golfoutside\/tile_wtg2", "coord": [ 2.0, 2.0 ], "autotile_index": 0.0, "autotile": 1.0 }, "928_224": { "flipX": 1.0, "flipY": 1.0, "tileset": "golfoutside\/tile_wtg2", "coord": [ 2.0, 2.0 ], "autotile_index": 0.0, "autotile": 1.0 }, "928_416": { "flipX": 1.0, "flipY": 1.0, "tileset": "golfoutside\/tile_wtg2", "coord": [ 2.0, 2.0 ], "autotile_index": 0.0, "autotile": 1.0 }, "32_256": { "flipX": 1.0, "flipY": 1.0, "tileset": "golfoutside\/tile_wtg2", "coord": [ 2.0, 2.0 ], "autotile_index": 0.0, "autotile": 1.0 }, "832_416": { "flipX": 1.0, "flipY": 1.0, "tileset": "golfoutside\/tile_wtg2", "coord": [ 3.0, 0.0 ], "autotile_index": 0.0, "autotile": 1.0 }, "864_192": { "flipX": 1.0, "flipY": 1.0, "tileset": "golfoutside\/tile_wtg2", "coord": [ 0.0, 3.0 ], "autotile_index": 0.0, "autotile": 1.0 }, "352_448": { "flipX": 1.0, "flipY": 1.0, "tileset": "golfoutside\/tile_wtg2", "coord": [ 2.0, 1.0 ], "autotile_index": 0.0, "autotile": 1.0 }, "64_96": { "flipX": 1.0, "flipY": 1.0, "tileset": "golfoutside\/tile_wtg2", "coord": [ 3.0, 2.0 ], "autotile_index": 0.0, "autotile": 1.0 }, "256_416": { "flipX": 1.0, "flipY": 1.0, "tileset": "golfoutside\/tile_wtg2", "coord": [ 2.0, 0.0 ], "autotile_index": 0.0, "autotile": 1.0 }, "576_480": { "flipX": 1.0, "flipY": 1.0, "tileset": "golfoutside\/tile_wtg2", "coord": [ 2.0, 2.0 ], "autotile_index": 0.0, "autotile": 1.0 }, "928_384": { "flipX": 1.0, "flipY": 1.0, "tileset": "golfoutside\/tile_wtg2", "coord": [ 2.0, 2.0 ], "autotile_index": 0.0, "autotile": 1.0 }, "0_160": { "flipX": 1.0, "flipY": 1.0, "tileset": "golfoutside\/tile_wtg2", "coord": [ 2.0, 2.0 ], "autotile_index": 0.0, "autotile": 1.0 }, "640_192": { "flipX": 1.0, "flipY": 1.0, "tileset": "golfoutside\/tile_wtg2", "coord": [ 8.0, 5.0 ], "autotile_index": 0.0, "autotile": 0.0 }, "416_416": { "flipX": 1.0, "flipY": 1.0, "tileset": "golfoutside\/tile_wtg2", "coord": [ 3.0, 0.0 ], "autotile_index": 0.0, "autotile": 1.0 }, "96_288": { "flipX": 1.0, "flipY": 1.0, "tileset": "golfoutside\/tile_wtg2", "coord": [ 4.0, 2.0 ], "autotile_index": 0.0, "autotile": 1.0 }, "928_32": { "flipX": 1.0, "flipY": 1.0, "tileset": "golfoutside\/tile_wtg2", "coord": [ 2.0, 2.0 ], "autotile_index": 0.0, "autotile": 1.0 }, "800_416": { "flipX": 1.0, "flipY": 1.0, "tileset": "golfoutside\/tile_wtg2", "coord": [ 2.0, 0.0 ], "autotile_index": 0.0, "autotile": 1.0 }, "480_480": { "flipX": 1.0, "flipY": 1.0, "tileset": "golfoutside\/tile_wtg2", "coord": [ 2.0, 2.0 ], "autotile_index": 0.0, "autotile": 1.0 }, "704_416": { "flipX": 1.0, "flipY": 1.0, "tileset": "golfoutside\/tile_wtg2", "coord": [ 1.0, 0.0 ], "autotile_index": 0.0, "autotile": 1.0 }, "864_288": { "flipX": 1.0, "flipY": 1.0, "tileset": "golfoutside\/tile_wtg2", "coord": [ 0.0, 2.0 ], "autotile_index": 0.0, "autotile": 1.0 }, "32_384": { "flipX": 1.0, "flipY": 1.0, "tileset": "golfoutside\/tile_wtg2", "coord": [ 2.0, 2.0 ], "autotile_index": 0.0, "autotile": 1.0 }, "896_64": { "flipX": 1.0, "flipY": 1.0, "tileset": "golfoutside\/tile_wtg2", "coord": [ 1.0, 2.0 ], "autotile_index": 0.0, "autotile": 1.0 }, "864_416": { "flipX": 1.0, "flipY": 1.0, "tileset": "golfoutside\/tile_wtg2", "coord": [ 8.0, 3.0 ], "autotile_index": 0.0, "autotile": 1.0 }, "704_160": { "flipX": 1.0, "flipY": 1.0, "tileset": "golfoutside\/tile_wtg2", "coord": [ 8.0, 25.0 ], "autotile_index": 0.0, "autotile": 0.0 }, "736_192": { "flipX": 1.0, "flipY": 1.0, "tileset": "golfoutside\/tile_wtg2", "coord": [ 11.0, 5.0 ], "autotile_index": 0.0, "autotile": 0.0 }, "832_448": { "flipX": 1.0, "flipY": 1.0, "tileset": "golfoutside\/tile_wtg2", "coord": [ 2.0, 1.0 ], "autotile_index": 0.0, "autotile": 1.0 }, "864_0": { "flipX": 1.0, "flipY": 1.0, "tileset": "golfoutside\/tile_wtg2", "coord": [ 0.0, 1.0 ], "autotile_index": 0.0, "autotile": 1.0 }, "544_512": { "flipX": 1.0, "flipY": 1.0, "tileset": "golfoutside\/tile_wtg2", "coord": [ 2.0, 2.0 ], "autotile_index": 0.0, "autotile": 1.0 }, "640_512": { "flipX": 1.0, "flipY": 1.0, "tileset": "golfoutside\/tile_wtg2", "coord": [ 2.0, 2.0 ], "autotile_index": 0.0, "autotile": 1.0 }, "160_448": { "flipX": 1.0, "flipY": 1.0, "tileset": "golfoutside\/tile_wtg2", "coord": [ 2.0, 1.0 ], "autotile_index": 0.0, "autotile": 1.0 }, "384_448": { "flipX": 1.0, "flipY": 1.0, "tileset": "golfoutside\/tile_wtg2", "coord": [ 2.0, 1.0 ], "autotile_index": 0.0, "autotile": 1.0 }, "32_32": { "flipX": 1.0, "flipY": 1.0, "tileset": "golfoutside\/tile_wtg2", "coord": [ 2.0, 2.0 ], "autotile_index": 0.0, "autotile": 1.0 }, "288_512": { "flipX": 1.0, "flipY": 1.0, "tileset": "golfoutside\/tile_wtg2", "coord": [ 2.0, 2.0 ], "autotile_index": 0.0, "autotile": 1.0 }, "672_480": { "flipX": 1.0, "flipY": 1.0, "tileset": "golfoutside\/tile_wtg2", "coord": [ 2.0, 2.0 ], "autotile_index": 0.0, "autotile": 1.0 }, "96_0": { "flipX": 1.0, "flipY": 1.0, "tileset": "golfoutside\/tile_wtg2", "coord": [ 4.0, 2.0 ], "autotile_index": 0.0, "autotile": 1.0 }, "672_416": { "flipX": 1.0, "flipY": 1.0, "tileset": "golfoutside\/tile_wtg2", "coord": [ 1.0, 0.0 ], "autotile_index": 0.0, "autotile": 1.0 }, "864_384": { "flipX": 1.0, "flipY": 1.0, "tileset": "golfoutside\/tile_wtg2", "coord": [ 0.0, 1.0 ], "autotile_index": 0.0, "autotile": 1.0 }, "864_320": { "flipX": 1.0, "flipY": 1.0, "tileset": "golfoutside\/tile_wtg2", "coord": [ 0.0, 1.0 ], "autotile_index": 0.0, "autotile": 1.0 }, "896_160": { "flipX": 1.0, "flipY": 1.0, "tileset": "golfoutside\/tile_wtg2", "coord": [ 1.0, 2.0 ], "autotile_index": 0.0, "autotile": 1.0 }, "192_480": { "flipX": 1.0, "flipY": 1.0, "tileset": "golfoutside\/tile_wtg2", "coord": [ 2.0, 2.0 ], "autotile_index": 0.0, "autotile": 1.0 }, "64_64": { "flipX": 1.0, "flipY": 1.0, "tileset": "golfoutside\/tile_wtg2", "coord": [ 3.0, 2.0 ], "autotile_index": 0.0, "autotile": 1.0 }, "384_512": { "flipX": 1.0, "flipY": 1.0, "tileset": "golfoutside\/tile_wtg2", "coord": [ 2.0, 2.0 ], "autotile_index": 0.0, "autotile": 1.0 }, "512_480": { "flipX": 1.0, "flipY": 1.0, "tileset": "golfoutside\/tile_wtg2", "coord": [ 2.0, 2.0 ], "autotile_index": 0.0, "autotile": 1.0 }, "832_480": { "flipX": 1.0, "flipY": 1.0, "tileset": "golfoutside\/tile_wtg2", "coord": [ 2.0, 2.0 ], "autotile_index": 0.0, "autotile": 1.0 } } }, "backgrounds": { "5": { "x": -57.0, "scroll_y": 1.0, "panic_sprite": -1.0, "hspeed": 0.0, "tile_y": 1.0, "character": "None", "y": -3.0, "escape": "None", "tile_x": 1.0, "sprite": "golfoutside\/bg3_wtg1 - Copy", "vspeed": 0.0, "image_speed": 15.0, "scroll_x": 1.0 }, "6": { "x": 14.0, "scroll_y": 1.0, "panic_sprite": -1.0, "hspeed": 1.0, "tile_y": 0.0, "character": "None", "y": -1.0, "escape": "None", "tile_x": 1.0, "sprite": "golfoutside\/bg2_wtg2", "vspeed": 0.0, "image_speed": 15.0, "scroll_x": 1.0 }, "7": { "x": 0.0, "scroll_y": 1.0, "panic_sprite": -1.0, "hspeed": 0.0, "tile_y": 1.0, "character": "None", "y": 0.0, "escape": "None", "tile_x": 1.0, "sprite": "golfoutside\/bg1_wtg2", "vspeed": 0.0, "image_speed": 15.0, "scroll_x": 1.0 } }, "isNoiseUpdate": 1.0 }