{ "properties": { "song": "", "songTransitionTime": 100.0, "pausecombo": 0.0, "roomX": 0.0, "levelWidth": 960.0, "roomY": 0.0, "levelHeight": 540.0 }, "editorVersion": 6.0, "instances": [ { "layer": 0.0, "object": "obj_solid", "deleted": 0.0, "variables": { "x": 0.0, "flipX": 0.0, "y": 416.0, "flipY": 0.0, "image_xscale": 30.0, "image_yscale": 4.0 } }, { "layer": 0.0, "object": "obj_doorA", "deleted": 0.0, "variables": { "x": 187.0, "flipX": 0.0, "y": 383.0, "flipY": 0.0, "image_xscale": 1.0, "image_yscale": 1.0 } }, { "layer": 0.0, "object": "obj_tutorialbook", "deleted": 0.0, "variables": { "x": 64.0, "flipX": 0.0, "y": -53.0, "flipY": 0.0 } }, { "layer": 0.0, "object": "obj_solid", "deleted": 0.0, "variables": { "x": 0.0, "flipX": 0.0, "y": 0.0, "flipY": 0.0, "image_xscale": 2.0, "image_yscale": 13.0 } }, { "layer": 0.0, "object": "obj_solid", "deleted": 0.0, "variables": { "x": 64.0, "flipX": 0.0, "y": 0.0, "flipY": 0.0, "image_xscale": 28.0, "image_yscale": 5.0 } }, { "layer": 0.0, "object": "obj_solid", "deleted": 0.0, "variables": { "x": 896.0, "flipX": 0.0, "y": 160.0, "flipY": 0.0, "image_xscale": 3.0, "image_yscale": 8.0 } }, { "layer": 0.0, "object": "obj_platform", "deleted": 0.0, "variables": { "x": 647.0, "flipX": 0.0, "y": 322.0, "flipY": 0.0, "image_xscale": 3.0, "image_yscale": 1.0 } }, { "layer": 0.0, "object": "obj_treasure", "deleted": 0.0, "variables": { "player": "false", "x": 673.0, "flipX": 0.0, "y": 291.0, "flipY": 0.0, "image_xscale": 1.0, "image_yscale": 1.0, "value": 1.0, "sprite_index": "golflab\/wtgtreasure" } }, { "layer": 0.0, "object": "obj_doorF", "deleted": 0.0, "variables": { "x": 192.0, "flipX": 0.0, "y": 384.0, "flipY": 0.0 } }, { "layer": 0.0, "object": "obj_door", "deleted": 0.0, "variables": { "targetDoor": "F", "x": 160.0, "flipX": 0.0, "y": 320.0, "flipY": 0.0, "image_xscale": 1.0, "visible": "false", "image_yscale": 1.0, "targetRoom": "mainescape" } }, { "layer": 0.0, "object": "obj_doorD", "deleted": 0.0, "variables": { "x": 192.0, "flipX": 0.0, "y": 384.0, "flipY": 0.0 } }, { "layer": 0.0, "object": "obj_doorE", "deleted": 0.0, "variables": { "x": 192.0, "flipX": 0.0, "y": 384.0, "flipY": 0.0 } }, { "layer": 0.0, "object": "obj_doorC", "deleted": 0.0, "variables": { "x": 192.0, "flipX": 0.0, "y": 384.0, "flipY": 0.0 } }, { "layer": 0.0, "object": "obj_doorB", "deleted": 0.0, "variables": { "x": 192.0, "flipX": 0.0, "y": 384.0, "flipY": 0.0 } }, { "layer": 0.0, "object": "obj_spike", "deleted": 1.0, "variables": { "x": 650.0, "flipX": 0.0, "y": 266.0, "flipY": 0.0, "image_xscale": 0.875, "image_yscale": 0.875, "sprite_index": "spr_glassblock" } } ], "isNoiseUpdate": 1.0, "backgrounds": { "5": { "x": 0.0, "scroll_y": 1.0, "panic_sprite": -1.0, "tile_y": 0.0, "hspeed": 0.0, "character": "None", "y": 0.0, "escape": "None", "tile_x": 0.0, "sprite": "bg_treasure", "vspeed": 0.0, "image_speed": "15", "scroll_x": 1.0 } }, "tile_data": { } }