{ "properties": { "song": "noisetrans", "songTransitionTime": 100.0, "pausecombo": 339371989371928352653312.0, "roomX": 0.0, "levelWidth": 960.0, "roomY": 0.0, "levelHeight": 540.0 }, "editorVersion": 6.0, "instances": [ { "layer": 0.0, "object": "obj_sprite", "deleted": 0.0, "variables": { "x": -4.5, "flipX": 0.0, "y": -1.5, "flipY": 0.0, "image_xscale": 1.00625002384185791015625, "image_yscale": 1.0074074268341064453125, "image_speed": 0.050000000000000002775557561562891, "sprite_index": "golflab\/greaseunlocknoisepng" } }, { "layer": 0.0, "object": "obj_solid", "deleted": 0.0, "variables": { "x": 704.0, "flipX": 0.0, "y": -64.0, "flipY": 0.0, "image_xscale": 2.0, "image_yscale": 1.0 } }, { "layer": 0.0, "object": "obj_doorA", "deleted": 0.0, "variables": { "x": 704.0, "flipX": 0.0, "y": -64.0, "flipY": 0.0 } }, { "layer": 0.0, "object": "obj_tutorialbook", "deleted": 0.0, "variables": { "x": 0.0, "flipX": 0.0, "y": -245.0, "flipY": 0.0 } }, { "layer": 0.0, "object": "obj_verticalhallway", "deleted": 0.0, "variables": { "targetDoor": "A", "x": 702.0, "flipX": 0.0, "y": -227.0, "flipY": 0.0, "image_xscale": 1.0, "image_yscale": 0.8125, "targetRoom": "c2p1", "vspeed": 1.0 } } ], "isNoiseUpdate": 1.0, "backgrounds": { }, "tile_data": { } }