{ "properties": { "song": "", "songTransitionTime": 100.0, "pausecombo": 0.0, "roomX": 0.0, "levelWidth": 960.0, "roomY": 0.0, "levelHeight": 540.0 }, "editorVersion": 6.0, "instances": [ { "layer": 0.0, "object": "obj_solid", "deleted": 0.0, "variables": { "x": 0.0, "flipX": 0.0, "y": 416.0, "flipY": 0.0, "image_xscale": 30.0, "image_yscale": 4.0 } }, { "layer": 0.0, "object": "obj_timedgateclock", "deleted": 0.0, "variables": { "x": 608.0, "flipX": 0.0, "y": 288.0, "flipY": 0.0, "image_xscale": 1.0, "image_yscale": 1.0, "time_max": 200.0 } }, { "layer": 0.0, "object": "obj_doorA", "deleted": 0.0, "variables": { "x": 512.0, "flipX": 0.0, "y": 384.0, "flipY": 0.0 } }, { "layer": 0.0, "object": "obj_variable", "deleted": 0.0, "variables": { "x": 320.0, "flipX": 0.0, "image_xscale": 1.0, "multi": "true", "name": "timedgatetime", "on_touch": "true", "flipY": 0.0, "y": 256.0, "image_yscale": 1.0, "on_start": "false", "value": 100.0 } } ], "isNoiseUpdate": 1.0, "backgrounds": { }, "tile_data": { } }